nome_artigo,abstract,doi,tema_principal,subtemas
Multifaceted Strategy Based On Automated Text Messaging After A Recent Heart Failure Admission,"Importance: Readmissions after an index heart failure (HF) hospitalization are a major contemporary health care problem. Objective: To evaluate the feasibility and efficacy of an intensive telemonitoring strategy in the vulnerable period after an HF hospitalization. Design, Setting, and Participants: This randomized clinical trial was conducted in 30 HF clinics in Brazil. Patients with left ventricular ejection fraction less than 40% and access to mobile phones were enrolled up to 30 days after an HF admission. Data were collected from July 2019 to July 2022. Intervention: Participants were randomly assigned to a telemonitoring strategy or standard care. The telemonitoring group received 4 daily short message service text messages to optimize self-care, active engagement, and early intervention. Red flags based on feedback messages triggered automatic diuretic adjustment and/or a telephone call from the health care team. Main Outcomes and Measures: The primary end point was change in N-terminal pro-brain natriuretic peptide (NT-proBNP) from baseline to 180 days. A hierarchical win-ratio analysis incorporating blindly adjudicated clinical events (cardiovascular deaths and HF hospitalization) and variation in NT-proBNP was also performed. Results: Of 699 included patients, 460 (65.8%) were male, and the mean (SD) age was 61.2 (14.5) years. A total of 352 patients were randomly assigned to the telemonitoring strategy and 347 to standard care. Satisfaction with the telemonitoring strategy was excellent (net promoting score at 180 days, 78.5). HF self-care increased significantly in the telemonitoring group compared with the standard care group (score difference at 30 days, -2.21; 95% CI, -3.67 to -0.74; P = .001; score difference at 180 days, -2.08; 95% CI, -3.59 to -0.57; P = .004). Variation of NT-proBNP was similar in the telemonitoring group compared with the standard care group (telemonitoring: baseline, 2593 pg/mL; 95% CI, 2314-2923; 180 days, 1313 pg/mL; 95% CI, 1117-1543; standard care: baseline, 2396 pg/mL; 95% CI, 2122-2721; 180 days, 1319 pg/mL; 95% CI, 1114-1564; ratio of change, 0.92; 95% CI, 0.77-1.11; P = .39). Hierarchical analysis of the composite outcome demonstrated a similar number of wins in both groups (telemonitoring, 49 883 of 122 144 comparisons [40.8%]; standard care, 48 034 of 122 144 comparisons [39.3%]; win ratio, 1.04; 95% CI, 0.86-1.26). Conclusions and Relevance: An intensive telemonitoring strategy applied in the vulnerable period after an HF admission was feasible, well-accepted, and increased scores of HF self-care but did not translate to reductions in NT-proBNP levels nor improvement in a composite hierarchical clinical outcome. Trial Registration: ClinicalTrials.gov Identifier: NCT04062461.",10.1001/jamacardio.2023.4501,Eficiência Energética,redução do consumo energético em processos produtivos; tecnologias e equipamentos de alta eficiência
Reevaluating Nonoperative Management For Pediatric Uncomplicated Acute Appendicitis,"Importance: Nonoperative management (NOM) has emerged as a potential alternative to surgery for acute uncomplicated appendicitis in children; however, while short-term outcomes are often favorable, concerns remain about treatment durability, complication rates, and long-term failure. An updated meta-analysis of randomized clinical trials (RCTs) may help clarify the comparative safety and effectiveness of NOM vs appendectomy. Objective: To evaluate the safety and effectiveness of NOM compared with appendectomy for uncomplicated appendicitis in children using the highest level of available evidence. Data Sources: A systematic review of PubMed, Embase, Scopus, Cochrane, and Web of Science was conducted from inception through March 2025 to identify randomized clinical trials comparing NOM with surgical management in pediatric patients. Study Selection: RCTs comparing NOM vs surgical management in pediatric patients younger than 18 years were included. Nonrandomized and quasi-randomized studies were excluded. Data Extraction and Synthesis: Data were extracted following Preferred Reporting Items for Systematic Reviews and Meta-Analyses guidelines. Meta-analyses were conducted using random-effects models. Risk of bias was assessed independently by multiple reviewers. Trial sequential analysis was performed to determine whether the evidence was sufficiently robust and conclusive. Main Outcomes and Measures: The primary outcomes were treatment failure and treatment success in 1 year and major complications (Clavien-Dindo grade ≥IIIb). Secondary outcomes included time to return to school and time to return to normal activity. Results: Of 1246 studies screened, 7 RCTs, including 1480 pediatric patients, met inclusion criteria. Treatment failure was significantly higher in the NOM group than in the appendectomy group at 1 year (risk ratio [RR], 4.97; 95% CI, 3.57-6.91; I2 = 0.0%). Treatment success was significantly lower in the NOM group at 1 year (RR, 0.67; 95% CI, 0.60-0.75; I2 = 31.1%). Major complications classified as Clavien-Dindo grade IIIb or worse were more frequent in the NOM group (RR, 33.37; 95% CI, 7.89-141.05; I2 = 9.5%). Appendicitis recurred at a rate of 18.47 events/100 observations (95% CI, 12.62-25.07 events/100 observations; I2 = 48.5%) among patients who received NOM. NOM, compared with appendectomy, was associated with a modestly faster return to school (mean difference, -1.36 days; 95% CI, -2.64 to -0.08 days; P = .04; I2 = 57.7%) and return to normal activities (-4.93 days; 95% CI, -8.68 to -1.19 days; P = .01; I2 = 87.2%), although this may be offset by subsequent readmissions or reintervention. Trial sequential analysis demonstrated the robustness and conclusiveness of primary outcomes. Conclusions and Relevance: In contrast to earlier studies, this meta-analysis found significantly higher treatment failure and major complication rates within a year with NOM among children and adolescents. The meta-analysis provides pediatricians and pediatric surgeons with up-to-date data to inform shared decision-making with families and encourage individualized, patient-centered treatment.",10.1001/jamapediatrics.2025.4091,Eficiência Energética,redução do consumo energético em processos produtivos; tecnologias e equipamentos de alta eficiência
Weight Management For Chronic Low Back Pain,OBJECTIVES: This is a protocol for a Cochrane Review (intervention). The objectives are as follows: To evaluate the benefits and harms of weight management interventions for chronic non-specific low back pain in adults.,10.1002/14651858.CD016276,Eficiência Energética,redução do consumo energético em processos produtivos
"Revisiting Phylogeny, Systematics, And Biogeography Of A Pleistocene Radiation","PREMISE: Pilosocereus (Cactaceae) is an important dry forest element in all subregions and transitional zones of the neotropics, with the highest diversity in eastern Brazil. The genus is subdivided into informal taxonomic groups; however, most of these are not supported by recent molecular phylogenetic inferences. This lack of confidence is probably due to the use of an insufficient number of loci and the complexity of cactus diversification. Here, we explored the species relationships in Pilosocereus in more detail, integrating multilocus phylogenetic approaches with the assessment of the ancestral range and the effect of geography on diversification shifts. METHODS: We used 28 nuclear, plastid, and mitochondrial loci from 54 plant samples of 31 Pilosocereus species for phylogenetic analyses. We used concatenated and coalescent phylogenetic trees and Bayesian models to estimate the most likely ancestral range and diversification shifts. RESULTS: All Pilosocereus species were clustered in the same branch, except P. bohlei. The phylogenetic relationships were more associated with the geographic distribution than taxonomic affinities among taxa. The genus began diversifying during the Plio-Pleistocene transition in the Caatinga domain and experienced an increased diversification rate during the Calabrian age. CONCLUSIONS: We recovered a well-supported multispecies coalescent phylogeny. Our results refine the pattern of rapid diversification of Pilosocereus species across neotropical drylands during the Pleistocene and highlight the need for taxonomic rearrangements in the genus. We recovered a pulse of diversification during the Pleistocene that was likely driven by multiple dispersal and vicariance events within and among the Caatinga, Cerrado, and Atlantic Forest domains.",10.1002/ajb2.16134,Exploração Mineral Sustentável,minerais críticos; metais prioritários para a transição energética
"Association Among 25-Hydroxyvitamin D Levels, Hypertriglyceridemic-Waist Phenotype, And Cardiometabolic Markers In Individuals With Type 2 Diabetes Mellitus From Regions With High Solar Incidence","OBJECTIVE: To evaluate the relationship between vitamin D status and hypertriglyceridemic-waist (HTW) phenotype and cardiometabolic markers in individuals with type 2 diabetes mellitus (T2DM) living in regions with high solar incidence (10° south). METHODS: An observational, cross-sectional study, with 122 individuals with T2DM, of both sexes, aged between 19 and 59 years, residing in Sergipe/Brazil. Measurements included serum 25-hydroxyvitamin D (25[OH]D), glucose, insulin, total cholesterol, LDL-c, HDL-c, triacylglycerols, blood pressure, body mass index, %body fat, and waist circumference. Participants were classified by the presence or absence of the HTW phenotype, according to increased waist circumference and triacylglycerols concentrations. Logistic and linear regression models were applied to verify the association among the concentration of 25(OH)D, HTW phenotype, and lipid profile variables. RESULTS: Triacylglycerols concentrations (p = .013) and %body fat (p = .011) were higher in women with serum 25(OH)D insufficient/deficient than in those with adequate 25(OH)D levels. Individuals with serum 25(OH)D insufficiency/deficiency were 2.595 times more likely to present the HTW phenotype than those with adequate 25(OH)D levels (p = .021). Additionally, a negative association was observed between the concentration of 25(OH)D and total cholesterol (Beta = -0.204, p = .049). CONCLUSION: Insufficiency/deficiency of serum 25(OH)D in individuals with T2DM increases the chances of developing the HTW phenotype.",10.1002/ajhb.23999,Eficiência Energética,redução do consumo energético em processos produtivos; tecnologias e equipamentos de alta eficiência
Elmo2</i> Biallelic Pathogenic Variants In A Patient With Gingival Hypertrophy And Cherubism Phenotype: Case Report And Molecular Review,"Ramon syndrome (OMIM #266270) was first described in a patient with cherubism, gingival fibromatosis, epilepsy, intellectual disability, hypertrichosis, and stunted growth. In 2018, Mehawej et al. described a patient with Ramon syndrome in whom a homozygous variant in ELMO2 was identified, suggesting that this gene may be the causative for this syndrome. ELMO2 biallelic pathogenic variants were also described in patients with a primary intraosseous vascular malformation (PIVM; OMIM #606893). These patients presented gingival bleeding and cherubism phenotype. Herein, a patient with gingival hypertrophy, neurodevelopmental delay, and cherubism phenotype with a novel homozygous predicted loss-of-function (LOF) variant in the ELMO2 gene and family recurrence was reported. A surgical approach to treat gingival bleeding and mandible vascular malformation was also described. Furthermore, this study includes a comprehensive literature review of molecular data regarding the ELMO2 gene. All the variants, except one described in the ELMO2, were predicted as LOF, including our patient's variant. There is an overlapping between PIVM, also caused by LOF biallelic variants in the ELMO2 gene, and Ramon syndrome, which can suggest that they are not different entities. However, due to a limited number of cases described with molecular evaluation, it is hard to establish a genotype-phenotype correlation. Our study supports that LOF pathogenic biallelic variants in the ELMO2 gene cause a phenotype that has cherubism and gingival hypertrophy as main characteristics.",10.1002/ajmg.a.63602,Exploração Mineral Sustentável,minerais críticos; metais prioritários para a transição energética
"Performance Of Autonomous Recorders To Detect A Cryptic And Endangered Primate Species, The Black Lion-Tamarin ( )","Information about species distribution is important for conservation but the monitoring of populations can demand a high sampling effort with traditional methods (e.g., line transects, sound playback) that are poorly efficient for cryptic primates, such as the black lion tamarin (Leontopithecus chrysopygus). Here we investigated the effectiveness of passive acoustic monitoring (PAM) as an alternative method to identify the presence of vocalizing lion tamarins in the wild. We aimed to: (1) determine the maximum distance at which autonomous recorders (Song Meter 3) and Raven Pro acoustic software can respectively detect and identify lion tamarin long calls emitted by two captive subjects (ex situ study); and (2) determine the sampling effort required to confirm the presence of the species in the wild (in situ study). In captive settings, we recorded lion tamarin long calls with one to two autonomous recorders operating at increasing distances from the animals' enclosure (8-202 m). In a 515 ha forest fragment, we deployed 12 recorders in a grid, 300 m apart from each other, within the estimated 100 ha home range of one group, and let them record for 10 consecutive days, totaling 985 h. In the ex situ study, hand-browsing of spectrograms yielded 298 long calls emitted from 8 to 194 m, and Raven's Template Detector identified 54.6% of them, also emitted from 8 to 194 m. In the in situ study, we manually counted 1115 long calls, and the Raven's Template Detector identified 44.75% of them. Furthermore, the presence of lion tamarins was confirmed within 1 day using four randomly sorted recorders, whereas 5 days on average were necessary with only one device. While specific protocols still need to be developed to determine primate population size using this technology, we concluded that PAM is a promising tool when considering long term costs and benefits.",10.1002/ajp.23454,Exploração Mineral Sustentável,
Stable Isotopes Analysis Of Black Lion Tamarins Reveals Increasing Arthropod Consumption When Fruit Productivity Decreases In Forest Fragments,"ABSTRACT Given the cryptic and elusive nature of prey consumption, quantifying its contribution to the diet of free‐ranging primates using behavioral methods is challenging. In this context, the use of carbon and nitrogen‐stable isotopes represents a promising alternative approach. Here, we used stable isotope analysis to estimate the proportion of arthropods and fruits in the diet of black lion tamarins ( Leontopithecus chrysopygus ), an endangered primate endemic to the Brazilian Atlantic Forest. To do so, we ran stable isotope mixing models using isotopic data from hair samples of black lion tamarins living in six forest fragments showing different levels of habitat quality. Furthermore, we ran linear mixed models to assess the influence of habitat quality—fruit productivity (estimated by tree total basal area) and arthropod biomass – and individual characteristics (sex and body mass) on tamarins' δ 15 N values (a proxy for trophic position). Our results revealed that arthropods contributed more to black lion tamarins' diet than reported in previous behavioral studies, suggesting that behavioral observations may considerably underestimate the importance of arthropodivory in the diet of arboreal primates. The degree of arthropodivory and frugivory was similar within groups, in line with the strong group cohesion and synchronization of feeding behaviors of this species and supporting the role of site‐specific habitat characteristics on dietary choice. Arthropod consumption was higher in areas with lower fruit productivity and did not increase when arthropod biomass increased, suggesting that fruits represent a limiting but preferred resource for this species. These results demonstrate the dietary plasticity of black lion tamarins in areas of lower forest quality, where they manage to compensate low fruit productivity by shifting to a diet richer in arthropods. Considering that this species occurs within a highly fragmented landscape, preserving and protecting small forest patches remains crucial for the conservation of this species.",10.1002/ajp.23698,Exploração Mineral Sustentável,extração mineral sustentável; reciclagem e recuperação de minerais
"Vocalizations Reveal Species Differences In Endangered Lion Tamarins (primates, Callitrichidae)","Acoustic communication is important for social cohesion and territory defense in forest primates, including the endangered lion tamarins (genus Leontopithecus). Although vocalizations of individual species have been studied, there is still no comparative analysis examining whether acoustic parameters can reliably distinguish among all four species. We hypothesized that species-specific differences in acoustic features allow discrimination among lion tamarin species, and we predicted that both spectral and temporal parameters would reveal interspecific variation. To test this, we analyzed seven shared vocalizations (long calls, whines, trills, rasps, clucks, tsicks, and peeps) from the black-faced lion tamarin (Leontopithecus caissara), golden lion tamarin (Leontopithecus rosalia), golden-headed lion tamarin (Leontopithecus chrysomelas), and black lion tamarin (Leontopithecus chrysopygus). Acoustic data were obtained from online sound libraries and analyzed using Raven Pro software. Spectral and temporal parameters, including frequency at 5% and 95%, peak frequency, center frequency, and bandwidth 90% were measured, followed by principal component analysis (PCA) and nonparametric statistical tests to identify species-specific differences. Our results revealed significant interspecific differences across multiple vocalizations, with spectral parameters being the most relevant for distinguishing species, whereas temporal parameters contributed less. L. caissara emerged as the most acoustically distinct species, while L. rosalia and L. chrysopygus exhibited the greatest vocal similarity. In conclusion, this study provides the first comparative analysis of seven vocalization types across all four lion tamarin species, establishing an acoustic baseline, confirming the importance of spectral parameters for species differentiation, and demonstrating the potential of vocalizations for conservation applications.",10.1002/ajp.70115,Exploração Mineral Sustentável,reciclagem e recuperação de minerais
Development Of Controlled Release Fertilizer Systems For Kcl Using Glycerol-Based Polymers,"Abstract Controlled release systems were developed using biodegradable polymers/copolymers via polycondensation of glycerol with acids (citric, adipic, and succinic) with potassium chloride (KCl) 0, 10, 20, and 40 wt% followed by crosslinking at 120°C. Polymers were characterized by thermogravimetry, X‐ray diffraction, Fourier transform infrared spectroscopy, scanning electron microscopy and UV‐Vis spectroscopy. All are thermally stable up to 200°C, therefore suitable for release in countries where temperatures reach 50°C. Fractographic analysis showed rubbery (rough and ductile) and hard (smooth and brittle) polymers depending on the acid used. The release profiles showed that hydrophilic (polar) polymers are easily hydrolyzed, generating faster release reaching 52% in 120 h. Less polar polymers delay KCl release below 20% at the same time. Therefore, it was possible to adjust the release by controlling the fertilizer content and the type of polymer, designing a fast or slow release to meet the needs of a given crop.",10.1002/app.51747,"Energias Renováveis, Biomassa e Combustíveis Verdes",biomassa; biocombustíveis e combustíveis verdes
Fruit Ripeness Sensors Based On Poly(lactic Acid)/polyaniline Solution Blow-Spun Fibrous Membranes,"Abstract Real‐time ripening monitoring stands as an attractive way to guarantee quality control and prediction of shelf life during transport and prolonged storage of fruits and vegetables. Herein, we investigate the use of poly(lactic acid)/polyaniline (PLA/PANI) solution blow‐spun nanofibrous membranes as gas sensors for fruit ripening monitoring. PLA/PANI with different blend ratios was prepared by dissolving PANI in dichloroethane (DCE) for further mixing with PLA and spinning onto interdigitated microelectrode (IME). The ripening process of four different fruits (apple, orange, banana, and cashew peduncle), climacteric, and non‐climacteric fruits, was assessed over 72 h by real‐time monitoring changes in volatile organic compounds (VOCs) released during fruit ripening. Since adsorption of VOCs onto sensor surface causes changes in electrical response, which is directly related to the fruit ripening process, PANI addition was essential to monitor the ripening. However, higher concentrations (2% PANI in PLA) impair sensor conductivity and sensitivity because of the agglomeration of conductive polymer particles, which directly influences the sensitivity and the average fiber diameter. One of the main findings, here, was the clear distinction between different patterns of monitoring curves according to the category of the analyzed fruit (climacteric or non‐climacteric).",10.1002/app.52386,"Energias Renováveis, Biomassa e Combustíveis Verdes",biomassa; biocombustíveis e combustíveis verdes
Characterization Of Extruded Films Based On Poly (butylene Succinate) Blends To Utilize A Partially Degraded Poly (butylene Adipate-Co-Terephthalate),"Abstract Polymer blends can improve material processability and can be used to extrude partially degraded materials, such as expired poly (butylene adipate‐co‐terephthalate) (PBAT), which cannot be normally extruded. Therefore, in this study, the extrudability of PBAT that has passed its expiration date was restored by blending it with poly (butylene succinate) (PBS). Various polymer blends were extruded and characterized to achieve high‐efficiency extrusion. The carbonyl indices in partially degraded PBAT and the corresponding control sample detailed the effects of 98 months of aging on molecular properties. The semicrystalline structure consisted of a mixed ordered arrangement of PBS and PBAT chains dispersed in an amorphous matrix. The microscopic images of the surfaces of the polymer films revealed defects and roughness, followed by an increase in the PBAT concentration in blends. Changes in mechanical properties and water vapor permeability correlated with the PBAT concentration in the blends. To avoid polymer loss, we reported a simple method for using PBAT that has passed its expiration date and cannot be extruded. The results revealed that the polymer films could be used in the packaging industry, especially in food and agricultural sectors.",10.1002/app.55289,"Energias Renováveis, Biomassa e Combustíveis Verdes",biocombustíveis e combustíveis verdes; aproveitamento energético de resíduos
Antimicrobial Behavior Of Simvastatin-Loaded Solution Blow-Spun Pla/peo/ha Scaffolds,"ABSTRACT The development of three‐dimensional scaffolds with suitable biological properties is of crucial importance in bone repair. Incorporating antimicrobial functionality into these scaffolds can further enhance their clinical efficacy by helping prevent infections, particularly in patients undergoing orthopedic surgeries. Here, we developed fibrous hybrid scaffolds, composed of polylactic acid/polyethylene oxide/hydroxyapatite (PLA/PEO/HA) and loaded with 5 wt% simvastatin (SIM) using solution blow spinning (SBS) via a green route. Cotton‐wool‐like 3D hybrid scaffolds were successfully produced, exhibiting a nanofibrillar structure. The addition of 10 wt% PEO significantly increased scaffold wettability (water‐in‐air contact angle of 0°). Also, cell viability assessments showed that all scaffolds were noncytotoxic toward the fibroblast cell lineage employed during the investigated incubation period. These scaffolds also exhibited an antimicrobial effect against S. aureus as well as drug delivery ability. Notably, we demonstrated for the first time that a small amount of simvastatin, a known promoter of bone healing, can be released from the scaffolds and trigger a compelling antimicrobial effect that may help prevent infections. Moreover, the release behavior is modulated by the amount of HA present in the hybrid scaffolds. Our findings indicate that the combination of PLA/PEO in a polymer blend containing HA and SIM is promising for bone tissue engineering applications.",10.1002/app.57756,Exploração Mineral Sustentável,minerais críticos; metais prioritários para a transição energética
"Cytotoxicity, Antibacterial Activity, Degradation And Release Of - From : Electrospinning Membranes For Functional Wound Dressing Applications","ABSTRACT The skin, vital for the body's defense, can suffer injuries that require medical treatment, particularly in conditions like diabetes or infections. Conventional dressings have limitations, such as poor exudate absorption, necessitating frequent changes, which can cause pain and delay recovery. The use of antibiotics to treat infections also raises environmental and health concerns, including the creation of resistant bacterial strains. This study aimed to develop a PCL/PEO electrospun membrane, with the addition of ZnO nanoparticles, for application as functional dressings in wound healing. These dressings not only provide protection but also combat infection and promote accelerated healing. To this end, the influence of adding 1 to 5% of ZnONPs on the membrane's properties was investigated. The samples were evaluated for morphology (SEM), hydrophilicity (contact angle), mechanical properties, degradation in simulated body fluid (SBF), zinc release (ICP‐OES), cytotoxicity, and antimicrobial activity against Staphylococcus aureus . Samples exhibited a hydrophilic nature, with contact angles below 70°. Membrane morphology was suitable for wound healing, with 76.57% ± 0.70% porosity, pore size of 21.46 ± 8.49 μm, fibers showing some alignment, and mean diameter of 2.93 ± 2.05 μm with 5% of ZnO addition. The material showed zinc release, providing antimicrobial action, as evidenced by inhibition halos up to 27.51 ± 1.44 mm with 5% ZnO, and no toxicity to murine cells. The electrospun membrane with added ZnO‐NPs has potential as a functional dressing for infected wounds, absorbing exudates and extending its lifespan, requiring fewer dressing changes, and offering antimicrobial protection, representing a promising alternative to the conventional treatments.",10.1002/app.57938,Exploração Mineral Sustentável,minerais críticos; metais prioritários para a transição energética
Selective Effects Of Environmental Conditions And Protection Levels On Herbivorous Fish Functions In The Largest South Atlantic Reef Complex,"ABSTRACT Herbivorous fish are key components in maintaining functionality in reef environments; however, this group is widely threatened by overfishing and habitat degradation. Investigating the main factors determining the structure of herbivorous fish becomes paramount to defining management strategies amid anthropogenic impacts. This study evaluated the drivers of herbivorous fish functional groups (FG) subjected to different environmental conditions and levels of protection in the Abrolhos Bank, Brazil. Sites inside the no‐take area (farther from the shore and characterized by higher coralline algae cover) sustained higher biomass and larger individuals, especially for the excavator (EXCV) parrotfish Scarus trispinosus . Conversely, unprotected, inshore reefs with greater proportions of macroalgae and zoanthids showed lower abundance, biomass and smaller individuals. These results may be attributed to the combined effects of protection and environmental conditions; still, the no‐take area was the most important factor explaining the biomass of all FG. Protection, however, does not influence all FG equally: the biomass of EXCV was about 30‐fold higher inside the no‐take area, while for the other groups, biomasses were about two‐fold higher. The results highlight that different FG require specific management strategies but demonstrate the importance of no‐take areas for herbivorous fish conservation in Brazil.",10.1002/aqc.70315,Exploração Mineral Sustentável,extração mineral sustentável; reciclagem e recuperação de minerais
"Comparative Analysis Of Male Reproductive Accessory Glands In Bats <scp> Histiotus Velatus</i> </scp> (vespertilionidae), <scp> Molossus Rufus</i> </scp> (molossidae), And <scp> Peropteryx Leucoptera</i> </scp> (emballonuridae)","Despite the high number of species and wide geographic dispersion, reproductive accessory glands (RAGs) of bats have traditionally received little attention in the literature, with some species not even having a basic description of their composition and structure. Thus, this study aimed to analyze and compare the composition, anatomy, and histology of male RAGs of bat species belonging to three of the largest (cosmopolitan) bat families: Vespertilionidae (Histiotus velatus), Molossidae (Molossus rufus), and Emballonuridae (Peropteryx leucoptera), in order to understand the variations in the bat RAGs. The results showed that the RAGs of H. velatus, M. rufus, and P. leucoptera are composed of an intra-abdominal prostatic complex, associated with the urethra, urethral glands, and a pair of inguinal bulbourethral glands; without ampullary glands or seminal vesicles. The prostatic complex can be composed of two (M. rufus and P. leucoptera) or three (H. velatus) prostatic regions, and can be compact (P. leucoptera), semi-lobed (M. rufus), or multilobed (H. velatus). Each prostatic region has unique and distinct characteristics, with the ventral region presenting a holocrine nature, exclusive to bats; while the dorsal and/or dorsolateral regions have similar characteristics to the ventral prostate of rats and to the human peripheral zone.",10.1002/ar.25145,Exploração Mineral Sustentável,prospecção e caracterização mineral
Photometric <scp>bvr</scp> Observations Of Comet C/2012&nbsp; <scp>j1</scp> (catalina) Before And After Perihelion,"Abstract We analyzed the BVR photometry of comet C/2012 J1 (Catalina) taken between March 2013 and May 2014 with telescopes ranging from 0.20 to 2.0 m aperture in Australia, Europe, and the United States. We found an absolute magnitude in the R‐band of H 0 = 7.2 ± 0.1 measured with a photometric aperture radius ρ of 42.4 arcsec, corresponding to projected distances in the sky of 7.2 × 10 4 –1.5 × 10 5 km. Comet C/2012 J1 (Catalina) shows an asymmetric secular light curve, which is typical for comets. The nucleus has a minimum radius of 3.3 km admitting an albedo of 0.04. The inner coma exhibited radial pulsations before perihelion related to the dust rate proxy Af ρ . The Af ρ parameter was inversely proportional to the photometric aperture radius ρ because the angular diameter of the coma was small compared with the aperture radii used. The comet had three outbursts with brightness variations between 0.2 and 2.99 magnitudes per event. The median normalized reflectivity gradient S′ is 4.4 with an amplitude of 22.9%/100 nm in the spectral range between 440 and 647 nm. The dispersion of the gradient S ′ means that 20% of the measurements are bluer than the solar color.",10.1002/asna.20220084,Exploração Mineral Sustentável,prospecção e caracterização mineral
Spectral Diversity On (7) Iris And (10) Hygiea Revealed By Broadband Colors,"ABSTRACT We present evidence of surface spectral diversity on asteroids (7) Iris and (10) Hygiea based on Johnson–Cousins (B–V, V–R) and ATLAS (c–o) color indices. For Iris, B–V shows significant rotational modulation, revealing localized heterogeneities associated with features such as the Xanthos and Porphyra craters. Its B–R spectral slope, per , matches that of Q/S‐type asteroids, while phase‐resolved variations suggest combined effects of composition, topography, and illumination geometry. In contrast, Hygiea is spectrally uniform: neither B–V nor V–R varies with rotation, and its B–R slope, per , is typical of the B/C‐complex. The c–o distributions for both objects do not show a clear dependence on Earth‐based viewing geometry. We estimate the c–o index of near‐Earth asteroid as 0.5, consistent with a redder K/L‐type surface. This result indicates that c–o can discriminate between S‐ and C‐complex asteroids, similar to V–R. These findings demonstrate the diagnostic value of broadband colors for characterizing asteroid surfaces and provide new insights into the compositional and evolutionary diversity of main‐belt asteroids.",10.1002/asna.70054,Exploração Mineral Sustentável,prospecção e caracterização mineral; minerais críticos
The Improvement Of Guava ( Psidium Guajava</i> ) Juice Quality Using Crude Multi-Enzymatic Extracts Obtained From Yeasts,"Guava juice is cloudy and viscous, which hinders filtration, decreases yield, and causes the loss of quality after its processing and during storage. This study aimed to evaluate enzymatic treatment effects using crude multi-enzymatic extracts (CME) obtained from Rhodotorula mucilaginosa, Rhodotorula orizycola, and Pseudozyma sp. produced by submerse fermentation in the extraction of juice guava. Mixtures of 100 ml of guava pulp and multi-enzymatic extracts proposed by Doehlert planning were incubated under constant agitation at 150 rpm and 50°C, and a Doehlert design was applied as a multivariate optimization strategy. The optimal conditions using the multi-enzymatic extract were: 0.4% (v/v) of CME for 131 min for the multi-enzymatic treatment using Pseudozyma sp.; 3.0% (v/v) of CME for 154 min using the R. mucilaginosa CME; and 5.0% (v/v) of CME for 90 min using R. oryzicola. The maximum viscosity reduction values for the juices treated with the CME of yeasts were 10.33%, 86.38%, and 13.33% for the juices treated with the CME of Pseudozyma sp., R. mucilaginosa, and R. orizycola, respectively. The physical-chemical properties were improved after treatment with CMEs, yielding a reduction of clarity, increase of total soluble solids and reducing sugars, and decreasing the acidity (pH) for all treatments with enzymatic extracts of all strains. The yeasts studied showed a potential for CME production to be applied to juice, improving the quality of the juice, and R. mucilaginosa was the most prominent yeast due to most significant reduction of viscosity in guava juice.",10.1002/bab.2441,"Energias Renováveis, Biomassa e Combustíveis Verdes",biomassa; biocombustíveis e combustíveis verdes; aproveitamento energético de resíduos
"Production, Characterization And Immobilization Of Protease Produced By","Abstract The present work sought to broaden the repertoire of proteolytic biocatalyst formulations by producing, purifying, characterizing, and identifying suitable immobilization carriers for an extracellular protease from the filamentous fungi Periconia byssoides . Enzyme production was carried out through submerged fermentation using two different growth media. The peptone‐containing medium proved to be the most suitable for producing extracellular protease. The crude enzyme was partially purified by 70% ethanol precipitation to enable subsequent biochemical characterization and formulation studies. A Doehlert‐type design of experiments was used to determine the optimal pH and temperature of the enzyme, resulting in a pH of 6.4 and a temperature of 70 °C. To evaluate the influence of salts on enzyme activity, various salts were tested at concentrations of 0.1 and 0.01 m . At 0.1 m , CaCl 2 , MgCl 2 and NH 4 Cl inactivated the enzyme. At 0.01 m , BaCl 2 increased the catalytic activity by 6% whereas CaCl 2 and NH 4 Cl inactivated the enzyme. The kinetic parameters of the enzyme were estimated using the Michaelis–Menten equation, with casein as the substrate, at various concentrations. K m and V max were determined to be 0.23 mg mL −1 and 1.26 U mg −1 protein, respectively. A preliminary screening to identify the most efficient carrier for protease immobilization was performed using eight commercial carriers: silica gel, celite 545, chitosan, MAT 540, CPC 27709, Purolite Lifetech ECR8806F, ECR8204F, and ECR1090F. Among these, MAT 540 exhibited 49.93% immobilization yield and 90% protein retention. Overall, this work not only characterizes an extracellular P. byssoides protease but also identifies a promising carrier for its immobilization, supporting the development of an active and stable biocatalyst for future biotechnological applications.",10.1002/bbb.70150,"Energias Renováveis, Biomassa e Combustíveis Verdes",biomassa; biocombustíveis e combustíveis verdes
Nature s <scp>gps</scp> : Unilateral Cephalium-Bearing Cacti As Bio-Compasses,"Photo 1. Section of a Vatricania guentheri branch showing the unilateral cephalium. In columnar species showing this structure, it may be inserted more (true cephalium) or less (pseudocephalium) deeply into the cactus branch. Photo credit: Martin Lowry. Photo 2. Open fruits inserted in the middle of the dense bristles of the unilateral cephalium of an individual of Micranthocereus albicephalus. In this genus and species, the green vegetative part of the stem continues to grow, but is asymmetrically modified to one side forming a bristly and/or woolly structure called the cephalium, from which the flowers and, later, the fruits emerge. Photo credit: Martin Lowry. Photo 3. The unilateral cephalium can be found in more than 30 species of different genera of Cactaceae from tropical America, such as Coleocephalocereus goebelianus (top left), Micranthocereus purpureus (bottom left) both species from Brazil and Vatricania guentheri (right) from Bolivia. Photo credit: Sinzinando Albuquerque-Lima (top and bottom left photos) and Martin Lowry (right photo). Photo 4. Many of the cacti with unilateral cephalium are pollinated by hummingbirds and bats, as has been reported for Pilosocereus catimbauensis, which is pollinated by bats of the Lonchophyllinae subfamily. In these cases, the cephalium, in addition to having a possible orientation function, also performs an acoustic orientation function for bats through echolocation. Photo credit: Sinzinando Albuquerque-Lima. These photographs illustrate the article “North by northwest: Are unilateral cephalium-bearing cacti bio-compasses?” by Sinzinando Albuquerque-Lima, Daniela C. Zappi, Nigel P. Taylor, Martin Lowry, Mats Winberg, and Isabel Cristina Machado published in Ecology. https://doi.org/10.1002/ecy.4058",10.1002/bes2.2093,Exploração Mineral Sustentável,minerais críticos
Human Proinsulin Production In The Milk Of Transgenic Cattle,"BACKGROUND: The worldwide growing demand for human insulin for treating diabetes could be supplied by transgenic animals producing insulin in their milk. METHODS AND RESULTS: Pseudo-lentivirus containing the bovine β-casein promoter and human insulin sequences was used to produce modified adult fibroblasts, and the cells were used for nuclear transfer. Transgenic embryos were transferred to recipient cows, and one pregnancy was produced. Recombinant protein in milk was evaluated using western blotting and mass spectrometry. One transgenic cow was generated, and in milk analysis, two bands were observed in western blotting with a molecular mass corresponding to the proinsulin and insulin. The mass spectrometry analysis showed the presence of human insulin more than proinsulin in the milk, and it identified proteases in the transgenic milk that could convert proinsulin into insulin and insulin-degrading enzyme that could degrade the recombinant protein. CONCLUSION: The methodologies used for generating the transgenic cow allowed the detection of the production of recombinant protein in the milk at low relative expression compared to milk proteins, using mass spectrometry, which was efficient for detecting recombinant protein with low expression in milk. Milk proteases could act on protein processing converting recombinant protein to functional protein. On the other hand, some milk proteases could act in degrading the recombinant protein.",10.1002/biot.202300307,Exploração Mineral Sustentável,minerais críticos; metais prioritários para a transição energética
Genetic Basis Of The Negative Response To The Use Of Triptans For The Treatment Of Migraine-A Systematic Review And Meta-Analysis,"INTRODUCTION: Migraine is a widespread and disabling neurological disorder, and triptans are a primary treatment for acute episodes. However, around 40% of patients are non-responsive. Genetic polymorphisms can influence drug effectiveness, and several association studies exist. This systematic review consolidates findings from etiological studies, which may provide greater certainty about their use in predicting the risk of low response to triptans. METHOD: This study followed COSMOS-E guidelines and employed databases like PubMed, Web of Science, and Embase until 2023. The Newcastle-Ottawa Scale (NOS) was used to assess quality, and statistical meta-analysis was performed. RESULTS: A comprehensive literature search identified 1421 articles from which 30 met eligibility for full-text review, and 9 studies were included in the final analysis. Although the overall analysis did not confirm a statistically significant association, subgroup analyses demonstrated significant relationships between SLC6A4, 5-HT1B, and COMT polymorphisms and triptan nonresponse, while CALCA and PRDM16 had moderate evidence, and GRIA1 and SCN1A polymorphisms exhibited limited evidence for non-response. While our analysis revealed that genetic polymorphisms are an essential cause of heterogeneity in response to triptans, the included studies showed substantial variability and methodological inconsistency. Polygenic risk scores (PRS) and combined genetic approaches, including prospective clinical trials and multi‑omics integration, can help stratify triptan nonresponders and inform decision‑making in precision and personalized medicine (PPM). CONCLUSIONS: These results underscore the potential utility of these genetic associations in tailored migraine therapy and reinforce the involvement of serotonergic and dopaminergic pathways in triptan efficacy. Future studies with larger and more homogeneous cohorts are essential to validate these associations. Still, clinical implementation of polygenic risk score (PRS) may offer a more effective pathway for applying PPM in migraine care.",10.1002/brb3.70967,Eficiência Energética,redução do consumo energético em processos produtivos
Chemistry And Bioactivity Of The Genus Persea</i> - A Review,"This review provides the first comprehensive appraisal of bioactive compounds and their biological activities in Persea species from 1950 to 2023. Relevant articles from reputable databases, including PubMed, Web of Science, Science Direct and Google Scholar were collected, leading to the isolation of about 141 metabolite compounds, mainly flavonoids, terpenoids, fatty alcohols, lignoids, and γ-lactone derivatives. These compounds exhibit diverse biological activities, including insecticidal, antifeedant, nematicidal, antibacterial, antifungal, antiviral, cytotoxic, anti-inflammatory, and antioxidant properties. The review emphasizes the significant chemical and pharmacological potential of different Persea species, encouraging further research in various fields and medicine. Valuable insights into potential applications of Persea plants are provided.",10.1002/cbdv.202300947,"Energias Renováveis, Biomassa e Combustíveis Verdes",biomassa; biocombustíveis e combustíveis verdes
Seasonal And Circadian Variation Of Non-Volatile Metabolites In Leaves,"The present study describes the seasonal and circadian variations of the major compounds from Lippia alba leaves. SPSS was used to identify, quantify, and associate the variations in the secondary metabolites of this species through HPLC/DAD analysis of the leaves hydroethanolic extracts of six selected L. alba specimens. For the circadian study, the samples were collected at four different daily hours in each year's season. For the seasonal study, the samples were collected monthly from the same individuals for two consecutive years (2018 and 2019). These samples were analyzed and quantified using a validated HPLC method for flavonoids, iridoids, and phenyl ethanoid glycoside. Mussaenoside, acteoside, and tricin-7-O-diglucuronide showed a moderate positive correlation between their biosynthesis and the precipitation index, while epi-loganin had a moderate negative correlation. Acteoside showed a moderate positive correlation between the minimum registered temperature and its production. Compared with previous studies, a drastic reduction (about 95 %) in the production of tricin-7-O-diglucuronide compared with previous study and this difference could be attributed to the plant's aging. Thus, the data demonstrated that lower temperatures and high rainfall could favor the production of the major L. alba active compounds (acteoside and tricin-7-O-diglucuronide) and that older plants harm their production.",10.1002/cbdv.202400594,"Energias Renováveis, Biomassa e Combustíveis Verdes",biomassa; biocombustíveis e combustíveis verdes
In Vitro</i> And In Silico</i> Evaluation Of The Leishmanicidal And Trypanocidal Activities Of Lignan Methylpiperitol Isolated From Persea Fulva</i>,"Abstract Neglected Tropical Diseases are a significant concern as they encompass various infections caused by pathogens prevalent in tropical regions. The limited and often highly toxic treatment options for these diseases necessitate the exploration of new therapeutic candidates. In the present study, the lignan methylpiperitol was isolated after several chromatographic steps from Persea fulva L. E. Koop (Lauraceae) and its leishmanicidal and trypanocidal activities were evaluated using in vitro and in silico approaches. The chemical structure of methylpiperitol was defined by NMR and MS spectral data analysis. The antiprotozoal activity of methylpiperitol was determined in vitro and indicated potency against trypomastigote forms of Trypanosoma cruzi (EC50 of 4.5±1.1 mM) and amastigote forms of Leishmania infantum (EC50 of 4.1±0.5 mM), with no mammalian cytotoxicity against NCTC cells (CC50>200 mM). Molecular docking studies were conducted using six T. cruzi and four Leishmania. The results indicate that for the molecular target hypoxanthine phosphoribosyl transferase in T. cruzi and piteridine reductase 1 of L. infatum, the methylpiperitol obtained better results than the crystallographic ligand. Therefore, the lignan methylpiperitol, isolated from P. fulva holds potential for the development of new prototypes for the treatment of Neglected Tropical Diseases, especially leishmaniasis.",10.1002/cbdv.202400678,Exploração Mineral Sustentável,minerais críticos
Unlocking Hidden Treasures: Lc-Ms/ms Molecular Networks For Exploring Novel Passiflora Species With Pharmaceutical Potential,"In this study, we report the metabolic profiling of several previously uncharacterized Passiflora species native to Brazil, employing molecular networks to delve deeper into chemical constituents. Using the GNPS platform, in silico tools, and substructure annotation techniques, we expanded the chemical annotations. Principal Coordinate Analysis (PCoA) revealed significant metabolic similarities between several species, including P. incarnata, suggesting shared pharmacological potential. Our identification of metabolic compounds facilitated comparisons between understudied species with medicinal properties. Notably, we documented 25 previously uncharacterized species, paving the way for the development of novel products aimed at improving human well-being. This research focused on several native Passiflora species from Brazil, highlighting their unexplored therapeutic potential.",10.1002/cbdv.202400681,Exploração Mineral Sustentável,minerais críticos; metais prioritários para a transição energética; extração mineral sustentável
Oral Administration Of Kaempferol Isolated From Baccharis Mattogrosensis&nbsp;Enables In Vivo&nbsp;Activity Against Schistosoma Mansoni,"Abstract Baccharis mattogrosensis is a species from Asteraceae which has been used in Brazilian folk medicine to treatment of several illnesses, including those caused by parasites. In the present work, the MeOH extract of aerial parts of B. mattogrosensis was subjected to chromatographic fractionation to afford three flavonoids: apigenin (1), quercetin (2), and kaempferol (3) as well as a mixture three chlorogenic acids: 3,4‐O‐dicaffeoylquinic (4), 3,5‐O‐dicaffeoylquinic (5), and 4,5‐O‐dicaffeoylquinic (6) acids. When tested in vitro, kaempferol (3) exhibited activity against Schistosoma mansoni with EC50=81.86 μM, whereas compounds 1, 2, 4–6 showed to be inactives. Considering this result, the effects of kaempferol (3) against S. mansoni infection using an experimental approach (in vivo assay) was tested at first time. Using a single oral dose (400 mg/kg) of kaempferol (3) to S. mansoni‐infected mice reduced the worm burden by 25.5 %. Similarly, the number of eggs, which are responsible for a variety of pathologies and transmission of schistosomiasis, was decreased by 28.8 % in treated mice. Collectively, although kaempferol (3) is partially active when administered orally in a mouse model of schistosomiasis, our results suggest that this compound could be, in future studies, administered in different forms, such as nanoformulation.",10.1002/cbdv.202401452,"Energias Renováveis, Biomassa e Combustíveis Verdes",biomassa
Development Of A Novel Aedes Aegypti</i> Repellent: An Integrated Approach Combining In Silico And Bioassays,"Aedes aegypti is the most important vector of arboviruses, which are responsible for 3.9 billion cases worldwide. This mosquito seeks a host using its olfactory system, where the odorant-binding protein (OBP) in A. aegypti (AaegOBP1) is essential in sensory communication and is the first filter in odorant selection, which makes this target promising for the development of new repellents. In order to help the AaegOBP1 modulator prioritization, a validated in silico methodology was employed, which enabled the selection of a potential repellent. ZINC71773878 showed a dependency relationship between dosage and repellency activity in bioassays. At the highest concentration used (3000 µmol/100 µL), the ZINC71773878 showed a higher repellency rate than the positive control (N,N-diethyl-3-methylbenzamide [DEET]). The constant pH molecular dynamics (CpHMD) approach employed was able to elucidate the energetic contributions and the effects of different pH on AaegOBP1-ZINC71773878 complex dissociation at pH = 4.0. ZINC71773878 must be prioritized for further trials aiming to develop a new product with repellent activity that is safer and more efficient than the available commercial repellents in Brazil.",10.1002/cbdv.202501251,Exploração Mineral Sustentável,minerais críticos
Thermodynamics Of Textile Dyes Partitioning In Alcohol-Based Aqueous Two-Phase Systems,"Abstract The aim of this work was a complete thermodynamic study on the partitioning of Remazol Yellow l, Remazol Brilliant Blue, and Remazol Red dyes in isopropyl alcohol + sodium phosphate + water aqueous two‐phase systems at different temperatures. The free energy change of transfer, enthalpy change of transfer, and entropy change of transfer were evaluated. The effects of the structure of the dye, tie line length, and temperature on the partitioning were studied. The results indicate that these aqueous two‐phase systems have high capacity to extract the dyes from aqueous matrices to the organic phase of these systems and are an interesting alternative to effluent treatment process.",10.1002/ceat.202200409,Eficiência Energética,aproveitamento energético de resíduos industriais; redução do consumo energético em processos produtivos
Understanding And Controlling Asthma In Latin America: A Review Of Recent Research Informed By The Scaala Programme,"Asthma is an important health concern in Latin America (LA) where it is associated with variable prevalence and disease burden between countries. High prevalence and morbidity have been observed in some regions, particularly marginalized urban populations. Research over the past 10 years from LA has shown that childhood disease is primarily non-atopic. The attenuation of atopy may be explained by enhanced immune regulation induced by intense exposures to environmental factors such as childhood infections and poor environmental conditions of the urban poor. Non-atopic symptoms are associated with environmental and lifestyle factors including poor living conditions, respiratory infections, psychosocial stress, obesity, and a diet of highly processed foods. Ancestry (particularly African) and genetic factors increase asthma risk, and some of these factors may be specific to LA settings. Asthma in LA tends to be poorly controlled and depends on access to health care and medications. There is a need to improve management and access to medication through primary health care. Future research should consider the heterogeneity of asthma to identify relevant endotypes and underlying causes. The outcome of such research will need to focus on implementable strategies relevant to populations living in resource-poor settings where the disease burden is greatest.",10.1002/clt2.12232,Eficiência Energética,redução do consumo energético em processos produtivos
Body Size And Trophic Structure Explain Global Asymmetric Response Of Tetrapod Diversity To Climate Effects,"Although climate-based hypotheses are widely used to explain large-scale diversity patterns, they fall short of explaining the spatial variation among taxonomic groups. Integrating food web and metabolic theories into macroecology is a promising step forward, as they allow including explicit taxon-specific traits that can potentially mediate the relationship between climate and diversity. Our investigation focuses on the role of body size and trophic structure in mediating the influence of contemporary climate and historical climate change on global tetrapods species richness. We used piecewise structural equation modeling to assess the direct effects of contemporary climate and climate instability of species richness and the indirect effects of climate on tetrapod richness mediated by community-wide species traits. We found that birds and mammals are less sensitive to the direct effect of contemporary climate than amphibians and squamates. Contemporary climate and climate instability favored the species richness of mammals and amphibians. However, for birds and squamates, this link is only associated with contemporary climate. Moreover, we showed that community-wide traits are correlated with species richness gradients. However, we highlight that this relationship is dependent upon the specific traits and taxonomic groups. Specifically, bird communities with smaller bodies and bottom-heavy structures support higher species richness. Squamates also tend to be more diverse in communities with prevalence of smaller bodies, while mammals are correlated with top-heavy structures. Moreover, we showed that higher contemporary climate and climate instability reduce the species richness of birds and mammals through community-wide traits and indirectly increase squamate species richness. We also showed that body size and trophic structure are driving a global asymmetric response of tetrapod diversity to climate effects, which highlights the limitation to use the ""typical"" climate-based hypotheses. Furthermore, by combining multiple theories, our research contributes to a more realistic and mechanistic understanding of diversity patterns across taxonomic groups.",10.1002/ece3.11047,Exploração Mineral Sustentável,minerais críticos; metais prioritários para a transição energética
Do Boat Traffic And Habitat Features Shape Habitat Use By Guiana Dolphins ( ) In A Brazilian Estuary?,"ABSTRACT Increasing boat traffic in estuarine environments poses growing challenges for the conservation of coastal cetaceans, yet how these pressures interact with habitat features to shape spatial use remains poorly understood. This study investigated the influence of boat traffic and habitat features on the spatial use and habitat selection of Guiana dolphins ( Sotalia guianensis ) in Pontal Bay, a northeastern Brazilian estuary, using shore‐based observations and theodolite tracking of dolphin and boat trajectories collected between April 2015 and January 2016. Utilization distribution and habitat selection analyses revealed substantial overlap between dolphins and boats, particularly in deeper areas. At finer scales, however, dolphins preferentially used areas with lower boat traffic, greater depths, and proximity to fishing centers, while avoiding shallow zones and river edges. These patterns indicate a scale‐dependent trade‐off between access to foraging opportunities and exposure to anthropogenic disturbance. Our findings highlight the importance of integrating environmental and human‐related factors into estuarine management and support the need for measures that regulate vessel activity within key dolphin habitats.",10.1002/ece3.74004,Energias Renováveis nos Transportes,mobilidade sustentável
Age-Related Trends In Niche Position And Specialization In Neotropical Vertebrates,"Species' niche positions and breadths within a region's environmental space, measured through ecological niche factor analysis (ENFA) as marginality and specialization, can reflect evolutionary constraints related to lineage age. The ‘internal incumbency' hypothesis predicts that older species, due to competitive preemption, occupy more central niche positions than younger ones. In addition, regarding specialization, there are two contrasting predictions: the ‘time‐and‐specialization' hypothesis posits that older species are more specialized given that they had more time to adapt to an environment, whereas the ‘resource‐use' hypothesis proposes that younger species are more specialized due to occupying narrower ecological niches, which may drive higher speciation and extinction rates. This study explores the relationship between species age and their climatic niche position and specialization among Neotropical terrestrial vertebrates. Using ENFA, we estimated the marginality (niche position) and specialization (niche breadth) of 1175 mammals, 3001 birds, 1826 reptiles and 1435 amphibians across the Neotropical biomes occupied by each species. Phylogenetic generalized least squares (PGLS) models were used to analyze the relationships between species age, marginality, and specialization across vertebrate classes. Although regression coefficients were predominantly negative, suggesting that older species tend to occupy more central niche positions and exhibit lower specialization, the explanatory power of the models was extremely low. Taken together, the consistently negligible variance explained across taxa and biomes indicates that species age is not a general driver of niche position and specialization, contrary to the expectations articulated in our hypotheses.",10.1002/ecog.08192,Exploração Mineral Sustentável,
: A Dataset Of Occurrence And Abundance Of Freshwater Fishes In The Neotropics,"The Neotropical region hosts 4225 freshwater fish species, ranking first among the world's most diverse regions for freshwater fishes. Our NEOTROPICAL FRESHWATER FISHES data set is the first to produce a large-scale Neotropical freshwater fish inventory, covering the entire Neotropical region from Mexico and the Caribbean in the north to the southern limits in Argentina, Paraguay, Chile, and Uruguay. We compiled 185,787 distribution records, with unique georeferenced coordinates, for the 4225 species, represented by occurrence and abundance data. The number of species for the most numerous orders are as follows: Characiformes (1289), Siluriformes (1384), Cichliformes (354), Cyprinodontiformes (245), and Gymnotiformes (135). The most recorded species was the characid Astyanax fasciatus (4696 records). We registered 116,802 distribution records for native species, compared to 1802 distribution records for nonnative species. The main aim of the NEOTROPICAL FRESHWATER FISHES data set was to make these occurrence and abundance data accessible for international researchers to develop ecological and macroecological studies, from local to regional scales, with focal fish species, families, or orders. We anticipate that the NEOTROPICAL FRESHWATER FISHES data set will be valuable for studies on a wide range of ecological processes, such as trophic cascades, fishery pressure, the effects of habitat loss and fragmentation, and the impacts of species invasion and climate change. There are no copyright restrictions on the data, and please cite this data paper when using the data in publications.",10.1002/ecy.3713,Exploração Mineral Sustentável,reciclagem e recuperação de minerais
North By Northwest: Are Unilateral Cephalium-Bearing Cacti Bio-Compasses?,"The authors declare no conflicts of interest. Data (Albuquerque-Lima, 2023) are available on Figshare at https://doi.org/10.6084/m9.figshare.21967433.v1. Appendix S1. Please note: The publisher is not responsible for the content or functionality of any supporting information supplied by the authors. Any queries (other than missing content) should be directed to the corresponding author for the article.",10.1002/ecy.4058,Exploração Mineral Sustentável,minerais críticos
: A Global Database Of The Behavior Of Recreational Divers And Their Interactions With Reefs Over 20-Years,"Recreational diving is an important activity in reef environments worldwide, providing income and employment for coastal communities and connecting visiting divers to these ecosystems promoting conservation and stewardship. However, if poorly managed, diving has the potential to cause detrimental effects on benthic communities via mechanical damage caused by physical contact of divers with the reef, often in the form of unintentional fin kicks resulting from poor buoyancy. Understanding diver-reef interaction patterns is important to elucidate the potential impacts of diving tourism on the reef biota. The DiverReef database provides the first public dataset on the underwater behavior of recreational divers in shallow reef environments (<25 m depth) globally and their interactions with the reef seascape and/or reef benthic sessile organisms. The dataset comprises 20 years of data (2004-2023) by observing the behavior of 2311 recreational divers in nine countries at 19 diving destinations and 176 diving sites; 93% of the observations were in marine protected areas. The data were collected through on-site observations of divers' behavior during tourism activities and their physical interactions with the reef structure and/or benthic sessile reef organisms. Observers discreetly followed divers and recorded their behavior and interactions with the reef over set periods. Interactions were described as ""contact"" or ""damage,"" the latter referring to when physical damage to a benthic organism or the reef structure was observed. Besides behavior, observers also recorded data on the type of diving activity (scuba or snorkeling), profiles of the divers (gender and experience), use of cameras by the divers, visibility, type of reef formation, and marine protection status of the dive site. The authors of this research expect that the data provided will be useful in advancing knowledge of how divers interact with reefs and in developing strategies to mitigate the potential detrimental effects of the diving industry on reef biota. Part of the data has already been used in reports and scientific articles. This dataset can be freely used for noncommercial purposes; we request that users of these data cite this data paper in all publications resulting from the use of this dataset.",10.1002/ecy.4519,Exploração Mineral Sustentável,descarbonização da atividade mineral
Quantifying Leaf Herbivory: A Guide To Methodological Trade-Offs And Best Practices,"Leaf herbivory is a ubiquitous ecological interaction that varies significantly in intensity across species, habitats, and biogeographic regions. Although quantification of leaf damage is crucial for understanding many ecological processes, the accuracy and precision of various damage estimation methods used by researchers, including visual estimation, digital image analysis, and artificial intelligence, have not been evaluated and compared. We use a phylogenetically diverse group of tropical plants to compare the accuracy and precision of damage estimation methods and use the results to provide a guide to herbivory estimation that balances the advantages and disadvantages of each method. We found that visual estimation tended to overestimate herbivory levels compared to digital methods but was 15 times faster and improved in accuracy and speed with training. Conversely, deep-learning algorithms underestimated herbivory relative to image analysis with ImageJ when it was on the margin, but showed similar accuracy for damage inside of leaf margins. Our results indicate that while visual methods allow for rapid assessment of large sample sizes and are suitable for detecting broad patterns of damage, image analysis is crucial for accurate and precise quantification. The disadvantages of each method, however, can be minimized through proper training and efficient use of each tool, and we therefore provide a guide of practical approaches to herbivory estimation.",10.1002/ecy.70308,Exploração Mineral Sustentável,redução e aproveitamento de resíduos e rejeitos
Oxidative Stability And Molecular Reactivity Of Biodiesel From Castor And Cottonseed Oil Blends By Homogeneous And Heterogeneous Catalysis,"The molecular structure and residues from the homogeneous or heterogeneous transesterification process affect the oxidative stability of biodiesel, which can compromise its storage stability. To investigate the oxidative stability of biodiesel blends, various compositions of castor oil and cottonseed oil produced using both homogeneous and heterogeneous catalysis are investigated. The oxidative stability of fatty acid methyl esters (FAMEs) is evaluated using the Rancimat method. Dolomite catalyst characterization includes X‐ray fluorescence, X‐ray diffraction, thermogravimetric analysis, CO 2 temperature‐programmed desorption, and scanning electron microscopy. The molecular composition of FAMEs significantly affects the physicochemical properties and oxidative stability of blends. A relatively high castor oil content improves the oxidative stability, with induction periods of 19.58 and 7.85 h for 80/20 castor/cottonseed blends produced via homogeneous and heterogeneous catalysis, respectively. Castor oil, with a high ratio of ricinoleic acid triglycerides, functions as a natural antioxidant by donating hydrogen atoms from hydroxyl groups, retarding degradation. The lower oxidative stability of the samples from heterogeneous catalysis is linked to calcium and magnesium leaching, which may promote oxidation. Experimental data and density functional theory calculations indicate that oxidative reactivity is associated mainly with polyunsaturated FAMEs. A reaction mechanism is proposed for the auto‐oxidation of FAME, resulting in oxidation products.",10.1002/ente.202500287,"Energias Renováveis, Biomassa e Combustíveis Verdes",biocombustíveis e combustíveis verdes
Comparison Of Fogarty And Vollmar Thrombectomy For Chronic Jugular Thrombosis In Horses,"BACKGROUND: Chronic jugular vein thrombosis may result in persistent venous obstruction and impaired head drainage. Although surgical thrombectomy is performed in selected cases, experimental comparisons between mechanical techniques for chronic thrombus removal in horses are lacking. OBJECTIVES: To compare Fogarty catheter thrombectomy alone with a combined Vollmar ring-Fogarty technique for restoration and maintenance of luminal patency in experimentally induced chronic jugular thrombosis. STUDY DESIGN: Randomised in vivo study. METHODS: Chronic right jugular thrombosis was induced in 10 healthy adult horses. After confirmation of thrombus chronicity (D13), horses underwent thrombectomy using the Fogarty catheter (FG; n = 5) or a combined Vollmar ring-Fogarty technique (VFG; n = 5). Clinical, ultrasonographic, and venographic evaluations were performed until D27 and analysed in two phases: thrombus induction/chronicity (D0-D13; n = 10) and post-thrombectomy follow-up (D13-D27; n = 5 per group). Quantitative data are presented as mean ± SD. RESULTS: Both techniques restored luminal patency intraoperatively. The Vollmar-Fogarty approach removed a greater thrombus mass (32 ± 6 g vs. 8 ± 2 g), yet VFG horses developed variable early postoperative re-occlusion with persistent partial obstruction at 6 h. In contrast, 3/5 FG horses demonstrated partial luminal patency at D14. At D27, sustained functional patency was observed in 3/5 FG and 1/5 VFG horses; remaining cases showed partial recanalisation with serpiginous channels. Thrombus length progressively decreased in both groups, and no major intraoperative complications occurred. MAIN LIMITATIONS: Small sample size and use of an experimental model in healthy horses may limit generalisability. Imaging assessments were performed by a single investigator, although blinded analysis was undertaken. CONCLUSIONS: Both techniques re-established venous flow in chronic jugular thrombosis; however, Fogarty thrombectomy achieved more sustained patency at 27 days despite removing smaller thrombus fragments. Further clinical studies are warranted.",10.1002/evj.70305,Exploração Mineral Sustentável,extração mineral sustentável; redução e aproveitamento de resíduos e rejeitos
Fungitoxic Potential Of Secondary Eucalyptus Metabolites In The Inhibition Of Neopestalotiopsis Clavispora Isolated From Macadamia,"ABSTRACT Fungal diseases are responsible for serious injury in forest plantations. The aim of this work was to evaluate the fungitoxic potential of the secondary metabolites in Corymbia citriodora , Eucalyptus camaldulensis and Eucalyptus urophylla leaves for inhibiting the mycelial growth of the Neopestalotiopsis clavispora fungus isolated from macadamia. The essential oils were obtained by the steam drag technique and the aqueous plant extracts by the turbolysis technique, where the yield was determined by the gravimetric method. N. clavispora fungus was cultivated in PDA culture medium with plant extracts at the 18,000, 36,000 and 54,000 ppm dosages and essential oils at the 30, 80, 130 and 180 ppm dosages. The colonies were evaluated after seven days of incubation considering their diameters and the mycelial growth inhibition percentage of the fungus. C. citriodora essential oil provided 100% inhibition at all tested dosages. Essential oils and plant extracts showed better inhibition efficiency when using higher dosages. C. citriodora essential oil was classified as a fungicide in high dosages and fungistatic in low dosages, in addition to the plant extracts of all studied species. Plant extracts provided less inhibition than essential oils. C. citriodora essential oil showed high inhibition efficiency in all tested doses. The presence of citronellal and citronellol compounds in the C. citriodora essential oil were more associated to the fungicidal effect.",10.1002/ffj.70121,"Energias Renováveis, Biomassa e Combustíveis Verdes",biomassa; biocombustíveis e combustíveis verdes
Impact Of Different Types Of Sedentary Behaviour On Cognitive Function In Older Adults: A Systematic Review,"ISSUE ADDRESSED: Sedentary behaviour (SB) is a relevant determinant of health in ageing, yet its effects on cognitive function remain inconclusive. The literature often treats SB as a homogeneous exposure, without considering that different sedentary activities may differentially affect cognitive domains. Accordingly, this study sought to identify how distinct types of SB influence cognition in older adults. METHODS: A systematic review was conducted and registered in PROSPERO (CRD42025637160), following PRISMA guidelines. Observational studies published between 2010 and 2025 were included if they involved participants aged 60 years or older and examined the relationship between specific types of SB and cognitive domains. Searches were performed in PubMed/MEDLINE, Web of Science and Scopus. Two independent reviewers carried out study selection, data extraction and quality assessment using Joanna Briggs Institute tools. RESULTS: The search yielded 1795 records, resulting in the inclusion of 13 studies encompassing 43 902 participants. Findings were heterogeneous: passive SB, particularly, television viewing, was more frequently associated with poorer cognitive performance. In contrast, cognitively stimulating sedentary activities involving complex tasks-such as reading, playing games and computer use-were positively associated with memory, executive function and processing speed. Some studies further suggested that cognitive engagement may mitigate potential negative effects of SB. CONCLUSIONS: The findings indicate that the impact of SB on cognition depends more on the type of activity performed than on total sedentary time, underscoring the importance of context and mental demand. SO WHAT?: Identifying which types of SB are beneficial or harmful may inform health promotion strategies, encouraging older adults to replace passive SB with cognitively stimulating sedentary activities, thereby supporting healthier cognitive ageing.",10.1002/hpja.70190,Eficiência Energética,redução do consumo energético em processos produtivos
Freshwater Biodiversity Research In Brazil: Trends From A Systematic Review And Topic Modeling,"ABSTRACT Brazil is a megadiverse country that hosts six major biomes and a vast freshwater network. Despite this richness, research on freshwater biodiversity has been heterogeneous across regions, communities, and time, leaving significant knowledge gaps. Previous syntheses have typically focused on individual taxa or specific biomes, providing important but fragmented perspectives that limit cross‐community comparisons. To assess these limitations, we reviewed literature on fungi, phytoplankton, macrophytes, zooplankton, macroinvertebrate, meiofauna, and fish, applying text mining and topic modeling. The earliest studies, dating back to the 1970s, focused on zooplankton. From 2005 onward, research expanded rapidly, with fish and macroinvertebrate emerging as the most studied groups, while fungi remained the least investigated. Topic mapping revealed community‐specific emphases. Fish research often addressed dam impacts; macroinvertebrate research focused on Ephemeroptera, Plecoptera, and Trichoptera (EPT) biotic indices in lotic ecosystems; zooplankton studies highlighted trophic ecology in reservoirs; phytoplankton research emphasized floodplains, cyanobacteria blooms, and abiotic variation; aquatic macrophyte studies explored metacommunities and shallow lakes; meiofauna research centered on Oligochaeta biodiversity; and studies on fungi addressed interactions with macroinvertebrate. The only cross‐community topic was plant‐associated dynamics. We found more rising (“hot”) than declining (“cold”) topics. Hot topics appeared in all groups except phytoplankton and zooplankton. Cold topics included the EPT index (macroinvertebrate) and spatial variation in reservoirs (zooplankton). While most studies addressed fundamental ecology, applied themes such as bioassessment, fisheries, and land‐use change were less common. Experimental approaches were rare. Overall, Brazilian freshwater research has advanced in scope but remains unbalanced. Future efforts should strengthen applied and experimental ecological studies (e.g., through long‐term and large‐scale field experiments and mesocosms), expand knowledge of fungi and meiofauna, and improve taxonomy and functional trait data across freshwater communities, especially in tropical regions.",10.1002/iroh.70039,Exploração Mineral Sustentável,minerais críticos; metais prioritários para a transição energética; extração mineral sustentável
"Potential Of Pornunça Hay To Improve The Fermentation Profile, Yield, And Chemical Composition Of Spineless Cactus-Based Silage","This study evaluated the fermentation profile, losses, aerobic stability, microbial populations, and nutritional value of silages produced from spineless cactus forage with increasing levels of pornunça hay. A completely randomized design with five treatments (0%, 7.5%, 15.0%, 22.5%, and 30.0% pornunça hay on a natural matter basis) and five replicates was employed, totaling 25 PVC mini‐silos (10 cm diameter × 30 cm length) with a compaction density of 700 kg/m 3 and equipped with Bunsen valves. The inclusion of pornunça hay led to a linear decrease ( p &lt; 0.05) in pH, effluent losses, and total losses, and a linear increase in acetic acid concentration and dry matter (DM) recovery. Ammoniacal nitrogen, lactic acid, gas losses, thermal amplitude, and forage losses were quadratically influenced ( p &lt; 0.05) by hay levels. No significant effects ( p &gt; 0.05) were observed on LAB counts, silage temperatures, or aerobic stability. DM content increased linearly, while ash, crude protein, ether extract, NDF, ADF, hemicellulose, and NFC responded quadratically ( p &lt; 0.05). Total carbohydrate content was not significantly affected ( p &gt; 0.05). An inclusion level of 21.2% pornunça hay is recommended to optimize nutritional quality and minimize losses.",10.1002/jag2.70009,"Energias Renováveis, Biomassa e Combustíveis Verdes",biomassa; aproveitamento energético de resíduos
Genotoxicity Studies Are Necessary For Biomonitoring Individuals Living In High¿risk Regions,"In recent decades, genotoxicity has emerged as a key event of biomonitoring individuals exposed to environmental pollutants. In the study recently published in the Journal of Applied Toxicology titled “Cytogenetic Monitoring of Residents Living Near a Petroleum Refinery and Steel Factory in Erbil, Iraq” (doi: 10.1002/jat.70039), genotoxicity was identified in individuals living near the oil refinery in Erbil, Iraq. While these data are interesting, further analysis is necessary to accurately interpret the findings.",10.1002/jat.70074,Exploração Mineral Sustentável,minerais críticos; metais prioritários para a transição energética; extração mineral sustentável
In Vivo Evaluation Of Porous Implants: Alpha-Tricalcium Phosphate Cement And Polymers Obtained By Different Manufacturing Processes,"This study introduces a comparative in vivo evaluation of four synthetic biomaterials with distinct resorption profiles-double-setting alpha-tricalcium phosphate (α-TCPdp), α-TCPdp combined with a lactic-co-glycolic acid and poly(isoprene) copolymer (PLGA/PI), and two 3D-printed polymers, acrylonitrile butadiene styrene (ABS) and polyamide (PA)-for reconstruction of critical-sized mandibular defects in rabbits. Twenty animals were divided into four groups (n = 10 defects each) and evaluated at 30, 60, and 120 days post-implantation through clinical, radiographic, histopathological, and scanning electron microscopy analyses. All implants exhibited excellent biocompatibility, osseointegration, and absence of adverse tissue reactions. ABS and PA promoted significantly greater early bone neoformation compared to α-TCP-based cements, whereas α-TCPdp and α-TCPdp + PLGA/PI underwent gradual bone replacement via surface degradation and creeping substitution. The addition of PLGA/PI reduced the inflammatory response without compromising osteoconductivity. SEM analysis, enhanced by an adapted decalcification protocol, confirmed continuous bone ingrowth and intimate bone-implant contact. This work provides the first direct comparison of α-TCPdp and polymer-based implants in a mandibular critical defect model, highlighting the potential of both absorbable and non-absorbable biomaterials for customized craniofacial reconstruction.",10.1002/jbm.b.35688,Exploração Mineral Sustentável,minerais críticos; metais prioritários para a transição energética
Assessment Of The Physiological Performance Of The Invasive Oriental Shrimp                            From An Atypical Marine Population,"Abstract Since 2000, a well‐established population of the invasive oriental shrimp Palaemon macrodactylus has been present in fully marine conditions in the southwestern Atlantic Ocean (~38° S). To assess the physiological performance of this atypical population restricted to fully marine conditions, we conducted a laboratory experiment in which individuals were transferred from 35 ‰S (local seawater) to 2 ‰S; 5 ‰S; 10 ‰S; 20 ‰S; 50 ‰S and 60‰ for short (6 h), medium (48 h), and long (>504 h) acclimation periods. We measured the time course response of relevant parameters in the shrimp's hemolymph; activity of Na+, K+‐ATPase (NKA), and V‐H+‐ATPase (VHA); and muscle water content. Shrimp showed great osmoregulatory plasticity, being able to survive for long periods between 5 ‰S and 50 ‰S, whereas no individual survived after transfer to either 2 ‰S or 60 ‰S. Shrimp hyper‐regulated hemolymph osmolality at 5 ‰S and 10 ‰S, hypo‐regulated at 35 ‰S and 50 ‰S, and isosmoticity was close to 20 ‰S. Compared to 35 ‰S, prolonged acclimation to 5 ‰S caused a decrease in hemolymph osmolality (~34%) along with sodium and chloride concentrations (~24%); the NKA and VHA activities decreased by ~52% and ~88%, respectively, while muscle water content was tightly regulated. Our results showed that the atypical population of P. macrodactylus studied here lives in a chronic hypo‐osmo‐ion regulatory state and suggest that fully marine conditions contribute to its poor performance at the lower limit of salinity tolerance (<5 ‰S).",10.1002/jez.2843,Exploração Mineral Sustentável,prospecção e caracterização mineral
Rethinking Plasticity In Sponges,"What lies behind the extraordinary phenotypic plasticity of sponges? We used this question to conduct a systematic review of how ""phenotypic plasticity"" is approached in the literature regarding the phylum Porifera. First, we gathered information on what the literature says about plasticity in sponges. Next, we analyzed its usage contexts, distinguishing between plasticity as a general feature versus a specific process linked to environmental triggers or genetic variation. Thus, we critique the overuse of synonymous terms that fail to capture the concept's complexity and advocate for greater precision to advance research. Finally, we advocate for precise and consistent terminology as an essential requirement for advancing research on sponge phenotypic plasticity. Phenotypic plasticity in sponges is a multifaceted phenomenon. We focused on the rationale behind the term's use and its underlying biological assumptions, proposing a categorization into three levels: (1) intraindividual/cellular plasticity, regarding modifications in a single organism's structures; (2) individual plasticity, involving whole-organism adaptation; and (3) population-level plasticity, where variability occurs among individuals of the same species. This framework distinguishes between changes within a single organism and broader variation patterns, highlighting scale-specific biological constraints. Recognizing sponges as highly plastic organisms was only the beginning. We advanced our comprehension by addressing key evolutionary questions and knowledge gaps that remain essential to guide future research on the molecular, ecological, and evolutionary implications of plasticity in this phylum.",10.1002/jez.b.70035,Exploração Mineral Sustentável,minerais críticos
Practical Synthesis Of (s)-Pyroglutamic Acid,"Abstract A simple and rapid synthesis of (S)‐pyroglutamic acid was developed by the thermal cyclodehydration of (S)‐glutamic acid under solvent‐free conditions, with continuous swirling during heating (220°C) to ensure homogeneity of the melt. The reaction proceeds until the bubbles disappear, not exceeding 5 min. The heating immediately ceases, then cooling the reaction vessel to prevent degradation and racemization. (S)‐pyroglutamic acid is obtained in 70% yield, and the enantiomeric ratio is 97:3. The same reaction under microwave heating in an aqueous solution afforded a low yield of racemic product.",10.1002/JHET.4813,"Energias Renováveis, Biomassa e Combustíveis Verdes",biocombustíveis e combustíveis verdes
Defensive Behavior And Integumentary Morphology Of The Hairy Dwarf Porcupine Coendou Spinosus</i> (rodentia: Erethizontidae),"New World porcupines (Erethizontidae) exhibit behaviors and possess integumentary structures, including the quills, that are used for self-defense. The North American porcupine (Erethizon dorsatum) has been well studied regarding these features; however, information is lacking for the South American Coendou species. We describe the defensive behavior and integumentary morphology of Coendou spinosus to understand the defensive strategies of this species and to compare with those reported for other species. We assessed the behaviors related to warning, defense, and escape of eight porcupines, as well as the characteristics of their pelage and quills. Furthermore, we microscopically analyzed skin samples of a roadkill adult male specimen. Similar to E. dorsatum, C. spinosus exhibited omnidirectional quill erection, revealing an aposematic color and, with their backs toward the perceived human threat, they performed quick tail and body movements to strike the hands of the human trying to capture them by the tail. Furthermore, C. spinosus presented an integumentary structure similar to that of E. dorsatum, and mechanisms to facilitate quill release when touched, penetration, and fixation in the opponent. The most distinct warning behavior noted was the vibration of the quills, which has not been reported for Erethizon. Our study confirms that, like other erethizontids, C. spinosus does not attack but exhibits warning, defense, and escape mechanisms and behaviors when threatened or touched. The dissemination of such information helps to counter the negative stigma associated with porcupines, as they can be the victims of attacks by dogs and humans, and to promote their conservation.",10.1002/jmor.70000,Exploração Mineral Sustentável,
The Third Vaccine Dose Significantly Reduces Susceptibility To The B.1.1.529 (omicron) Sars-Cov-2 Variant,"The main coronavirus disease 2019 (COVID-19) vaccine formulations used today are mainly based on the wild-type severe acute respiratory syndrome coronavirus 2 (SARS-CoV-2) spike glycoprotein as an antigen. However, new virus variants capable of escaping neutralization activity of serum antibodies elicited in vaccinated individuals have emerged. The Omicron (B.1.1.529) variant caused epidemics in regions of the world in which most of the population has been vaccinated. In this study, we aimed to understand what determines individual's susceptibility to Omicron in a scenario of extensive vaccination. For that purpose, we collected nasopharynx swab (n = 286) and blood samples (n = 239) from flu-like symptomatic patients, as well as their vaccination history against COVID-19. We computed the data regarding vaccine history, COVID-19 diagnosis, COVID-19 serology, and viral genome sequencing to evaluate their impact on the number of infections. As main results, we showed that vaccination in general did not reduce the number of individuals infected by Omicron, even with an increased immune response found among vaccinated, noninfected individuals. Nonetheless, we found that individuals who received the third vaccine dose showed significantly reduced susceptibility to Omicron infections. A relevant evidence that support this finding was the higher virus neutralization capacity of serum samples of most patients who received the third vaccine dose. In summary, this study shows that boosting immune responses after a third vaccine dose reduces susceptibility to COVID-19 caused by the Omicron variant. Results presented in this study are useful for future formulations of COVID-19 vaccination policies.",10.1002/jmv.28481,"Energias Renováveis, Biomassa e Combustíveis Verdes",
Trends In The Morbidity And Mortality Of Covid-19 In Different Ethnic Groups And Gender In A Large Brazilian City,"As the coronavirus disease 2019 (COVID-19) outbreak spread, evidence has emerged that gender and race would bear a disproportionate impact on the morbimortality of COVID-19. Here, we conducted a retrospective observational study using the TabNet/Departamento de informática do sistema único de saúde platform of the city of São Paulo. COVID-19 records from March 2020 through December 2021 were included, and we evaluated the temporal trends of confirmed cases and case fatality rate by gender and ethnicity. Statistical analysis was performed using the R-software and BioEstat-software, considering p < 0.05 significant. From March/2020 to December/2021, 1 315 160 COVID-19 confirmed cases were recorded (57.1% females), and 2973 deaths were due to COVID-19. Males presented higher median mortality (0.44% vs. 0.23%; p < 0.05) and intensive care unit (ICU) admission rates (0.34% vs. 0.20%; p < 0.05). Men were also associated with a higher risk of death (risk ratio [RR] = 1.28; p < 0.05) and a higher chance of requiring ICU care (RR = 1.29; p < 0.05). Black ethnicity was associated with a higher risk of death (RR = 1.19; p < 0.05). White patients were more likely to require ICU admission (RR = 1.13; p < 0.05), whereas Browns were associated with a protective effect (RR = 0.86; p < 0.05). Furthermore, men presented a higher chance of death than women across the three major ethnic groups: Whites (RR = 1.33; p < 0.05), Blacks (RR = 1.24; p < 0.05), and Browns (RR = 1.35; p < 0.05). In this study of COVID-19 in São Paulo, men were associated with worse outcomes, including in the three major ethnicities in the population. Blacks exhibited a higher risk of death, Whites were more likely to require intensive care, and Browns were at protection from ICU hospitalization.",10.1002/jmv.28794,Eficiência Energética,redução do consumo energético em processos produtivos; tecnologias e equipamentos de alta eficiência
"Risk Factors For Viral Coinfections In Blood Donors In Bahia, Brazil","Human Immunodeficiency Virus (HIV), Human T Lymphotropic Virus (HTLV), Hepatitis B Virus (HBV) and Hepatitis C Virus (HCV) coinfection may lead to disease progression or worsen its clinical presentation. Viral coinfections screening during blood donation is critical. To identify risk factors for coinfection among blood donors, we assessed the blood donations at the Fundação de Hematologia e Hemoterapia da Bahia, from 2008 to 2017. We compared serological/molecular evidence of single infection versus two or more viral blood-borne infections-BBI). A multivariable logistic regression model was performed to evaluate independent associations between characteristics of donors with single infection and multiple infection using ""non-infection"" category as reference. Among 777,446 collected blood donations, 27 358 (3.5%) were reactive, most (n = 26 677, 97.6%) for a single infection and 681 (2.4%) for coinfection. The most frequent coinfections were HBV-HIV (30.6%), HBV-HCV (30.4%), and HBV-HTLV (24.4%). Male sex, lower education, being single, and being a first-time donor were independently associated with both single and coinfections. Nevertheless, the adjusted odds for risk factors of coinfections were much higher than those for single infection. Donors with single and coinfection for BBI shared identical risks, but they were significantly higher for coinfection. Preventive strategies addressing the identified risks can decrease transmission of viral BBI by blood transfusion.",10.1002/jmv.70186,Eficiência Energética,redução do consumo energético em processos produtivos
South-To-Southeast Expansion Of Hiv-1 Subtype C In Brazil,"HIV-1 group M subtype C (HIV-1C) is the predominant genetic variant in southern Brazil but has been sparsely detected in other regions of the country. Our study aimed to identify HIV-1C transmission links across Brazil using phylogenetic reconstruction and to infer trends in geographical patterns and dissemination beyond the southern region. We retrieved 3693 HIV-1C (partial pol) sequences from NCBI and LANL databases and applied maximum likelihood phylogenetic reconstruction to infer transmission clusters, using clade confidence (SH-aLRT) and intracluster genetic distance as critical parameters. Our results suggest that the Southern states of Brazil have played a key role in fueling the HIV-1C epidemic in São Paulo, particularly through transmissions from Paraná and Santa Catarina. In contrast, despite having one of the highest HIV-1C prevalence rates of Brazil, Rio Grande do Sul exhibited a highly concentrated epidemic with limited epidemiological linkages to other states. São Paulo seems to be a crucial hub for HIV-1C dissemination, connecting the epidemic in the southern states with other regions. Central states may act as secondary hubs, facilitating connections between the southeastern and northeastern regions. This study enhances the understanding of the geographical dynamics and expansion patterns of HIV-1C in Brazil, emphasizing the significance of regional epidemiological connections.",10.1002/jmv.70580,Exploração Mineral Sustentável,
The Effect Of Antireaction Medications On The Association Between Periodontitis And Leprosy Reactions: An Important Methodological Issue In Periodontal Medicine,"BACKGROUND: The treatment of leprosy reactions (LRs) involves thalidomide, corticosteroids, and other immunomodulatory medications. This study evaluated the effect of these treatments on the association between periodontitis and LRs, as well as factors associated with LRs. METHODS: This case-control study was conducted on 283 individuals followed at a leprosy outpatient clinic in Brazil. The case group was comprised of 158 individuals presenting type 1 or type 2 LRs, and the control group of 125 leprosy individuals without reactions. A complete oral examination was performed to diagnose periodontitis, the independent variable. Antireaction medication used was collected from medical records, and participants were classified according to the use of prednisone and/or thalidomide, time of use, or non-use of medication. Socioeconomic-demographic, clinical, and lifestyle covariables were collected by interview. Unconditional logistic regression analysis by subgroups evaluated the effect of antireaction medication on the association between periodontitis and LRs, estimating the odds ratio with a 95% confidence interval (OR; 95% CI). RESULTS: = 0.32; 95% CI = 0.11-0.95. Conversely, more severe periodontal clinical parameters were observed in cases versus controls. Several socioeconomic, health conditions, and lifestyle factors were associated with the presence of LRs. CONCLUSIONS: Although periodontal disease indicators were worse among the cases, the findings showed a negative relationship between periodontitis and LRs in individuals receiving associated prednisone and thalidomide. These medications appear to influence the inflammatory cascade between diseases, modifying and masking the manifestations of periodontitis.",10.1002/JPER.23-0725,Eficiência Energética,redução do consumo energético em processos produtivos; tecnologias e equipamentos de alta eficiência
"Relationships Between Periodontitis, Tooth Loss, And Metabolic Syndrome Indicators","Abstract Background This study investigates how poor oral health impacts metabolic alterations, specifically evaluating the effects of periodontitis and tooth loss, either individually or in combination, on the number of metabolic syndrome (MetS) indicators. Methods A cross‐sectional study was conducted with 1281 individuals aged 18 and older, attending public health clinics. Physical exams and laboratory tests were performed to diagnose and determine MetS indicators as defined by the National Cholesterol Education Program Adult Treatment Panel III (NCEP‐ATP III) and the Joint Interim Statement (JIS). Oral exams assessed tooth loss and periodontitis severity. Multinomial regression analysis was used, and adjusted prevalence ratios (PR adjusted ) with 95% confidence intervals (95%CI) were calculated. Results MetS prevalence ranged 32.3–40.7%. Periodontitis distribution was no ( n = 202), mild (stage I; n = 7), moderate (stage II; n = 649), severe (stage III/IV; n = 412). Multinomial regression models revealed that periodontitis occurrence and severity, along with tooth loss, were independently associated with MetS, with stronger associations in individuals with 4 to 5 negative metabolic indicators (PR adjusted for periodontitis = 2,09; [95%CI:1.20–3.67]; PR adjusted for severe periodontitis = 2.11; [95%CI:1.04–4.29]; PR adjusted for tooth loss = 2.13; [95%CI:1.38–3.28]). The combined effect of periodontitis and tooth loss significantly increased the likelihood of having 4 to 5 MetS indicators (PR adjusted = 3.59; [95%CI:1.47–8.78]; PR adjusted = 5.58; [95%CI:2.45–12.75] for NCEP‐ATP III and JIS criteria, respectively). Conclusions Periodontitis and tooth loss are positively associated with MetS, with stronger associations observed in individuals with more severe metabolic alterations. The combined presence of these oral conditions increases the likelihood of greater metabolic impairment. Plain language summary This study examines the impact of poor oral health on metabolic syndrome (MetS). It finds that both periodontitis and tooth loss are associated with a higher number of MetS indicators. These associations are particularly stronger in individuals with more severe metabolic alterations. Additionally, individuals with both periodontitis and tooth loss are more likely to exhibit metabolic dysfunctions, including hypertension, hyperglycemia, obesity, and dyslipidemia. This highlights the critical need for integrated care addressing both periodontal and metabolic health in clinical practice.",10.1002/jper.70022,Eficiência Energética,redução do consumo energético em processos produtivos
Analysis Of The Impact Of A Biostimulant Developed With Carbon Dot And Brazil s Dependence On Foreign Technologies,"Abstract Fertilizers developed using carbon quantum dot nanotechnology may mitigate Brazil's technological dependence, directly influencing the future of global food production. Technological prospecting in the field of C‐dot‐based fertilizers revealed a global scarcity of such technologies, indicating high development potential. Although 10,000 patent results were identified, only 26 met the filtering criteria for fertilizers containing C‐dots. The association with the dispersion index derived from World Bank data indicates that Brazil is in a prominent position to shape the future of food production. Data from Brazilian institutions show that the importation of approximately 6 million tons of intermediate fertilizers—crucial inputs for food production—compared to 1 million tons produced domestically has remained stagnant over the years, representing a potential future risk. Based on extensive research involving patent prospecting databases, World Bank data, and reports from Brazilian institutions, it was found that the nanotechnology known as Arbolina, developed in partnership between the University of Brasília, Embrapa, and Krilltech, may represent a promising pathway toward a positive and sustainable future in food distribution for a global population projected to reach 9 billion by 2050. Technological investment in fertilizer innovation in Brazil is therefore a matter of global relevance.",10.1002/jsf2.70025,"Energias Renováveis, Biomassa e Combustíveis Verdes",biocombustíveis e combustíveis verdes
The Use Of Edible Insects In Human Food,"The world population is expected to reach approximately 10 billion people by 2050, which will significantly increase global food demand and may lead to agricultural shortages and a higher risk of food insecurity. In this context, this review discusses the potential of insects as alternative sources of animal protein, addressing their nutritional, environmental, and social aspects. More than 2000 insect species have been identified as safe for human consumption, offering a wide range of nutrients, including proteins, lipids, minerals, and vitamins at different life stages such as eggs, larvae, pupae, and adults. The fat content of edible insects ranges from 2% to 62%, with a predominance of unsaturated fatty acids, which can account for up to 75% of total fatty acids. Protein content varies between 20 and 76 g per 100 g of dry weight. In addition to their nutritional value, insect-based food production presents several environmental advantages, including lower water consumption, reduced greenhouse gas emissions, and higher feed conversion efficiency. Beyond human consumption, insects have also been traditionally used for medicinal and therapeutic purposes. Continued research and increasing consumer acceptance may enable insects to play a crucial role in transforming the food industry and contributing to a more sustainable and resilient global food system. © 2026 The Author(s). Journal of the Science of Food and Agriculture published by John Wiley & Sons Ltd on behalf of Society of Chemical Industry.",10.1002/jsfa.70475,"Energias Renováveis, Biomassa e Combustíveis Verdes",biomassa
Mineral Profile Of Cocoa Powder: Analytical Approach In Commercial Samples,"BACKGROUND: Cocoa powder is widely used in the food industry and has high nutritional value due to its composition, including minerals. The main factors related to the presence of minerals in cocoa powder are soil, processing, and cultivation practices. Given the high consumption of cocoa products and the need for information on their mineral composition, accurate assessments are important to ensure quality and consumer safety. In this study, the mineral content of commercial alkalized and natural cocoa powder samples from 12 countries was determined. RESULTS: Total mineral content was as follows: K, 16 921-63 731 mg kg⁻¹; P, 2129-9253 mg kg⁻¹; Mg, 2900-6183 mg kg⁻¹; Ca, 488-3985 mg kg⁻¹; Fe, 97.3-1154 mg kg⁻¹; Al, 5.65-917 mg kg⁻¹; Mn, 34.6-59.1 mg kg⁻¹; Cu, 21.9-48.1 mg kg⁻¹; Ni, 5.64-14.9 mg kg⁻¹; Cr, 0.479-18.5 mg kg⁻¹; and Cd, 0-1.30 mg kg⁻¹. Mineral content varied among samples, and hierarchical cluster analysis (HCA) grouped them into four clusters, as confirmed by principal component analysis (PCA). Sixteen samples exceeded the maximum cadmium limits. CONCLUSION: The proposed procedure was effective for determining minerals in cocoa powder. The samples showed wide variation across all elements and provided insights into the macro- and micronutrient composition of alkalized and natural cocoa powders. © 2026 The Author(s). Journal of the Science of Food and Agriculture published by John Wiley & Sons Ltd on behalf of Society of Chemical Industry.",10.1002/jsfa.70742,Exploração Mineral Sustentável,prospecção e caracterização mineral; processamento mineral; reciclagem e recuperação de minerais
Cancer Risk-Reducing Surgery: Brazilian Society Of Surgical Oncology Guideline Part 1 (gynecology And Breast),"BACKGROUND: Risk-reducing operations are an important part of the management of hereditary predisposition to cancer. In selected cases, they can considerably reduce the morbidity and mortality associated with cancer in this population. OBJECTIVES: The Brazilian Society of Surgical Oncology (BSSO) developed this guideline to establish national benchmarks for cancer risk-reducing operations. METHODS: The guideline was prepared from May to December 2021 by a multidisciplinary team of experts to discuss the surgical management of cancer predisposition syndromes. Fourteen questions were defined and assigned to expert groups that reviewed the literature and drafted preliminary recommendations. Following a review by the coordinators and a second review by all participants, the groups made final adjustments, classified the level of evidence, and voted on the recommendations. RESULTS: For all questions including risk-reduction bilateral salpingo-oophorectomy, hysterectomy, and mastectomy, major agreement was achieved by the participants, always using accessible alternatives. CONCLUSION: This and its accompanying article represent the first guideline in cancer risk reduction surgery developed by the BSSO, and it should serve as an important reference for the management of families with cancer predisposition.",10.1002/jso.26812,Exploração Mineral Sustentável,
Cancer Risk-Reducing Surgery: Brazilian Society Of Surgical Oncology Guideline Part 2 (gastrointestinal And Thyroid),"BACKGROUND: Risk-reducing operations are an important part of the management of hereditary predisposition to cancer. In selected cases, they can considerably reduce the morbidity and mortality associated with cancer in this population. OBJECTIVES: The Brazilian Society of Surgical Oncology (BSSO) developed this guideline to establish national benchmarks for cancer risk-reducing operations. METHODS: The guideline was prepared from May to December 2021 by a multidisciplinary team of experts to discuss the surgical management of cancer predisposition syndromes. Eleven questions were defined and assigned to expert groups that reviewed the literature and drafted preliminary recommendations. Following a review by the coordinators and a second review by all participants, the groups made final adjustments, classified the level of evidence, and voted on the recommendations. RESULTS: For all questions including risk-reducing colectomy, gastrectomy, and thyroidectomy, a major agreement was achieved by the participants, always using accessible alternatives. CONCLUSION: This and its accompanying article represent the first guideline in cancer risk reduction surgery developed by the BSSO and it should serve as an important reference for the management of families with cancer predisposition.",10.1002/jso.26813,Eficiência Energética,redução do consumo energético em processos produtivos; tecnologias e equipamentos de alta eficiência
Carbon Sequestration In Aquatic Ecosystems: Recent Advances And Challenges,"TEST 02 - Elsevier's Scopus, the largest abstract and citation database of peer-reviewed literature. Search and access research from the science, technology, medicine, social sciences and arts and humanities fields.",10.1002/lno.12268,Mercado de Carbono,mercado e créditos de carbono; precificação de carbono; monitoramento de emissões
Spatiotemporal Variability Of Dissolved Inorganic Macronutrients Along The Northern Antarctic Peninsula (1996-2019),"Abstract The northern Antarctic Peninsula is a key region of the Southern Ocean due to its complex ocean dynamics, distinct water mass sources, and the climate‐driven changes taking place in the region. Despite the importance of macronutrients in supporting strong biological carbon uptake and storage, little is known about their spatiotemporal variability along the northern Antarctic Peninsula. Hence, we explored for the first time a 24‐year time series (1996–2019) in this region to understand the processes involved in the spatial and interannual variability of macronutrients. We found high macronutrient concentrations, even in surface waters and during strong phytoplankton blooms. Minimum concentrations of dissolved inorganic nitrogen (DIN; 16 μmol kg−1), phosphate (0.7 μmol kg−1), and silicic acid (40 μmol kg−1) in surface waters are higher than those recorded in surrounding regions. The main source of macronutrients is the intrusions of Circumpolar Deep Water and its modified variety, while local sources (organic matter remineralization, water mass mixing, and mesoscale structures) can enhance their spatiotemporal variability. However, we identified a depletion in silicic acid due to the influence of Dense Shelf Water from the Weddell Sea. Macronutrient concentrations show substantial interannual variability driven by the balance between the intrusions of modified Circumpolar Deep Water and advection of Dense Shelf Water, which is largely modulated by the Southern Annular Mode (SAM) and to some extent by El Niño‐Southern Oscillation (ENSO). These findings are critical to improving our understanding of the natural variability of this Southern Ocean ecosystem and how it is responding to climate changes.",10.1002/lno.12424,Exploração Mineral Sustentável,minerais críticos; metais prioritários para a transição energética
Effects Of Oligotrophication On Fish Growth: Insights From A Mesocosm Experiment,"Abstract Human activities can frequently affect aquatic ecosystems in irreversible ways, with flow regulation and water quality being major concerns. Dams can promote the retention of sediments and nutrients, increase water transparency, and reduce primary productivity, all of which characterize the oligotrophication process. Although the beneficial effects of oligotrophication in eutrophic systems are well documented, the oligotrophication process caused by river impoundment can negatively affect aquatic communities in non‐eutrophic systems. Our study aimed to assess the effects of oligotrophication on the specific growth rate of small‐bodied fish. We hypothesized that the fish‐specific growth rate would decrease under an oligotrophic scenario, due to bottom‐up processes. We performed a full‐factorial experiment with nine treatments, using three levels of inorganic turbidity crossed by three levels of nutrients, in mesocosms during 24 d. In each tank, we added plankton and 30 individuals of Moenkhausia forestii , a fish species with omnivorous feeding habits. The fish were weighed at the beginning and at the end of the experiment to calculate specific growth rates. We observed a significant interaction between inorganic turbidity and nutrients on the specific growth. The smallest reduction in growth rate occurred in treatments with intermediate turbidity and high nutrient levels (T2N3), and high turbidity and high nutrient levels (T3N3). Our results indicate that changes in inorganic turbidity and nutrients, coinciding with oligotrophication caused by river dams, would negatively affect fish growth, which could have severe implications for fishery production and irreversible impacts on aquatic ecosystems.",10.1002/lno.70198,Exploração Mineral Sustentável,extração mineral sustentável; redução e aproveitamento de resíduos e rejeitos
Quercetin: A Light In The Fight Against Mrsa,"Antimicrobial photodynamic therapy (aPDT) for treating methicillin-resistant Staphylococcus aureus (MRSA) infections has gained increasing attention in recent years. This study aimed to evaluate the potential of quercetin as a photosensitizer for aPDT. In vitro assays were conducted to assess the cytotoxicity and the antibacterial activity of quercetin photoactivated with blue LED light. In in vivo assays, and intradermal infection model was conducted in mice to evaluate the quercetin antimicrobial activity and cytokine production. The in vitro experiments showed low compound toxicity and antimicrobial activity accompanied by the generation of singlet oxygen. BALB/c mice infected with MRSA and treated with quercetin exhibited a reduced bacterial load in the draining lymph nodes and decreased recruitment of polymorphonuclear cells at the infection site. In response to infection, a strong interaction between the cytokines IL-12 and TNF-α was observed in the groups treated with quercetin. These observations support quercetin's anti-inflammatory and antimicrobial potential in infections with resistant strains of MRSA.",10.1002/mbo3.70090,"Energias Renováveis, Biomassa e Combustíveis Verdes",biocombustíveis e combustíveis verdes
Mother s Smoking Habits Affects Il10</i> Methylation But Not Asthma In Ecuadorian Children,"There is no evidence evaluating the IL10 epigenetic upregulation among mestizo children in a high-altitude Andean city in Latin America. OBJECTIVE: To identify polymorphisms and methylation profiles in the IL10 gene associated with asthma in children aged 5 to 11. METHODS: A case-control study was conducted with asthmatic and non-asthmatic children aged 5 to 11 years in Cuenca-Ecuador. Data on allergic diseases and risk factors were collected through a questionnaire for parents. Atopy was measured by skin prick test (SPT) to relevant aeroallergens. Three IL10 single nucleotide polymorphisms were evaluated in all participants, and methylation analysis was performed in 54 participants. Association between risk factors, allergic diseases and genetic factors were estimated using multivariate logistic regression. RESULTS: The results of polymorphisms showed no differences between cases and controls when comparing the SNPs rs3024495, rs3024496, rs1800896 allelic and genotypic frequencies. In the methylation analysis, no differences in the IL10 methylation profile were found between cases and controls; however, the multivariate analysis showed an association between the mother's smoking habits and the IL10 methylation profile. CONCLUSION: Smoking habit could be essential as an environmental exposure factor in regulating gene expression in children with asthma.",10.1002/mgg3.2438,Eficiência Energética,redução do consumo energético em processos produtivos
Association Between Industrialized Dietary Pattern And Cardiometabolic Risk Factors In Children With Fto Rs9939609 Gene Polymorphism,"Dietary patterns may increase cardiometabolic risk, especially in genetically predisposed individuals. Thus, the present study evaluated the association between dietary patterns and cardiometabolic risk factors in children with fat mass and obesity associated (FTO) gene polymorphism. A cross-sectional survey of 258 children aged 4-7 years. Body composition was determined with dual-energy x-ray absorptiometry (DEXA). Biochemical samples and blood pressure were analyzed. Genotyping of rs9939609 was performed using oral swab samples and the TaqMan SNP test. Multiple linear regression stratified by FTO gene categories analyzed the association between dietary patterns and cardiometabolic risk factors. The prevalence of polymorphism was 20.2%. Five dietary patterns were identified: ""Traditional"", ""Industrialized"", ""Milk and chocolate milk"", ""Snack"", and ""Natural"". Associations were found between the ""Industrialized"" dietary pattern and both the triglyceride-glucose (TyG) index (β = 0.06; 95% confidence interval [CI]: 0.01-0.11) and triglycerides (β = 7.47; 95% CI: 0.73-14.21) in children with polymorphism. Additionally, ""Milk and Chocolate Milk"" pattern was associated with the TyG index (β = 0.03; 95% CI: 0.00-0.07) in children with a risk allele. For children with FTO gene polymorphism, adherence to the ""Industrialized"" dietary pattern was associated with cardiometabolic risk, highlighting the need for nutritional strategies to prevent.",10.1002/mnfr.70254,Eficiência Energética,redução do consumo energético em processos produtivos; tecnologias e equipamentos de alta eficiência
A Novel Polyhipe-Like Catalyst For Esterification Reactions: On The Synthesis Of Sulfonated Poly(styrene- -N-Acylglycerol) And Its Use For Efficient Conversion Of Oleic Acid To Methyl Oleate,"Abstract The current work describes the synthesis of a new polyHIPE‐like sulfonated poly(styrene‐ co ‐n‐acylglycerol) and its use as an efficient heterogeneous catalyst to convert oleic acid into methyl oleate in esterification reactions. This new environmentally friendly polymer incorporates n‐acylglycerol macromonomer as a versatile strategy for glycerol valorization. Macroporous micrometric polymer particles are synthesized through suspension polymerization process without using porogenic agents. polyHIPE‐like copolymers formed with different feed compositions of styrene and n ‐acylglycerol are chemically modified via sulfonation reactions to form a highly efficient catalyst for esterification of oleic acid to methyl oleate, exhibiting conversions lying in the interval from 52% to 96%, depending mainly on the amount of n ‐acylglycerol macromonomer into the copolymer chains. The experimental results indicate the great potential of this new heterogeneous catalyst based on modified poly(styrene‐ co ‐n‐acylglycerol) to be successfully employed in esterification reactions of vegetable oils intended for the production of long chain alkyl esters of carboxylic acids, widely used as biofuels.",10.1002/mren.202200055,"Energias Renováveis, Biomassa e Combustíveis Verdes",biocombustíveis e combustíveis verdes; biorrefino e biorrefinarias
Parasacral Transcutaneous Electrical Neural Stimulation Versus urotherapy In Primary Monosymptomatic Enuresis: A Prospective Randomized Clinical Trial,"OBJECTIVE: To evaluate the clinical response of parasacral transcutaneous electrical neural stimulation (parasacral TENS) associated with urotherapy in children with primary monosymptomatic nocturnal enuresis (PMNE) compared to urotherapy alone. MATERIAL AND METHODS: This prospective controlled clinical trial enrolled 72 children over 5 years of age with PMNE. Children were randomly divided into two groups, control group (CG), treated with urotherapy and scapular stimulation, and experimental group (EG), treated with urotherapy and parasacral TENS. In both groups, 20 sessions were performed, 3 times weekly, for 20 min each, with 10 Hz frequency, 700 μS pulse width and intesity determinated by the patient threshold. The percentages of dry nights were analyzed for 14 days before treatment (T0), after the 20th session (T1), 15 (T2), 30 (T3), 60 (T4), and 90 (T5) days after the end of the sessions. Patients of both groups were followed with intervals of 2 weeks in the first month and monthly for three consecutive months. RESULTS: Twenty-eight enuretic children, 14 girls (50%) with a mean age of 9.09 ± 2.23 years completed the study. There was no difference in mean age between groups. Mean percentage of dry nights in EG at T0 was 36%, at T1 49%, at T2 54%, at T3 54%, at T4 54%, and 57% at T5; while in CG, these percentages were 28%, 39%, 37%, 35%, 36%, and 36%, respectively. CONCLUSIONS: Parasacral TENS associated with urotherapy improves the percentage of dry nights in children with PMNE, although no patient had complete resolution of symptoms in this study.",10.1002/nau.25207,Eficiência Energética,eficiência energética industrial; redução do consumo energético em processos produtivos; tecnologias e equipamentos de alta eficiência
Efficacy Of Educational Instructions On Pelvic Floor Muscle Training In The Treatment Of Urinary Incontinence: Systematic Review And Meta-Analysis,"OBJECTIVE: The present study aimed to investigate the efficacy of educational interventions on pelvic floor (PF) muscle training in the treatment of urinary incontinence (UI). METHODS: This is a systematic review of literature with meta-analysis, performed according to the Preferred Reporting Items for Systematic Reviews and Meta-Analysis (PRISMA). To do so, randomized clinical trials that performed educational interventions of PF, UI, and developed the training of PF muscles (TPFM) for incontinent women, performing group or individual comparisons, with control and experimental groups or with two or more experimental groups were selected. The search for papers was performed in the following databases: PubMed, Scopus, Embase, Web of Science, and SciELO, no specific publication date was chosen. The risk of bias was performed using the PEDro scale and the quality of the evidence was performed using GRADE. RESULTS: The review included six studies with 1003 participants. Most studies presented 5-8 points regarding risk of bias. Most of the studies were performed in the last 5 years, with women of various ages, high educational level and prevalence of UI of effort. The present study showed that offering educational instructions and guiding women on TPFM was capable of reducing urinary symptoms. When compared to control, significant between-group differences were found in the studies, in which the control group did not receive any kind of instructions or treatment (p < 0.05). The use of technologies through mobile apps was efficient in the treatment of incontinent women (p < 0.05). Performing TPFM individually or in groups did not present differences in the results, with both improving urinary symptoms. The meta-analysis presented a mean effect and a clinically important difference in three studies. CONCLUSION: The interventions involving instructions to TPFM associated to health education brought improvements to urinary symptoms.",10.1002/nau.25287,Eficiência Energética,redução do consumo energético em processos produtivos; tecnologias e equipamentos de alta eficiência
Mitigating Competition Between Apis Mellifera</i> Workers And Reintroduced Birds By Natural Repellent Use,"Apis mellifera competes with reintroduced birds for nests and feeders, reducing bird useof these resources and affecting their breeding success. Conversely, control measures such as insecticide use may negatively impact native bee populations. Identifying natural repellents is key to conserving both taxa. This study focused on evaluating the effectiveness of citronella, lemongrass, peppermint, clove basil oils, and 2‐heptanone as bee repellents and assessed the impact of the most effective substance as a repellent on bird and bee presence in a bird reintroduction area. Petri dishes containing a food attractant were placed in an apiary, with the test substances sprayed around the outer edge of each dish. Repellency was evaluated by measuring the following: time until the first bee arrived at the dish, time to deplete the attractant, and number of bees during exposure. Then, we recorded the number of birds and bees feeding at feeders in the reintroduction area before and after repellent application. Clove basil was the most effective bee repellent. At the feeders, we found a negative association between bee and bird presence, and repelling bees increased bird visitation. These results highlight the potential of natural repellents as a conservation tool to mitigate interspecific competition in similar conservation scenarios.",10.1002/njz2.70009,Exploração Mineral Sustentável,redução e aproveitamento de resíduos e rejeitos
Use Of Artificial Nests And Feeders By Birds And Social Insects In Conservation Areas,"Bird biodiversity faces persistent threats from habitat loss, wildlife trafficking, and exotic species. Conservation strategies such as artificial nests and supplementary feeders are widely implemented to support managed populations. However, these structures may also facilitate resource overlap among taxa. We inspected artificial and natural nests and feeding stations in conservation areas to document patterns of use by birds, bees, and social wasps, and conducted a Hymenoptera survey to compare artificial‐structure occupants with local diversity. Nest occupancy differed by nest type and height, with wasps were more commonly recorded in lower polyvinyl chloride nests, while birds and bees occupied wooden and natural cavities at similar heights. At feeders, birds and wasps frequently cooccurred without displacement, whereas the exotic honeybee Apis mellifera consistently displaced birds upon arrival. Of the 46 Hymenoptera species recorded in the area, only six used artificial structures. We also documented a fatal attack by A. mellifera on Ara ararauna . These findings highlight how artificial structures are differentially used by taxa and underscore the importance of monitoring their implementation in conservation contexts.",10.1002/njz2.70024,Exploração Mineral Sustentável,reciclagem e recuperação de minerais
Numerical Modelling Of Ground-Penetrating Radar Using Chebyshev Expansion And Lie Product Formula,"Abstract In this paper, we have presented two highly accurate numerical schemes for modelling of ground‐penetrating radar (GPR) in two dimensions. These schemes have been derived from the analytical solution of Maxwell's equations. The first scheme uses Lie product formula and Taylor expansion, and the second scheme uses Chebyshev expansion. The accuracy of the proposed schemes has been evaluated by comparison with the analytical solution for a homogeneous medium. We have also shown simulations of some geoelectric models with different structural complexities, and the results confirm the accuracy of the proposed schemes. Moreover, we have presented a wavefield separation method based on Poynting vector information, which is capable of separating the wavefield in any direction. The proposed numerical schemes have been applied to reverse time migration using the Poynting vector. A comparison with conventional reverse time migration results shows that the migration noise is well suppressed using the wavefield separation based on the Poynting vector and cross‐correlation imaging condition, resulting in higher precision imaging results.",10.1002/nsg.70068,Eficiência Energética,tecnologias e equipamentos de alta eficiência
Plants And Insect Eggs: First Report Of A Katydid Using A Fern As Host For Oviposition,"Ferns are the second most diverse lineage of vascular plants worldwide and are particularly abundant in tropical forests. However, the ecological significance of such remarkable diversity has been often underestimated. In this article, we report for the first time the observation of ferns, specifically Polytaenium cajenense (Desv.) Benedict (Polypodiopsida, Pteridaceae), serving as oviposition sites for katydids ( Stilpnochlora sp., Orthoptera: Tettigoniidae) in a remnant of humid tropical forest in Brazil. The identification of the katydid was performed by experts based on egg morphology. The eggs were laid along the margin of the laminae, on the abaxial surface. Interestingly, the eggs seemed to be deposited inside the lamina, and after the oviposition, part of the leaf began a senescence process that exposed the eggs. Phaneropterine katydids are typically generalists regarding plant species or family when it comes to oviposition, but they seem to select material with suitable mechanical properties (e.g. high thickness and stability). We suggest that future experimental studies should include ferns in oviposition tests for katydids, examining how foliar traits such as leaf thickness, orientation, water content, and leaf size influence substrate selection. Future studies should also explore the bidirectional effects between plants and insect eggs, such as phytochemical changes and the production of ovicidal substances, as well as alterations in photosynthetic activity and secondary metabolism. We propose the hypothesis that ferns, which are plants that predominantly occur in low‐light habitats, may provide benefits for egg development in katydids by preventing overheating and dehydration. Our article highlights the potential ecological role of ferns as oviposition sites for katydids.",10.1002/nzb2.70015,Exploração Mineral Sustentável,
"Interpopulation Variation In Seed Germination In Three Plantago Species: Effects Of Temperature, Osmotic Stress And Salinity","Plantago species are widespread in the Mediterranean and have potential applications in restoration of degraded or saline soils. This study examined germination responses of Plantago albicans , P. coronopus , and P. maritima from multiple Iberian populations under different temperature, osmotic stress, and salinity. Seeds were collected across thermo‐, meso‐, and supra‐Mediterranean bioclimatic zones and tested at constant (15, 20, 25 °C) and alternating (20/10, 25/15 °C) regimes, and in polyethylene glycol and NaCl solutions. Recovery after stress treatments was also assessed. Optimal temperatures differed: P. albicans and P. maritima germinated best at 25/15 °C, while P. coronopus preferred 15 °C. Inter‐population variability was evident under suboptimal conditions. Germination declined significantly with increasing stress, yet all species recovered in distilled water, indicating high tolerance. Notably, P. albicans showed the greatest salt tolerance, maintaining germination at 200 mM NaCl. Correlation analyses revealed only moderate associations between germination traits and environmental variables, suggesting that seed responses are not strictly linked to geographic origin. Overall, the studied species are capable colonizers under water‐ and salt‐limited conditions, supporting their potential use in semiarid Mediterranean restoration. P. albicans , with its superior performance under saline conditions, emerges as the most suitable candidate for revegetation in highly saline habitats.",10.1002/nzb2.70129,"Energias Renováveis, Biomassa e Combustíveis Verdes",biomassa
Eco-Friendly Bioplastic Film Produced With Green Plantain Starch ( Musa Paradisiaca</i> L.): Effect Of Activated Carbon Addition And Hydrothermal Modification,"ABSTRACT Eco‐friendly starch‐based bioplastic films reinforced with activated carbon (AC) were produced using green plantain starch in its native and heat‐moisture treatment (HMT) forms to overcome typical limitations of starch materials, such as low mechanical strength and poor water vapor barrier properties. Starch was modified under controlled heat and moisture conditions prior to film formation using the casting method. The bioplastic films were characterized in terms of thickness, solubility, water vapor permeability, and mechanical, thermal, morphological, and optical properties. The incorporation of AC significantly reduced the water vapor permeability of starch‐based films (from 0.81 ± 0.07 to 0.45 ± 0.05 g water mm day −1 m −2 kPa −1 ), improving their barrier capacity. Mechanical analyses indicated that AC addition increased tensile strength but decreased elongation at break, suggesting strong interactions between AC particles and the polymer matrix. HMT‐modified starch films exhibited the highest elongation at break values (38.6% ± 0.89% and 40.51% ± 1.33%), which decreased with increasing AC concentration. Although thermal stability was not significantly affected, AC incorporation did not impair other film characteristics. Considering its potential to adsorb antioxidant and antimicrobial compounds, the use of AC in starch‐based bioplastic films represents a promising strategy for developing sustainable and functional materials for active food packaging applications.",10.1002/pc.70669,"Energias Renováveis, Biomassa e Combustíveis Verdes",biomassa
Geographic And Temporal Patterns In Biologic Prescriptions For Inflammatory Bowel Diseases In The Public Healthcare System In Brazil: An Ecological Study,"PURPOSE: To analyze the geographic and temporal patterns of biologic prescriptions for inflammatory bowel disease (IBD) in Brazil's public national unified health system (SUS). METHODS: This ecological study used data from patients with IBD in the SUS Outpatient Information System between 2008 and 2022. Prais-Winsten regression was used to estimate the trends in prescription rate of biologics. For geographic analysis, average prescription rate of biologics was calculated by state for three periods: 2008-2012, 2013-2017, and 2018-2022. Global Moran's index (GMI) and local indicators of spatial autocorrelation (LISA) were used to assess spatial autocorrelation and identify spatial clusters of biologic prescriptions, respectively. RESULTS: The prescription rate of biologics increased from 3.0% to 16.7%. Infliximab was the most prescribed drug from 2008 to 2012 (3.0%-4.2%), and adalimumab was the most widely prescribed drug from 2013 to 2022 (4.3%-9.1%). Higher prescription rates of biologics were observed in patients with Crohn's disease than in those with ulcerative colitis (40.5% vs. 3.2%). Biologics were primarily prescribed in the Southeast and South; however, the central-western and northern regions showed greater changes in prescription rates over time. There were increased clusters of high biologic prescriptions across the three evaluated periods. CONCLUSIONS: The increase in biologic prescriptions over time may be attributed to their enhanced efficacy in inducing and maintaining IBD remission. Biologic prescriptions in Brazil are experiencing temporal and geographical changes, indicating that disparities in drug prescriptions may decrease with universal, equitable healthcare access, despite administrative challenges in obtaining these medications through SUS.",10.1002/pds.70114,Eficiência Energética,redução do consumo energético em processos produtivos; tecnologias e equipamentos de alta eficiência
"Oligopeptides Analysis In Spiderhawk s Venom ( <scp> Pepsis Decorata</i> Perty </scp> , 1833, <scp>hymenoptera</scp> : <scp>pompilidae</scp> )","Abstract Wasps have been neglected in toxinological studies, even with their diversity of species, when compared to other groups of venomous animals such as snakes, scorpions, and spiders. Solitary wasps, such as Pepsis decorata , are known for their mechanism of total or temporary paralysis of the host. In addition, their venoms are considered sources for studies of small peptides, bioactive peptides with neural and antimicrobial activities. In this work, some oligopeptides were analyzed by de novo sequencing identifying 39 oligopeptide sequences. Some sequences were similar to proctolin, a bradykinin‐potentiating peptide, and poneritoxin, one bradykinin‐related peptide. As proctolin‐like peptides were the major constituent in distinct experimental conditions, it was selected for further in silico studies in order to understand its possible importance as a constituent of wasp venom and whether these peptides could be of biotechnological importance. We investigate its binding mode comparing with proctolin and we further analyzed the importance of the tyrosine‐leucine‐glutamic acid (YLE) tripeptide‐motif conservation. This experimental, an in silico approach, increased the range of compounds identified in peptide analyses proving good characterization of little‐known peptidic compounds.",10.1002/pep2.24347,Exploração Mineral Sustentável,minerais críticos; metais prioritários para a transição energética
Molecular Insights Into Esipt- Controlled Photophysics Of Amazonian Xanthones: A Dft/td¿dft Study For Photoactive Antioxidant Design,"ABSTRACT Xanthones are a prominent class of natural products with diverse biological activities, often modulated by their photophysical properties. Here, we present a theoretical investigation of the photoemission of five Amazonian xanthones (XAN1–5) in aqueous environment using Density Functional Theory (DFT) and Time‐Dependent DFT (TD‐DFT), combined with QTAIM and Voronoi Deformation Density (VDD) analyses. Our results show that all derivatives form stable intramolecular O–H···O hydrogen bonds in the ground state, with interaction energies ranging from −10.3 to −11.8 kcal/mol. Excitation leads to a direct ESIPT transformation only for XAN 2, XAN 3, and XAN 4, whereas XAN 1 and XAN 5 remain stabilized in the enolic form during the first excited‐state relaxation. QTAIM topological parameters reveal that while ground‐state H‐bond strength is relatively similar across the series, VDD identifies a threshold of local charge polarization required for the proton mobility. This indicates that while ground‐state H‐bonding arrangement and local charge polarization are essential, they are not sufficient to induce ESIPT. Our analysis suggest that this process is governed by the specific electronic redistribution in the lowest excited state, which must enhance the acceptor basicity to trigger proton transfer. These findings provide molecular‐level theoretical insights into the photophysics of Amazonian xanthones and offer a guide for the design of new photoactive antioxidant compounds.",10.1002/poc.70092,"Energias Renováveis, Biomassa e Combustíveis Verdes",biocombustíveis e combustíveis verdes
Ventilator Versus Manual Hyperinflation In Adults Receiving Mechanical Ventilation: A Systematic Review,"INTRODUCTION: Manual hyperinflation (MHI) or with a mechanical ventilator (VHI) are alternatives in bronchial hygiene therapy, in recent years several studies have emerged with the objective of verifying the effectiveness and safety of the techniques. OBJECTIVE: Systematically review and analyze the most recent studies in the literature on MHI and VHI, compare both techniques and demonstrate their effectiveness in bronchial hygiene therapy in mechanically ventilated patients. METHODS: We conducted this systematic review based on the PICO strategy and used the databases Ovid, LILACS, CINAHL, Pubmed and CENTRAL. Search, selection and analysis of randomized controlled trials on MHI, VHI or comparing both techniques. We performed a comparison on secretion elimination, static and dynamic compliance, oxygenation and clinical outcomes. The studies were analyzed by two independent evaluators. RESULTS: Nine articles were selected comparing MHI with usual care, demonstrating improved compliance in the MHI group, but with no impact on secretion removal. Four studies compared VHI with usual care, with three showing increased secretion elimination and compliance in the HVM group. Another four articles compared MHI with VHI but none of the studies showed superiority in terms of elimination of secretion and three studies found improvement in static compliance. CONCLUSION: Both techniques have proven to be effective alternatives to bronchial hygiene therapy.",10.1002/pri.1936,Eficiência Energética,eficiência energética industrial; redução do consumo energético em processos produtivos; tecnologias e equipamentos de alta eficiência
Applicability Of Lung Ultrasound During Weaning From Mechanical Ventilation: A Systematic Review,"BACKGROUND AND PURPOSE: Lung ultrasound (LUS) is increasingly used in the Intensive Care Unit (ICU) setting. However, its actual role in supporting the weaning process from mechanical ventilation remains uncertain as the ideal timing for extubation is still difficult to determine. This study aimed to review the use of lung ultrasound as a potential predictor of weaning from artificial ventilation. METHODS: This is a systematic review conducted using the PECOS strategy with searches in the PubMed, CENTRAL, LILACS, CINAHL and Cochrane databases using the descriptors mechanical ventilation, artificial ventilation, extubation, lung ultrasound, thoracic ultrasound and weaning combined with the Boolean operators AND OR. RESULTS: Fourteen articles were identified after full-text reading. Among them, four studies suggested that lung ultrasound may be useful in aiding weaning, three reported limited accuracy in predicting extubation outcomes, and one was inconclusive. Different protocols were applied, such as LUS (six regions), modified LUSm, and the BLUE protocol. Reported sensitivity ranged from 66% to 97%-100% and specificity from 37.4% to 96%. DISCUSSION: The included studies applied heterogeneous methodologies and cut-off values for sensitivity and specificity, limiting direct comparison and generalization. Despite these differences, findings suggest that lung ultrasound shows potential as an adjunctive tool in predicting weaning outcomes, although further standardized research is needed to clarify its clinical applicability.",10.1002/pri.70128,Eficiência Energética,redução do consumo energético em processos produtivos; tecnologias e equipamentos de alta eficiência
Organizational Control For Safety: A Challenge In Socioeconomic And Natural Environment,"Abstract The concepts and applications of cases in human factors (HFs), risk, reliability, and crisis, include the analysis of complex systems and difficult to predict sociotechnical systems. Rules and barriers are designed or revised to achieve better organizational efficiency results. The investigation then valuates the concepts such as the basis, the tests such as confirmation, the algorithms such as methods and tools, and the validation that indicates the certainty of achieving good results. The human elements (HE) are part of the design and can either disable or enable the flow of hazard energy. The intention is that these HEs inside the safety culture and technology design act as safeguards. The HE avoids design deficiencies, social and physical. HE can reduce load over the resistance capacity. The culture, social phenomenon, company project, management and staff, group and worker, operational control, failure control, and accident and disaster are classes of HF that transform hazard energy and need efficient HE barriers. The internal and external regulation after these discussions needs to revise its principles to correct processes of standardization and organizational communication, which would change the procedures for team building and the criteria for the technology project. An improvement program includes investigation of lessons learned and behavior treatment.",10.1002/prs.12530,Eficiência Energética,eficiência energética industrial; redução do consumo energético em processos produtivos; tecnologias e equipamentos de alta eficiência
The Effects Of Thiamethoxam On Coffee Seedling Morphophysiology And Neotropical Leaf Miner ( Leucoptera Coffeella</i> ) Infestations,"Abstract BACKGROUND Coffee ( Coffea arabica L.) is one of the main commodities produced in Brazil. Insecticides like the (systemic) neonicotinoid thiamethoxam are widely used to suppress pest populations during coffee production, in particular the Neotropical leaf miner ( Leucoptera coffeella Guérin‐Mèneville &amp; Perrottet, 1842) (Lepidoptera: Lyonetiidae). In addition to its efficacy against this pest species, thiamethoxam is also thought to be a bioactivator of plant metabolism, but has not yet been tested for such activity. Thus, the objectives of the present study were (1) to assess the concentration‐response effects of thiamethoxam on the vegetative vigor of coffee seedlings ( C. arabica ‘Catuaí 144’ cultivar) at different concentrations [2, 20, 40, 80 and 200 mg active ingredient (a.i.) kg −1 ] applied via soil drenching and (2) to evaluate if the plant response interferes with the effectiveness of thiamethoxam in controlling leaf miner populations. The morphophysiological traits of the coffee seedlings were evaluated 20, 40, 60 and 80 days after application, and leaf miner infestations were recorded starting 20 days after the insecticide application with the releasing of adults, and every 20 days afterwards. RESULTS The results indicated that thiamethoxam has a deleterious effect on the morphophysiological traits of the plants compromising their development with increase in concentrations. However, leaf area exhibited a different pattern with a peak at 50 mg a.i. kg −1 consistent with thiamethoxam‐induced hormesis (i.e. biphasic response with stimulatory effect at sublethal range of a toxic substance at the higher concentration). Nonetheless, such bioactivator effect did not affect thiamethoxan effectiveness against the leaf miner even at the lowest concentration tested. CONCLUSION Thiamethoxan exhibited bioactivation effect on leaf at low concentration, but without compromising efficacy against leaf miner populations. Therefore, its proposed metabolism‐boosting properties may encourage the unnecessary use of this insecticide, potentially leading to higher selection for insecticide resistance and an eventual decline in its effectiveness against the Neotropical leaf miner. © 2022 Society of Chemical Industry.",10.1002/ps.6889,Exploração Mineral Sustentável,extração mineral sustentável; redução e aproveitamento de resíduos e rejeitos
Laser Sintering And Optical Characterization Of Luag: Ce Ceramics,"This work investigates the synthesis and characterization of LuAG:Ce ceramics produced by conventional and laser sintering, focusing on crystal structure, densification, and photoluminescent properties. X‐ray diffraction confirmed the formation of a single‐phase cubic LuAG structure after calcination at 900 °C, with no secondary phases or Ce 3+ segregation. Laser sintering was optimized by varying beam diameter, heating rate, and dwell time, resulting in ceramics with high relative density and homogeneous microstructure in significantly reduced processing times. Photoluminescence analysis revealed excitation bands at 350 nm and 445 nm, and an emission band centered at 510 nm. Increasing Ce 3+ concentration caused a red shift in the emission peak, more pronounced in laser‐sintered samples. This effect, along with reduced emission intensity and changes in excitation band ratios, was associated with a higher concentration of oxygen vacancies. These results demonstrate the potential of laser sintering for efficient production of dense and luminescent ceramics, with important implications for defect control and optical performance.",10.1002/pssb.70256,Exploração Mineral Sustentável,terras raras; minerais críticos; metais prioritários para a transição energética
Action Of (chamomile) In The Management Of Radiochemotherapy Oral Mucositis: A Systematic Review,"The objective of this study was to evaluate the effect of topical chamomile in the prevention and/or treatment of oral mucositis (OM) in cancer patients. It was a systematic review, which sought articles of the randomized clinical trial according to the PRISMA parameters, registered in the PROSPERO. The databases used were PubMed, Cochrane Library, and Bireme. Descriptors were selected from DeCs/MeSH and the PICO strategy was applied. The search found 148 publications. After all the steps, six articles were selected. The total sample included 492 patients and all studies used the same OM measurement scale. The results showed that the application of topical chamomile was effective in the prevention and/or treatment of OM in four of the six studies, with a dose ranging from 1% to 2.5% and duration that ranged from single to 4 times a day. Some limitations were observed: the minimum age of the patients was not informed, and there was no specification of the sites involved or the chemotherapies used. The application of topical chamomile in the preventive/therapeutic of chemo-induced OM seems to be recommended. In addition, scientific production should be encouraged, as it aims to determine useful protocols for this phytotherapy for the oncology population.",10.1002/ptr.7378,Eficiência Energética,redução do consumo energético em processos produtivos
Antioxidant Films Based On Poly(lactic Acid) Incorporated With Crude Extract From<scp> Malpighia Emarginata</i></scp>dc Pomace For Use In Food Packaging,"Abstract The interest in natural antioxidants for the development of active food packaging is increasing, since lipid oxidation has a negative impact on food quality and people's living standards are changing. The aim of this work was to obtain Malpighia emarginata DC pomace extract (MEPE), as well as to develop poly(lactic acid) (PLA)‐based films with antioxidant activity, through the incorporation of MEPE. MEPE showed antioxidant activity through the DPPH and ABTS assays, 127.16 ± 9.70 μmol TEAC g −1 extract and 322.84 ± 19.38 μmol TEAC g −1 extract, respectively. The HPLC quantification revealed that quercetin and isorhamnetin were found at concentrations of 244.77 ± 8.42 and 707.20 ± 23.17 μg g −1 , respectively. The properties of the films were influenced by the presence of MEPE, which caused a plasticizing effect on the PLA film, reducing the tensile strength and Young's modulus and increasing the elongation at break and water vapour permeability. The antioxidant property test (DPPH and ABTS) of the films was shown to be improved with the addition of MEPE. Despite changes in the film properties, they have potential for application as active food packaging. This work showed the potential utilization of agriculture pomace to produce antioxidant additive and its application as antioxidant in active food packaging, since they showed excellent antioxidant activity in radical scavenging activity tests.",10.1002/pts.2778,"Energias Renováveis, Biomassa e Combustíveis Verdes",biomassa; aproveitamento energético de resíduos
An Outlier Detection Strategy For High-Dimensional Data In Industrial Processes,"ABSTRACT This paper proposes a new approach to explore how biplots can be used to detect outliers and uncover emerging patterns in high‐dimensional data. The strategy begins by generating a biplot from typical in‐control data, offering a two‐dimensional visualization of multivariate relationships. Test samples are then projected onto this biplot, with their positions compared to the reference data cloud. Samples that fall outside this cloud are flagged as outliers, indicating deviations from expected behavior. This procedure simplifies outlier detection and the analysis of underlying causes without relying on assumptions about data distribution. A real‐world example from a mineral turpentine production process, involving 10 control variables, demonstrates the effectiveness of this approach. It was found to be intuitive, helped identify hidden outliers in the early stages, provided valuable insights for process improvement, and showed potential for application across various fields.",10.1002/qre.70322,Exploração Mineral Sustentável,extração mineral sustentável; processamento mineral; redução e aproveitamento de resíduos e rejeitos
Micronutrients For Cacao: Availability Classes In Two Soil Layers,"Abstract Efficient management of soil micronutrients is crucial for the yield and sustainability of cacao ( Theobroma cacao L.), especially in tropical regions. However, specific availability classes for copper (Cu), iron (Fe), manganese (Mn), and zinc (Zn), extracted by Mehlich‐1, had not yet been established for the crop in Brazil. This study presents, for the first time, the establishment of these classes, considering two soil layers (0–10 cm and 0–20 cm) in cacao‐cultivated areas of southeastern Bahia, Brazil. A comprehensive database, generated by the Renova Cacau project and representative of the main cacao‐growing region of the state, was used. Response curves of mean relative yield were fitted as a function of Cu, Fe, Mn, and Zn contents in the two soil layers, applying the boundary line approach. The analysis allowed the classification of these micronutrient availabilities into classes ranging from “very low” to “excessive.” For the 0–20 cm layer, the content intervals associated with the adequate range (mg dm − 3 ) were Cu (1.02–1.52), Fe (33.0–61.0), Mn (9.5–15.8), and Zn (2.1–6.3). These results broaden the scientific basis for soil fertility interpretation in cacao‐cultivated soils and support more precise fertilization recommendations, promoting rational micronutrient management and contributing to increased yield and sustainability in cacao cultivation.",10.1002/saj2.70244,Exploração Mineral Sustentável,minerais críticos; metais prioritários para a transição energética; extração mineral sustentável
Revisiting The Mechanism Of The Ch3c2h + Cn Reaction On Titan s Atmosphere Conditions,"Abstract We report a computational study on the mechanism of the reaction employing the MPWB1K/6‐31+G(d,p) level of theory. The association rate constants were determined using the long‐range transition state theory (LR‐TST). At 54 K, the rate coefficient is 3.68 10 , in excellent agreement with the experimental measurement: 3.500.4 10 [D. Carty et al., Chem. Phys. Lett ., 2001, 344, 310‐316]. We have also determined the product distribution by kinetic Monte Carlo simulation in an interval of temperature of 20–100K. The product distribution showed concordance with the previous experimental and theoretical results [C. Abeysekera et al., J. Phys. Chem. Lett ., 2015, 6, 9, 1599–1604], which showed that the majority of products formed by the studied reaction are the and the radical. The compound was formed, while was not observed.",10.1002/slct.202502979,Exploração Mineral Sustentável,minerais críticos; metais prioritários para a transição energética; prospecção e caracterização mineral
Towards A Catalog Of Composite Refactorings,"Abstract Catalogs of refactoring have key importance in software maintenance and evolution, since developers rely on such documents to understand and perform refactoring operations. Furthermore, these catalogs constitute a reference guide for communication between practitioners since they standardize a common refactoring vocabulary. Fowler's book describes the most popular catalog of refactorings, which documents single and well‐known refactoring operations. However, sometimes, refactorings are composite transformations, that is, a sequence of refactorings is performed over a given program element. For example, a sequence of Extract Method operations (a single refactoring) can be performed over the same method, in one or in multiple commits, to simplify its implementation, therefore, leading to a Method Decomposition operation (a composite refactoring). In this paper, we propose and document a catalog with eight composite refactorings. We also implement a set of scripts to mine composite refactorings by preprocessing the results of refactoring detection tools. Using such scripts, we search for composites in a representative refactoring oracle with hundreds of confirmed single refactoring operations. Next, to complement this first study, we also search for composites in the full history of 10 well‐known open‐source projects. We characterize the detected composite refactorings, under dimensions such as size and location. We conclude by addressing the applications and implications of the proposed catalog.",10.1002/smr.2530,Eficiência Energética,redução do consumo energético em processos produtivos; tecnologias e equipamentos de alta eficiência
Brazilian Flora 2020: Leveraging The Power Of A Collaborative Scientific Network,"Abstract The shortage of reliable primary taxonomic data limits the description of biological taxa and the understanding of biodiversity patterns and processes, complicating biogeographical, ecological, and evolutionary studies. This deficit creates a significant taxonomic impediment to biodiversity research and conservation planning. The taxonomic impediment and the biodiversity crisis are widely recognized, highlighting the urgent need for reliable taxonomic data. Over the past decade, numerous countries worldwide have devoted considerable effort to Target 1 of the Global Strategy for Plant Conservation (GSPC), which called for the preparation of a working list of all known plant species by 2010 and an online world Flora by 2020. Brazil is a megadiverse country, home to more of the world's known plant species than any other country. Despite that, Flora Brasiliensis , concluded in 1906, was the last comprehensive treatment of the Brazilian flora. The lack of accurate estimates of the number of species of algae, fungi, and plants occurring in Brazil contributes to the prevailing taxonomic impediment and delays progress towards the GSPC targets. Over the past 12 years, a legion of taxonomists motivated to meet Target 1 of the GSPC, worked together to gather and integrate knowledge on the algal, plant, and fungal diversity of Brazil. Overall, a team of about 980 taxonomists joined efforts in a highly collaborative project that used cybertaxonomy to prepare an updated Flora of Brazil, showing the power of scientific collaboration to reach ambitious goals. This paper presents an overview of the Brazilian Flora 2020 and provides taxonomic and spatial updates on the algae, fungi, and plants found in one of the world's most biodiverse countries. We further identify collection gaps and summarize future goals that extend beyond 2020. Our results show that Brazil is home to 46,975 native species of algae, fungi, and plants, of which 19,669 are endemic to the country. The data compiled to date suggests that the Atlantic Rainforest might be the most diverse Brazilian domain for all plant groups except gymnosperms, which are most diverse in the Amazon. However, scientific knowledge of Brazilian diversity is still unequally distributed, with the Atlantic Rainforest and the Cerrado being the most intensively sampled and studied biomes in the country. In times of “scientific reductionism”, with botanical and mycological sciences suffering pervasive depreciation in recent decades, the first online Flora of Brazil 2020 significantly enhanced the quality and quantity of taxonomic data available for algae, fungi, and plants from Brazil. This project also made all the information freely available online, providing a firm foundation for future research and for the management, conservation, and sustainable use of the Brazilian funga and flora.",10.1002/tax.12640,Exploração Mineral Sustentável,reciclagem e recuperação de minerais
Comparative Wood Anatomy And Origin Of Woodiness In Subfamilies Secamonoideae And Asclepiadoideae (apocynaceae),"Abstract The Apocynaceae subfamilies Secamonoideae and Asclepiadoideae have undergone several transitions during their evolution with regard to growth form and degree of woodiness. In this study, we present a wood anatomical overview of both subfamilies that complements previous work on the remaining Apocynaceae. Detailed microscopic wood descriptions using light and scanning electron microscopy were performed on 60 species that cover most Secamonoideae genera and all major woody Asclepiadoideae lineages. Our observations are in line with subfamilial and (sometimes sub)tribal delimitations. Furthermore, we present for the first time an overview of the estimated number of shifts from herbaceousness to (phylogenetically) derived woodiness in Asclepiadoideae, along with a derived woody species list with distribution and habitat information. In total, at least 168 derived woody species resulting from at least 28 independent woodiness transitions were found, with drought possibly being one of the main drivers of most of these transitions.",10.1002/tax.12790,"Energias Renováveis, Biomassa e Combustíveis Verdes",biomassa
<scp>iapt</scp> Chromosome Data 39 - Extended Version,"*Address for correspondence: [email protected] Financial support from CNPq (Conselho Nacional de Desenvolvimento Científico e Tecnológico), CAPES (Coordenação de Aperfeiçoamento de Pessoal de Nível Superior) and FAPESQ (Fundação de Apoio à Pesquisa do Estado da Paraíba – Edital no 006/2020 PDCTR-PB). * New cytotype for the species. Anthurium affine Schott 2n = 30, CHN. Brazil, Alagoas, Ibateguara, 08°58′35″S, 35°53′48″W, 28 Oct 2014, L.P. Felix 15163 (EAN) [Fig. 1A]; Brazil, Bahia, Santa Brigida, 09°41′14″S, 30°13′50″W, 16 Jan 2014, E.M. Almeida 882 (EAN) [Fig. 1B]; Brazil, Paraiba, Belem, 06°44′05″S, 35°31′03″W, 12 Jun 2012, E.M. Almeida 524 (EAN) [Fig. 1C]; Brazil, Paraiba, Barra de Santana, 07°29′01″S, 36°02′59″W, 22 Dec 2013, E.M. Almeida 832 (EAN) [Fig. 1D]; Brazil, Paraiba, Esperança, 07°01′01″S, 35°52′50″W, 13 Apr 2020, L.P. Felix 18526 (EAN) [Fig. 1E]; Brazil, Paraiba, Bananeiras, 06°44′29″S, 35°37′03″W, 29 Apr 2020, L.P. Felix 18547 (EAN) [Fig. 1F]; Brazil, Paraiba, Algodao de Jandaira, 06°48′57″S, 35°55′19″W, 12 Apr 2021, L.P. Felix 18612 (EAN) [Fig. 1G]; Brazil, Pernambuco, Aguas Belas, 09°04′10″S, 37°00′42″W, 01 Aug 2012, E.M. Almeida 453 (EAN) [Fig. 1H]; Brazil, Pernambuco, Garanhuns, 08°53′27″S, 36°29′48″W, 25 Aug 2013, L.P. Felix 14360 (EAN) [Fig. 1I]. 2n = 30 + 1B, CHN. Brazil, Bahia, Milagres, 12°53′12″S, 39°49′38″W, 19 Jan 2014, E.M. Almeida 966 (EAN) [Fig. 2A]; Brazil, Bahia, Andarai, 12°51′16″S, 41°18′48″W, 26 Jan 2014, L.P. Felix 14802 (EAN) [Fig. 2B]; Brazil, Bahia, Jaguarari, 10°12′44″S, 40°13′54″W, 18 Sep 2021, L.P. Felix 18816 (EAN) [Fig. 2C]; Brazil, Minas Gerais, Pedra Azul, 16°00′29″S, 41°22′46″W, 03 Oct 2021, L.P. Felix 19304 (EAN) [Fig. 2D]; Brazil, Pernambuco, Aguas Belas, 09°04′10″S, 37°00′42″W, 02 Aug 2012, E.M. Almeida 462 (EAN) [Fig. 2E]; Brazil, Pernambuco, Buique, 08°33′32″S, 37°13′09″W, 31 Jul 2014, J.P. Castro 408 (EAN) [Fig. 2F]. 2n = 30 + 2B, CHN. Brazil, Paraiba, Queimadas, 07°22′37′S, 35°58′39″W, 18 Dec 2013, L.P. Felix 14635 (EAN) [Fig. 2G]; Brazil, Alagoas, Maravilha, 09°14′31″S, 37°19′48″W, 12 Feb 2022, L.P. Felix 19447 (EAN) [Fig. 2H]. 2n = 30 + 3B, CHN. Brazil, Paraiba, Bananeiras, 06°47′26″S, 35°34′40″W, 28 Feb 2021, L.P. Felix 18580 (EAN) [Fig. 2I]; Brazil, Alagoas, Quebrangulo, 09°04′10″S, 37°00′42″W, 03 Aug 2012, E.M. Almeida 476 (EAN) [Fig. 2J]. *2n = 30 + 4B, CHN. Brazil, Bahia, Morro do Chapéu, 11°37′41″S, 41°00′04″W, 21 Sep 2021, L.P. Felix 18887 (EAN) [Fig. 2K]. The Araceae family occurs on all continents (except Antarctica), being absent only in permanently frozen regions, being more diverse in tropical regions. They are herbaceous plants that occupy quite variable habitats (terrestrial, aquatic, rupicolous, epiphytic and hemiepiphytic plants). Araceae comprises 118 genera and approximately 3300 species divided into four subfamilies: Aroideae, Gymnostachydoideae, Lemnoideae, and Orontioideae (Christenhusz & al., 2017; Boyce & Croat, 2018). Anthurium Schott is the largest genus in the family, including 950 species of exclusively Neotropical distribution. For Brazil, there are records of 153 species, of which 123 are endemic (Coelho & al., 2022). Among these, A. affine Schott stands out, a species endemic to Brazil, from rupicolous or terrestrial habitats, occurring in the phytogeographic domains of the Caatinga (dry forest), Cerrado (savannah vegetation) and Atlantic Forest (Perennial Tropical Forest). There are records of several counts for the species with a predominance of 2n = 30 and a variable number of B chromosomes (Carvalheira & al., 1991; Cotias-de-Oliveira & al., 1999; Vilar & al., 2017; Pavlova, 2017). B chromosomes can be of autosomal intraspecific origin, when they originate in the same species, and autosomal interspecific, when they originate by hybridization between different species (Camacho & al., 2000; Houben, 2017). This type of chromosome, although considered a dispensable genome, according to more recent studies may have some gene activity, as there is a record of transcription of genes in plants and animals (Silva & al., 2021). In this work, we analyzed the variability of chromosome number in Anthurium affine occurring in Brazil in order to identify intraspecific variations of supernumerary chromosomes in different populations. For cytogenetic analyses, root tips were pre-treated with 0.2% colchicine for 24 h at 10°C, fixed in ethanol–acetic acid 3 : 1 (v/v) for 2 h at room temperature and subsequently stored at –20°C. Then, the material was washed in distilled water and digested in an enzymatic solution containing 2% cellulase and 20% pectinase (w/v) for 1 h at 37°C. The slides were prepared by the crushing method in 60% acetic acid (Guerra & Souza, 2002). The best slides were selected and stained with 10 μl of DAPI (4′,6-Diamidino-2-phenylindole) with glycerol mounting medium and McIlvaine buffer (pH 7.0) (1 : 1, v/v). The slides were photographed in a Zeiss epifluorescence photomicroscope equipped with an AxioCam MRC5 video camera with the aid of Axiovision 4.8 software. Among the analyzed populations, nine had 2n = 30 and absence of B chromosomes (Fig. 1A–I), compatible with previous records in which this type of chromosome was not observed (Vilar & al., 2017; Santos & al., 2018). On the other hand, a variable number of B chromosomes was observed in the other populations, with 2n = 30 + 1B in the populations of Milagres, Andarai and Jaguarari (Fig. 2A–C), Pedra Azul, Aguas Belas and Buique (Fig. 1D–F), 2n = 30 + 2B in the populations of Queimadas and Maravilha (Fig. 2G,H), 2n = 30 + 3B in the populations of Bananeiras and Quebrangulo (Fig. 2I,J) and 2n = 30 + 4B in the population of Morro do Chapéu (Fig. 2K). Our analysis of several populations of Anthurium affine, corroborated previous analyses with records of B chromosomes in a variable number from 0 to 4 for other populations of the Northeast Region of Brazil (Cotias-de-Oliveira & al., 1999; Nascimento & al., 2019). Boyce, P.C. & Croat, T.B. 2018. The Überlist of Araceae totals for published and estimated number of species in aroid genera. http://www.aroid.org/genera/130307uberlist.pdf (accessed 10 Dec 2022). Camacho, J.P.M., Sharbel, T.F. & Beukeboom, L.W. 2000. B-chromosome evolution. Philos. Trans., Ser. B 355: 163–178. https://doi.org/10.1098/rstb.2000.0556 Carvalheira, G.M.G., Guerra, M., Santos, G.A., Andrade, V.C. & Farias, M.C.A. 1991. Citogenética de angiospermas coletadas em Pernambuco - IV. Acta Bot. Brasil. 5: 37–51. https://doi.org/10.1590/S0102-33061991000200003 Christenhusz, M.J.M., Fay, M.F. & Chase, M.W. 2017. Plants of the world: An illustrated encyclopedia of vascular plant families. Kew: Royal Botanic Gardens. Coelho, M.A.N., Soares, M.L., Calazans, L.S.B., Gonçalves, E.G., Andrade, I.M., Pontes, T.A., Sakuragui, C.M., Temponi, L.G., Buturi, C. & Mayo, S. 2022. Araceae. In: Lista de Espécies da Flora do Brasil. Rio de Janeiro: Jardim Botânico do Rio de Janeiro. http://floradobrasil2015.jbrj.gov.br/FB15619 (accessed: 10 Dec 2022). Cotias-de-Oliveira, A.L.P., Guedes, M.L.S. & Barreto, E.C. 1999. Chromosome numbers for Anthurium and Philodendron spp. (Araceae) occurring in Bahia, Brazil. Genet. Molec. Biol. 22: 237–242. https://doi.org/10.1590/S1415-47571999000200018 Guerra, M. & Souza, M.J. 2002. Como observar cromossomos: Um guia de técnicas em citogenética vegetal, animal e humana, 1st ed. Ribeirão Preto: FUNPEC. Houben, A. 2017. B chromosomes – A matter of chromosome drive. Frontiers Pl. Sci. (Online journal) 8: 210. https://doi.org/10.3389/fpls.2017.00210 Nascimento, S., Coelho, M.A.N., Cordeiro, J.M.P. & Felix, L.P. 2019. Chromosomal variability in Brazilian species of Anthurium Schott (Araceae): Heterochromatin, polyploidy, and B chromosomes. Genet. Molec. Biol. 42: 635–642. https://doi.org/10.1590/1678-4685-GMB-2018-0080 Pavlova, D. 2017. [Records]. In: Marhold, K. & Kučera, J. (eds.), IAPT/IOPB chromosome data 24. Taxon 66: 276, E8–E10. https://doi.org/10.12705/661.37 Santos, A.M.S., Nollet, F., Rapini, A., Barreto, R.C., Cordeiro, J.M.P., Almeida, E.M., Silva, J.L., Batista, F.R.C. & Felix, L.P. 2018. [Records]. In: Marhold, K. & Kučera. J. (eds.), IAPT/IOPB chromosome data 28. Taxon 67: 1243, E34–38. https://doi.org/10.12705/676.39 Silva, D.M., Ruiz-Ruano, F.J., Utsunomia, R., Martín-Peciña, M., Castro, J.P., Freire, P.P., Carvalho, R.F., Hashimoto, D.T., Suh, A., Oliveira, C., Porto-Foresti, F., Artoni, R.F., Foresti, F. & Camacho, J.P.M. 2021. Long-term persistence of supernumerary B chromosomes in multiple species of Astyanax fish. B. M. C. Biol. 19: 52. https://doi.org/10.1186/s12915-021-00991-9 Vilar, F.C.R., Felix, L.P., Mayo, S.J., Coelho, M.A.N., Barros e Silva, A.E. & Guerra, M. 2017. [Records]. In: Marhold, K. & Kučera. J. (eds.), IAPT/IOPB chromosome data 24. Taxon 66: 276–277, E10–E16. https://doi.org/10.12705/661.37 *Address for correspondence: [email protected] This study was supported by Conselho Nacional de Pesquisa (CNPq), Instituto Nacional do Semiárido (INSA) and Universidade Federal da Paraíba (UFPB). Methods for chromosome analysis are according to Guerra & Souza (2002) with modifications. * First chromosome counts for species. *Arrojadoa bahiensis (P.J.Braun & Esteves) N.P. Taylor & Eggli 2n = 22, CHN. Brazil, Bahia, Canyon Fumacinha Ibiocoara, 13°17′10″S, 41°15′37″W, 760 m, 23 Dec 2019, E.M. Almeida 2979 (EAN) [Fig. 3A]. Brasiliopuntia brasiliensis (Willd.) A.Berger 2n = 22, CHN. Brazil, Paraíba, Areia, 06°53′30″S, 35°43′42″W, 509 m, 10 Mar 2016, E.M. Almeida 1584 (EAN) [Fig. 3B].       2n = 22, CHN. Brazil, Pernambuco,     m,   2016, E.M. Almeida  (EAN) [Fig.      &  2n = 22, CHN. Brazil, Bahia,     m, 01 Dec 2016, E.M. Almeida  (EAN) [Fig.      2n = 22, CHN. Brazil, Bahia,    950 m,  Dec 2016, E.M. Almeida  (EAN) [Fig.      &  2n = 22, CHN. Brazil, Pernambuco,     m,  Dec 2016, E.M. Almeida  (EAN) [Fig.       2n =  CHN. Brazil, Paraíba,     m, 10 Mar 2016, E.M. Almeida  (EAN) [Fig.      2n = 22, CHN. Brazil, Pernambuco,  do     m,   2016, E.M. Almeida  (EAN) [Fig.     &  2n = 22, CHN. Brazil, Bahia, Morro do Chapéu,    m,  Dec 2016, E.M. Almeida  (EAN) [Fig.      2n = 22, CHN. Brazil, Bahia, Morro do Chapéu,    m,  Dec 2016, E.M. Almeida  (EAN) [Fig.     2n = 22, CHN. Brazil, Minas Gerais,     m, 18 Dec 2016, E.M. Almeida  (EAN) [Fig.     2n = 22, CHN. Brazil,      m, 18 Dec 2016, L.P. Felix  (EAN) [Fig.     &   &  2n = 22, CHN. Brazil, Bahia,   da     m, 19 Jul 2021,    (EAN) [Fig.     2n = 22, CHN. Brazil, Pernambuco,  do     m,   2016, E.M. Almeida  (EAN) [Fig.         2n =  CHN. Brazil, Pernambuco,     m,   2016, E.M. Almeida  (EAN) [Fig.     &  2n =  CHN. Brazil, Pernambuco,     m,   2020, E.M. Almeida  (EAN) [Fig.      &  2n =  CHN. Brazil, Pernambuco,  da  de     m,    E.M. Almeida  (EAN) [Fig.      &  2n =  CHN. Brazil, Bahia, Morro do Chapéu,    m,  Apr  E.M. Almeida  (EAN) [Fig.   is  of   and  species  & al.,    of  and   of the  The Brazilian   is  of the    for   and  of this   &     there are    species, of which  are   to  &   and  &    of   species are  and  are    to   or the   between species and  habitats  & al.,   the  and   and  variations in  and   to     and  studies are    & al.,   & al., 2022).  on the chromosome numbers of plants is  not only for  species         variability and   between populations   Guerra,         & al.,  and  studies  & al.,   & al.,  Castro & al.,   chromosome counts of 18   species are  in    tips were pre-treated with     for 24 h at  and subsequently fixed in 3 : 1  solution   :  acetic   for 2 h at room temperature and stored at  For chromosome   root tips were washed  in distilled   for   and digested in an enzymatic solution containing 2% cellulase  and 20% pectinase  for   at 37°C.  they were  in a  of  acetic acid (Guerra & Souza,  with some  For  species, the best slides were  for   at room temperature and stained with DAPI (1  and  (1 : 1 – v/v). The   were  on a Zeiss     an     video camera and      &    in the cytogenetic  of     of  Nacional do     Brazil. The   observed chromosome number  the 18 analyzed species was 2n = 22, with polyploidy, 2n =   in       and   and 2n =  in   and   For  species we      species    with predominance of  chromosomes and  between 1 and 3      the  of chromosome  in  and   number  =    &    & al.,  Castro &         & al.,  as  as     to   in  In      between different  and   of      & al.,   in  with other   the  of  and  regions, may  the  of   and the  of       2000;  2002). On the other hand, the  chromosome   & al.,  and the  of  and   in   the  of hybridization and   &    & al.,   & al.,  This is a   for the  of chromosome  as a   & al.,   & al.,    a   on   & Guerra,   & al., 2019).     temperature   in  or   with   and  of populations, have   on  in  as this is an   to the   when      there  & al.,   & al.,     Batista, F.,     Almeida,  &   2019.   of   &            e           2002.  in animals and   and  Pl.          &       of four   species        Castro, J.P.   de  de   no  do Brasil.  Universidade Federal da Paraíba, Areia, Brazil.  Castro, J.P., Souza,    Silva,  Guerra, M. & Felix, L.P.  [Records]. In: Marhold, K.  IAPT/IOPB chromosome data  Taxon     Castro, J.P.,   Chase,  Santos, A.M.S., Batista, F.R.C. & Felix, L.P.    and  of chromosome number in  with   on   Acta Bot. Brasil.      &   2019.   colchicine in   A  Sci.       de    &  A.,   Chromosome   In: Marhold, K. & Kučera, J. (eds.),  chromosome data  Taxon           Almeida, E.M.,       & Batista,  2021.  in  from      species and    to          C.,    J.P.,  A.,    R.,  C.,    M.,    M.,    S.,              A.,  F.,  M.,  R.,    M.,    de    R.,             C.,              M.,    R.,      J.L.,  S.,   M.,         C.,                                 M.,  M.  C.,      J.L.,    M.,  M.,                &      of  species  with   Pl.        & Guerra, M.     and   in the    and              R.,  M.,   &     and cytogenetic studies in         Guerra, M. 2000.  of   in plant chromosomes. Genet. Molec. Biol.    Guerra, M.  Chromosome numbers in plant   and        Guerra, M. & Souza, M. 2002. Como observar cromossomos: Um guia de técnicas em citogenética vegetal, animal e  Ribeirão Preto: FUNPEC.     &       and   in plant  and evolution.  Bot.       2022.   for species  and  in  and  Plants            ed.  Royal Botanic       N.P. &    The          M.L.,     &      and   of   in          M.L.,      F.,   &     and   and   in  and   Pl.        2002. The  of   in plant evolution. New                 &   2017. Chromosome  in  with   and  in            &   2019.  of   in the   of       Acta Bot. Brasil.     M. & Guerra, M.   variations in species    A          A.,    R.,  A. &  J. 2021.  of   on    in             &     of the   of         with   and   in a                &   2022.  of the    species and multiple  Taxon      Souza,  Felix, L.P. & de Carvalho,  2019.   of the      and  A  diverse  of the          &  K.   An   and   software.             de       Instituto  de    –         &    Chromosome numbers in some  of      Bot.         de Andrade,  Cordeiro, J.M.P., de   & Felix, L.P.  [Records]. In: Marhold, K.  IAPT/IOPB chromosome data  Taxon      A.,    M.,  M.,      S.,  J. &   2019. The   of          N.P. &  D.   of  Brazil.  Royal Botanic    M.,  M. &  K.      and    Acta        &  S.   de    a         for   *Address for correspondence: [email protected] The  was   the     and  analysis of some  and   plants of      and   supported by the   of the  of    and  of the  of    were fixed from   from the    and  of  of the A.   of  of the   of  of the  of  * First chromosome  for the     2n =  CHN.     in the  of    m,   03 Jul 2022,       &         2n =  CHN.     in the  of   in the   the   m,   23  2019,       &           2n =  CHN.        in the  of            Aug 2019,     &         2n =  CHN.       of the   in the  of    m,    Aug 2019,     &         2n =  CHN.    in the  of    m,   18 Jun      &         2n =  CHN.            26 Aug        &      *Address for correspondence: [email protected] This study was supported by CNPq (Conselho Nacional de Desenvolvimento Científico e Tecnológico), CAPES (Coordenação de Aperfeiçoamento de Pessoal de Nível  and   Nacional do  * First chromosome  for the species     2n =  CHN. Brazil, Paraíba, Areia,    Sep     (EAN) [Fig.     2n =  CHN. Brazil, Paraíba, Areia,    Sep  J.M.P.   (EAN) [Fig.     2n =  CHN. Brazil,     22 Jul  L.P. Felix  (EAN) [Fig.     2n =  CHN. Brazil, Paraíba,     Jun 2019, J.M.P.   (EAN) [Fig.     2n =  CHN. Brazil, Paraíba,    26 Mar 2021, J.M.P.   (EAN) [Fig.     2n =  CHN. Brazil, Paraíba, Areia,    Sep  J.M.P.   (EAN) [Fig.     2n =  CHN. Brazil, Paraíba,     Jun 2019, J.M.P.   (EAN) [Fig.     2n =  CHN. Brazil, Paraíba, Areia,    Sep  J.M.P.   (EAN) [Fig.  2n =  CHN. Brazil, Paraíba, Areia,    Sep  J.M.P.   (EAN) [Fig.      2n =  CHN. Brazil, Paraíba,     Jul 2021,    (EAN) [Fig.      2n =  CHN. Brazil, Paraíba, Areia,    Jul 2021,  Felix  (EAN) [Fig.  The  family is  of approximately  genera and  species (Christenhusz &      into nine subfamilies:         and   the genera of the  some of     to the number of species they      and    2022).  the cytogenetic  of  species from the genus   chromosome numbers  =   18 and 24  & al.,   the  species studies    chromosome number records of 2n =     and  are   & al.,   & al.,   that this    several  and        for the genus  all previous records for the genus were  to 2n =     In this work, the chromosome numbers of  species  to the genus   species from the genus  and  species from the genus  were  For the chromosome number  tips from   from plants  in  were pre-treated with    for  h at 10°C, fixed in   : 1  : acetic  for  at room  and stored in a  at  to be  in    were  in a  of acetic acid  with a   from   (Guerra & Souza, 2002). The best slides were selected and stained with DAPI (4′,6-Diamidino-2-phenylindole) for 30  and  in a buffer medium of   were photographed by a Zeiss epifluorescence  with an AxioCam MRC5 video  with  from the  Axiovision  For   the 2n = 24  (Fig.  corroborated the previous records for this species  by  &   for a population from   that  is a  species with the  number  =  and    &    the genus  counts of 2n = 16  four  for S.  (Fig.  and 2n =  for S.  (Fig.  are   previous counts for S.   =    S.   =    S.   =    and S.   =    were   of  chromosome numbers  the  of  and   in the chromosome  of the genus  on  =  and  =  as the  numbers of chromosomes for the genus  & al.,  In S.    of the same population  to the   were  with 2n =  (Fig.  and 2n = 28 (Fig.    is   of the  variable species  the genus    This same  was    for  populations of this same species  & al.,  The genus  was  by  species in this  with an   of 2n =  (Fig.  for S.  and a  of the previous  of 2n = 16 (Fig.  for S.  The  chromosome number  for   =     with  of the  numbers  for the genus  The  genera        a   and  analysis  to  the  between the    & al.,      &      and  of the      on     Bot.      &   1999. Chromosome study of the  in the   J. Forest    Christenhusz,  &    The number of  plants species in the  and           Neotropical  from          &     on the  of     Taxon    Guerra, M. & Souza, M.J. 2002. Como observar cromossomos: Um guia de técnicas em citogenética vegetal, animal e   FUNPEC.  A.    de   de           A.           A.,    S.,  M.,    A.,     &    The Chromosome    – A   of plant chromosome  New          S.J.,      &       the      as  from     J. Bot.        studies on the    in         B. &    Chromosome numbers and  studies of   of   J.       2022.  Flora   on the   (accessed 18 Oct 2022). *Address for correspondence: [email protected] * First chromosome  from   First chromosome  for the species. In a  of the  of         was  that to  chromosome numbers had  published for  more   species,   and  which  counts for   of the    in the      the chromosome numbers   for  are all  by   or  of   numbers   is   as     that  numbers  were    as    and  and 2n as   and    or as  or     with       and       diverse in    occurs  on       of   and in the   and   The  of  and   are  best   2022).   to  not a     published for material from    for material  from           are    of  species  for the genus  & al.,   &    &  2021).   were   on     fixed in    :  acetic acid  : 1,  for 24 h at  and   to    for  at   chromosome   the   by  &    with   material were stained    to  Chromosome counts of    were   a      equipped with a       for the    data of material  are not  This is  by the  that  of  plants from the  in   is a  and    &   and the  was  not to     the   of the species.    2n =  CHN.      2021,     [Fig.     &  2n =  CHN.    26 Jun 2021,     [Fig.      &  2n =  CHN.    26 Feb 2022,     [Fig.      2n =  CHN.   03 Jul 2021,     [Fig.  For   a   and variable species as  at   chromosome numbers of 2n =  and        and 2n =  and  have     &       2n =  CHN.    21 Mar 2021,     [Fig.     2n =  CHN.    21 Mar 2021,     [Fig.     2n =  CHN.    03  2021,     [Fig.      that material  by     the       was of K.   this  not be   the species  in this analysis are  with 2n =       The genus and  chromosomes.  J. Bot.      &      and    to the Flora of Tropical  with a  of the  of     that  be  to            an        19:     &  S.   of  Biol.      2022. A  of the  of     with  to   in the        &   2021. The  and  of      in the               &   A.E. 2019.   in     and            J. &      in   is  by   a  to     Taxon        studies in the      and  of the   J. Bot.              &    A   for  chromosome counts in   A  and     Pl. Sci. 8:    for correspondence: [email protected]  of   chromosomes were  in root tips fixed in   stained in    in  and  The  were  on plants  in the Botanic  of   * First chromosome  for the species.  New chromosome number  for the species.      2n =  CHN.    4   of   m,    M.        2n = 22, CHN.       m, 29 Jul  M.  & B.        2n =  CHN.        of   m, 29     &          &  2n =  CHN.         of  13 Feb         2n =  CHN.     of  30   M.        2n =  CHN.  of           12   M.       2n =  CHN.  of K.        Oct  M.       &   2n =  CHN.       of    m,  Oct  M.       2n =  CHN.  of        01 Oct  M.         2n =  CHN.      m, 01   B.         2n =  CHN.    between  and   m, 23 Sep  M.  & B.        &  2n =  CHN.    30   of    m,    M.      is  in  the      and a   in tropical and    &        in   and  2n =  is the    chromosome number in the species,  counts of 2n = 18 and 2n =  have      An  of a previous  of 2n = 18 is  &   in material from  The material of S.  from  is  by     in  to the      in the species       2n =  CHN.    3   of   m, 31 Oct  M.    A previous  of 2n =   was  in plants from  by      2n =  CHN.         m,    M.         2n =  CHN.       of     m, 10   M.       2n =  CHN.       of   m, 12 Oct  M.            2n = 30, CHN.    3   of   m,  Oct  M.            2n =  CHN.      R.,    m, 28 Oct  M.          A.   2n =  CHN.       of   m, 13 Oct  M.        2n =  CHN.      m, 26 Sep  M.  & B.          2n =  CHN.    3   of   m,  Oct  M.         2n =  CHN.       of    m,  Oct  M.       &  2n =  CHN.       of     m,  Oct  M.       2n =  CHN.       m,    M.       2n =  CHN.      R.,    m, 28 Oct  M.        2n =  CHN.    30   of    m,  Oct  M.       2n =  CHN.       of     m,  Oct  M.       2n =  CHN.    3   of   m,  Oct  M.       2n = 22, CHN.       of    m,  Oct  M.       2n =  CHN.    3   of   m, 01   M.       2n =  CHN.    10   of      m, 12 Oct  M.         2n =  CHN.       of    m,  Oct  M.     counts of 2n =  and 2n =   were  in material of        in  and    in  by  &       2n =  CHN.       of    m, 12   M.       2n =  CHN.    between  and   m, 25 Oct  M.       2n =  CHN.    10   of      m, 29 Oct  M.       2n =  CHN.    3   of   m, 01   M.       2n =  CHN.       of    m,  Oct  M.     counts of 2n =  were  in material of   from       and       2n =  CHN.       of  on the  to   m, 16   J.  & A.        2n =  CHN.         m,    M.       2n =  CHN.    3   of   m,  Oct  M.          2n =  CHN.       of     m,  Oct  M.        2n = 22, CHN.       of     m,  Oct  M.         2n =  CHN.       of     m,    M.    A previous  of 2n =  was  in material of   from  by            2n =  CHN.    3   of   m,  Oct  M.    A previous  of 2n = 28 was  in plants from       by      2n =  CHN.    4   of   m,    M.       2n =  CHN.       of   R.,  m, 23 Oct  M.     A.   studies of   in  to   and the  of some  of  Taxon      2000.      S.,  M.,  S. &   (eds.), Flora of  and              &    Chromosome numbers of  and   Bot.      &  M.   of   vascular   of the  of        &    Chromosome numbers in some   Acta Bot.        Chromosome numbers and  in the  of    Bot.    D.   an      Bot.   22:     Chromosome numbers of some species of   J.              S.,  M.,        F.,  J. &   (eds.), Flora",10.1002/tax.13077,Exploração Mineral Sustentável,prospecção e caracterização mineral; extração mineral sustentável; reciclagem e recuperação de minerais
Molecular Phylogenetics Clarifies Generic Boundaries Of The Papilionoid Legume Subtribe Clitoriinae,"Abstract Clitoriinae is a morphologically distinctive and pantropically distributed subtribe within the legume tribe Phaseoleae (Leguminosae, Papilionoideae), yet its genus‐level taxonomic classification remains uncertain. This study presents the most comprehensive phylogenetic analysis of Clitoriinae to date, integrating plastid ( matK/trnK ) and nuclear (ITS) sequence data from all traditionally recognized genera, including Barbieria and Clitoriopsis , sampled here for the first time. Our results support the monophyly of the Clitoriinae and its placement as an early‐diverging lineage within a broader clade comprising tribes Abreae, Millettieae, Desmodieae, Diocleae, Psoraleeae, and Phaseoleae. Within Clitoriinae, Barbieria and Clitoria form a well‐supported clade, sister to a clade containing Centrosema and Periandra . Periandra was recovered as monophyletic, while Clitoriopsis nests within Clitoria , supporting its subsuming within the latter. Centrosema is resolved as paraphyletic, with C. platycarpum and C. triquetrum forming a clade sister to Periandra . This isolated, morphologically distinctive clade is recognized under the re‐established genus Platysema . These findings establish a robust phylogenetic framework for Clitoriinae, clarify long‐standing taxonomic ambiguities, and highlight the need to revise broader tribal classifications within the Phaseoleae to reflect evolutionary relationships more accurately.",10.1002/tax.70162,Exploração Mineral Sustentável,prospecção e caracterização mineral
Edge Influence In A Semi-Deciduous Tropical Forest: An Investigation Of Soil Organic Carbon Fractions,"ABSTRACT Recent studies have proven the sensitivity of soil organic carbon (SOC) in responding to variations imposed by tropical forest fragmentation, which may reflect changes in both its quantity and quality. Despite this, studies evaluating soil carbon fractions as an edge effect indicator are still non‐existent. We developed this work asking: How do the oxidizable fractions of soil organic carbon (OFSOC) respond to the edge effect in fragments of semi‐deciduous seasonal forest? Is this response influenced by the size of the forest fragment? The study was conducted in Vitória da Conquista, Bahia, Brazil, in three forest fragments with different sizes. Thus, three sampling sections were defined in each fragment: edge (0–10 m), transition (40–50 m), and interior. Soil samples were collected at a depth of 0–10 cm. The SOC was divided into three fractions (LC—labile carbon, MLC—moderately labile carbon, and LLC—low labile carbon), adopting the chemical method based on oxidation degrees. Reductions in the SOC (28.2%), LC (17.4%), and MLC content (66.7%) were observed at the edge in the small fragment. There was a reduction of SOC (21.3%) and LLC (39.0%) at the edge in the medium fragment, while MLC showed an increase at the edge (70.4%). The OFSOC were able to respond to the changes imposed by the edge effect, with emphasis on the LC and MLC fractions in smaller fragments. The forest fragment size influenced the level of changes caused by the edge effect in OFSOC, showing greater susceptibility in smaller fragments.",10.1002/tqem.22354,Mercado de Carbono,"mensuração, relato e verificação - MRV; monitoramento de emissões"
"Water Consumption In Hydrogen Production Through Electrolysis: Overview, State-Of-The-Art, And Future Trends","ABSTRACT Green hydrogen is increasingly positioned to play a transformational role in the decarbonization of the global economy. The number of announced green hydrogen projects is growing rapidly, with a substantial portion located in water‐stressed regions. Commercial‐scale green hydrogen projects rely on PEM and alkaline electrolysis to produce hydrogen from water, powered by electricity generated from renewable sources. The objective of this article is to provide a comprehensive review of water consumption in green hydrogen production, addressing the often‐overlooked implications of freshwater use in large‐scale electrolysis. Water resources represent a critical constraint for hydrogen production, and their availability must be carefully addressed. A review of ongoing green hydrogen projects showed that most of them rely on desalinated seawater, though reclaimed wastewater is emerging as an increasingly attractive alternative source. Currently, PEM electrolysis is the most water‐efficient technology for producing green hydrogen, consuming an average of 17.5 L of water/kg of hydrogen. Of this amount, 51% is used directly in the electrolysis process, while the remaining 49% is allocated to cooling. There are opportunities to improve water efficiency in green hydrogen production by focusing on the optimization of water consumption for cooling. The most relevant ones are the adjustment of the cycles of concentration in cooling towers, the reuse of blowdown water, and the use of adiabatic cooling systems. In coastal areas with favorable bathymetric conditions, the use of seawater could also help lower the demand for cooling water.",10.1002/wene.70035,"Energias Renováveis, Biomassa e Combustíveis Verdes",hidrogênio renovável
Buckling Load Of Heavy Columns With Variable Cross Section&nbsp;And Flexible End Restraints,"Abstract Effective and economical design of heavy columns, taking into account their own self weight is a common problem in engineering. The degree of restraint provided at the ends of the column should also be taken into account and it is addressed by adding rotational and/or translational springs to simulate several levels of fixity. In this work results are given for five different combinations of boundary conditions at the two ends, and for several restraint rigidities at the supports. An approximate solution using Rayleigh's method is presented and compared to numerical finite element results and to the exact solution previously derived for general cases of variable cross section columns with variable axial force.",10.1002/zamm.202400626,Eficiência Energética,eficiência energética industrial; redução do consumo energético em processos produtivos; tecnologias e equipamentos de alta eficiência
"Equivalences Between 2d Dilaton Gravities, Their Asymptotic Symmetries, And Their Holographic Duals","A bstract Dilaton gravities in two dimensions can be formulated as particular Poisson sigma models. Target space diffeomorphisms map different models to each other and establish a one-to-one correspondence between their classical solutions. We obtain a general form of such diffeomorphisms in Lorentzian and Euclidean signatures and use them to extend known holographic results, including the Schwarzian action on the asymptotic boundary, from JT to a large class of dilaton gravity models.",10.1007/JHEP06(2023)151,Eficiência Energética,tecnologias e equipamentos de alta eficiência
Measurement Of Double-Differential Charged-Current Drell-Yan Cross-Sections At High Transverse Masses In Pp Collisions At $$ Sqrt{s} $$ = 13 Tev With The Atlas Detector,"A bstract This paper presents a first measurement of the cross-section for the charged-current Drell-Yan process pp → W ± → ℓ ± ν above the resonance region, where ℓ is an electron or muon. The measurement is performed for transverse masses, $$ {m}_{\textrm{T}}^{\textrm{W}} $$ m T W , between 200 GeV and 5000 GeV, using a sample of 140 fb − 1 of pp collision data at a centre-of-mass energy of $$ \sqrt{s} $$ s = 13 TeV collected by the ATLAS detector at the LHC during 2015–2018. The data are presented single differentially in transverse mass and double differentially in transverse mass and absolute lepton pseudorapidity. A test of lepton flavour universality shows no significant deviations from the Standard Model. The electron and muon channel measurements are combined to achieve a total experimental precision of 3% at low $$ {m}_{\textrm{T}}^{\textrm{W}} $$ m T W . The single- and double differential W -boson charge asymmetries are evaluated from the measurements. A comparison to next-to-next-to-leading-order perturbative QCD predictions using several recent parton distribution functions and including next-to-leading-order electroweak effects indicates the potential of the data to constrain parton distribution functions. The data are also used to constrain four fermion operators in the Standard Model Effective Field Theory formalism, in particular the lepton-quark operator Wilson coefficient $$ {c}_{\ell q}^{(3)} $$ c ℓ q 3 .",10.1007/jhep07(2025)026,Exploração Mineral Sustentável,minerais críticos; metais prioritários para a transição energética
Search For Heavy Neutral Leptons In Decays Of W Bosons Using Leptonic And Semi-Leptonic Displaced Vertices In $$ Sqrt{s} $$ = 13 Tev Pp Collisions With The Atlas Detector,"A bstract A search is performed for long-lived heavy neutral leptons (HNLs), produced through the decay of a W boson along with a muon or electron. Two channels are explored: a leptonic channel, in which the HNL decays into two leptons and a neutrino, and a semi-leptonic channel, in which the HNL decays into a lepton and a charged pion. The search is performed with 140 fb − 1 of $$ \sqrt{s} $$ s = 13 TeV proton-proton collision data collected by ATLAS during Run 2 of the Large Hadron Collider. No excess of events is observed; Dirac-like and Majorana-like HNLs with masses below 14.5 GeV and mixing coefficients as small as 10 − 7 are excluded at the 95% confidence level. The results are interpreted under different assumptions on the flavour of the leptons from the HNL decays.",10.1007/jhep07(2025)196,Exploração Mineral Sustentável,minerais críticos; metais prioritários para a transição energética
Searches For Direct Slepton Production In The Compressed-Mass Corridor In $$ Sqrt{&#09;Extrm{s}} $$ = 13 Tev Pp Collisions With The Atlas Detector,"A bstract This paper presents searches for the direct pair production of charged light-flavour sleptons, each decaying into a stable neutralino and an associated Standard Model lepton. The analyses focus on the challenging “corridor” region, where the mass difference, ∆ m , between the slepton ( $$ \overset{\sim }{e} $$ e ~ or $$ \overset{\sim }{\mu } $$ μ ~ ) and the lightest neutralino ( $$ {\overset{\sim }{\chi}}_1^0 $$ χ ~ 1 0 ) is less or similar to the mass of the W boson, m ( W ), with the aim to close a persistent gap in sensitivity to models with ∆ m ≲ m ( W ). Events are required to contain a high-energy jet, significant missing transverse momentum, and two same-flavour opposite-sign leptons ( e or μ ). The analysis uses pp collision data at $$ \sqrt{s} $$ s = 13 TeV recorded by the ATLAS detector, corresponding to an integrated luminosity of 140 fb − 1 . Several kinematic selections are applied, including a set of boosted decision trees. These are each optimised for different ∆ m to provide expected sensitivity for the first time across the full ∆ m corridor. The results are generally consistent with the Standard Model, with the most significant deviations observed with a local significance of 2 . 0 σ in the selectron search, and 2 . 4 σ in the smuon search. While these deviations weaken the observed exclusion reach in some parts of the signal parameter space, the previously present sensitivity gap to this corridor is largely reduced. Constraints at the 95% confidence level are set on simplified models of selectron and smuon pair production, where selectrons (smuons) with masses up to 300 (350) GeV can be excluded for ∆ m between 2 GeV and 100 GeV.",10.1007/jhep08(2025)053,Exploração Mineral Sustentável,minerais críticos; metais prioritários para a transição energética
A Measurement Of The High-Mass $$ &#09;Au Overline{&#09;Au} $$ Production Cross-Section At $$ Sqrt{s}=13 $$ Tev With The Atlas Detector And Constraints On New Particles And Couplings,"A bstract The production cross-section of high-mass τ -lepton pairs is measured as a function of the dilepton visible invariant mass, using 140 fb − 1 of $$ \sqrt{s}=13 $$ s = 13 TeV proton-proton collision data recorded with the ATLAS detector at the Large Hadron Collider. The measurement agrees with the predictions of the Standard Model. A fit to the invariant mass distribution is performed as a function of b -jet multiplicity, to constrain the non-resonant production of new particles described by an effective field theory or in models containing leptoquarks or Z′ bosons that couple preferentially to third-generation fermions. The constraints on new particles improve on previous results, and the constraints on effective operators include those affecting the anomalous magnetic moment of the τ -lepton.",10.1007/jhep10(2025)054,Exploração Mineral Sustentável,minerais críticos; metais prioritários para a transição energética
"Hermitian Geometry Of Complex Multivectors, Determinants And Orientations","Abstract Two geometric interpretations for complex multivectors and determinants are presented: a little known one in terms of square roots of volumes, and a new one using fractions of volumes. The fraction is determined by a new holomorphy index, which measures the lack of holomorphy of real subspaces of $$\mathbb {C}^n$$ C n via generalized Kähler angles or a disjointness angle, and relates real and complex exterior products. The interpretations are completed with a natural but uncommon concept of complex orientation, related to elementary complex transformations. We also propose graphical representations for complex blades (decomposable multivectors) as fractions of parallelotopes, and discuss how Clifford algebras relate (or not) to Hermitian geometry.",10.1007/s00006-026-01448-4,Eficiência Energética,tecnologias e equipamentos de alta eficiência
"The Significance Of -Abdominal Signalling- In The Obligate Mutualism Between Neochavesia Caldasiae (balachowsky, 1957) (hemiptera: Xenococcidae) And Acropyga Fuhrmanni (forel, 1914) (formicidae: Formicinae)","Abstract Mutualistic interactions between ants and hemipterans represent well-established examples of symbiosis. The interaction between ants of the genus Acropyga and the mealybugs they tend on roots is both permanent and obligatory. In this relationship, the honeydew produced by the mealybugs is exchanged for the protection provided by the ants, a process facilitated by several behaviors that promote cooperation between the species. We conducted systematic observations of interactions between workers of the ant Acropyga fuhrmanni and the hemipterans Neochavesia caldasiae that they tend across seven colonies in the laboratory. We reassessed the behavior previously termed “appeasement boxing” consisting of a rapid succession of movements of the mealybug abdominal apex which was erroneously attributed to the function of repelling the ant when the mealybug was disturbed during feeding. The behavior was recorded in multiple contexts and, in most cases, did not lead to the workers being repelled. Instead, this boxing behavior emerged within contexts of exploration, recognition, collection, and transportation of the mealybugs, frequently preceding their active manipulation by the ants. Our results indicate a multifunctional character, potentially associated with recognition, collection, and prioritization of transport. This finding warrants the revision of the expression “appeasement boxing” to “abdominal signalling” to more accurately reflect the function of this behavior within the close mutualism between Neochavesia caldasiae and Acropyga fuhrmanni .",10.1007/s00040-026-01114-9,Exploração Mineral Sustentável,minerais críticos
Emerging Bacterial Resistance And Genotoxicity Of Water-Soluble Fractions Of Agricultural Soils From The Semiarid Region Of Brazil Affected By The Continuous Use Of Glyphosate,"The use of herbicides in modern agriculture has been the subject of ongoing debate due to their negative impacts on the environment and human health. The aim of this study was to assess the bacterial, physicochemical and genotoxicity parameters of three soil samples of public farming settlements in Petrolândia, Brazil. The bacterial resistance patterns were examined after soil exposures to a known concentration of glyphosate (2.5%). Genotoxicity was assessed through the Drosophila melanogaster Comet assay, exposed to water-soluble fraction (WSF) soil samples, followed by the quantification of seven chemical elements. The results indicated that, although physicochemical parameters remained within acceptable limits, there was a significant presence of resistant bacteria, particularly Stenotrophomonas maltophilia, Bacillus cereus and Enterobacter cloacae. Comet assay results (Damage Index and Damage Frequency) presented a significant level of genotoxicity in two of the three WSFs. Clustering analysis associated the genetic damage to the presence of chrome and zinc heavy metals. The predominance of multidrug-resistant bacteria, combined with levels of genotoxicity, suggests that these soils exposed to glyphosate contamination represents a risk to the sustainability of Brazilian semiarid agriculture.",10.1007/s00128-026-04230-1,Exploração Mineral Sustentável,redução e aproveitamento de resíduos e rejeitos; reciclagem e recuperação de minerais
Reducing Warping In Injection-Moulded Plastic Parts Based On Sequential Optimization Approach,"Abstract The complexity of the injection moulding process, combined with the number of injection variables and parameters that are manipulated, influences both the interpretation of the results obtained and the process of determining the injection parameters. This study proposes a sequential optimization methodology using statistical methods, such as Design of Experiments (DOE), Principal Component Analysis (PCA), and Analysis of Variance (ANOVA), to explore the solution space within the parameter search space that traditional trial-and-error methods tend to overlook. In this context, the research utilized isothermal and transient numerical simulations, first defining the filling and back-pressure parameters and subsequently the cooling parameters. The results demonstrated significant effectiveness, achieving cumulative reductions of 75.04% in warpage under ideal conditions and 62.67% in transient simulations, which provide a more realistic representation of the process dynamics compared to steady-state simulations. In addition to ensuring that the parts remained within the dimensional tolerance range of 1.6 mm (DIN 16742 standard), the methodology enabled cycle-time optimization by reducing the cooling time from 10 seconds to 1 second, resulting in a 90% reduction without compromising dimensional quality. It can be concluded that integrating statistical tools with numerical simulation provides greater scientific predictability, improved process stability, reduced operating costs, and applicability to different polymers and complex geometries.",10.1007/s00170-026-18604-6,Eficiência Energética,eficiência energética industrial; redução do consumo energético em processos produtivos; tecnologias e equipamentos de alta eficiência
Fuzzy Hybrid System Based On Ensemble Learning For Classification In Intelligent Manufacturing Processes,"Abstract The integration of Machine Learning (ML) into advanced manufacturing is a key enabler of Industry 4.0, supporting intelligent quality control and early fault detection. Despite recent advances, challenges remain regarding the interpretability and adaptability of multiclass classification models operating under uncertainty in industrial environments. This paper proposes a hybrid approach that combines ensemble ML models with fuzzy logic, integrating the outputs of probabilistic classifiers through a rule-based inference system that incorporates prior distributions. The proposed framework provides a flexible and interpretable aggregation mechanism that supports both homogeneous and heterogeneous ensembles. A case study was conducted to classify tire performance during uniformity testing at a multinational manufacturing plant. Five supervised ML algorithms were evaluated, and explainable artificial intelligence (XAI) techniques were employed to identify the variables that most strongly influence classification performance. Experimental results showed that the proposed fuzzy-based system achieved predictive performance statistically equivalent to the corresponding soft-voting ensembles while significantly outperforming several individual classifiers. The best-performing configuration, combining the Random Forest (RF), Support Vector Machine (SVM), and Gradient Boosting Decision Tree (GBDT) classifiers, achieved a mean accuracy of 84.1%, suggesting that fuzzy aggregation may represent a promising and interpretable alternative for multiclass classification in intelligent manufacturing. These findings provide suggestive evidence supporting the potential application of fuzzy ensemble learning to quality control and decision-making processes, particularly in tire manufacturing.",10.1007/s00170-026-18928-3,Eficiência Energética,eficiência energética industrial; redução do consumo energético em processos produtivos; tecnologias e equipamentos de alta eficiência
Enhancing 3-O-Methylfunicone Production By Endophytic Talaromyces Pinophilus J6 Through Culture Optimization And Its Anti-Helicobacter Pylori Activity,"Endophytic fungi can produce metabolites with potential pharmaceutical applications through biosynthetic pathways strongly influenced by culture conditions. In this study, growth parameters (media composition and cultivation time) were systematically optimized to maximize 3-O-methylfunicone (3OMF) production by the endophytic fungus Talaromyces pinophilus J6. Chemical profiling by high-resolution mass spectrometry (HRMS) demonstrated that supplementation of potato dextrose agar (PDA) with 45% (w/w) ammonium sulfate and cultivation for 7 days significantly increased the accumulation of 3OMF compared to standard growth conditions. The optimized culture condition enabled the isolation of the target compound in sufficient yield for subsequent biological assays. The compound exhibited anti-Helicobacter pylori activity against one reference strain and three clinical isolates, with minimum inhibitory concentrations ranging from 0.165 to 0.660 mM and bactericidal concentrations up to 1.32 mM. In combination assays, 3OMF showed an additive effect with clarithromycin, indicating potential as an adjuvant compound in eradication therapies. Cytotoxicity assays of 3OMF demonstrated selective activity against gastric adenocarcinoma cells, with an IC50 of 0.24 mM and selectivity index of 2.37 relative to fibroblasts. Molecular docking suggested favorable interactions between 3OMF and H. pylori β-clamp protein, suggesting a possible association with interference in bacterial DNA replication. These findings demonstrate that culture optimization is an efficient biotechnological strategy to improve 3OMF production and support the further investigation of this compound as a scaffold for anti-H. pylori applications.",10.1007/s00203-026-05028-9,"Energias Renováveis, Biomassa e Combustíveis Verdes",biomassa; biocombustíveis e combustíveis verdes
Role Of 5-Ht2a Receptors In The Effects Of Ayahuasca On Ethanol Self-Administration Using A Two-Bottle Choice Paradigm In Male Mice,"Ayahuasca has been proposed as a potential treatment of alcohol (ethanol) use disorder (AUD). The serotonin 5-HT 2A receptor agonist N,N-dimethyltryptamine (DMT) is the main psychoactive component of ayahuasca, suggesting that its therapeutic effects may be mediated by 5-HT 2A receptors. The aim of the present study was to investigate the effects of ayahuasca on the expression of ethanol self-administration using a two-bottle choice procedure and the role of 5-HT 2A receptors in those effects. Male mice had intermittent access to ethanol (10% v/v) in a two-bottle choice procedure for 30 days. Animals were then submitted to 3 treatment phases, each followed by ethanol re-exposure tests. During the treatment phase, every 3 days, animals received i.p. injections of either vehicle or the 5-HT 2A receptor antagonist M100907 (M100, 1 mg/kg) followed by an i.g. (gavage) administration of vehicle or ayahuasca (100 mg/kg) and were exposed to the self-administration apparatus with no ethanol availability. During re-exposure tests, animals were submitted to the same conditions as during acquisition, with no treatments prior to those sessions. Treatment with ayahuasca blocked the expression of ethanol self-administration, decreasing ethanol intake and preference during re-exposure tests. Pretreatment with M100 blocked the effects of ayahuasca on ethanol drinking without significantly attenuating ethanol self-administration. Treatment with ayahuasca during alcohol abstinence blocked the expression of alcohol self-administration in mice, and 5-HT 2A receptor activation is critical for those effects to emerge. Our findings support a potential for ayahuasca and other 5-HT 2A receptor agonists as adjunctive pharmacotherapies for the treatment of AUD.",10.1007/s00213-022-06104-w,"Energias Renováveis, Biomassa e Combustíveis Verdes",
"Rare Phyla, Such As Cpr And Dpann, Shape Ecosystem-Level Microbial Community Structure Dissimilarities","Rare microbial lineages, such as members of the candidate phyla radiation (CPR) bacteria and Diapherotrites, Parvarchaeota, Aenigmarchaeota, Nanoarchaeota, and Nanohaloarchaeota (DPANN) archaea, are increasingly recognized as key components of microbial communities in natural systems. Yet, their global distribution, biogeographic patterns, and broader role in shaping microbial community structure across diverse ecosystems remain poorly characterized. Here, we analyzed 2860 metagenomes spanning nine ecosystems using a curated reference database and a bias-aware taxonomic filtering approach to quantify the richness, relative abundance, and structural influence of low-abundance microbial taxa on community structure across a wide range of ecosystems. Our findings reveal that rare taxa, primarily CPR and DPANN, disproportionately shape microbial community dissimilarities across global ecosystems. We observed that the richness of these two groups, that drives community structure variation, increases with latitude, peaking in temperate regions, thereby contrasting classical latitudinal diversity patterns and suggesting unique biogeographic drivers. CPR and DPANN were predominantly enriched in free-living environments, particularly groundwater and soil, then in host-associated habitats, consistent with niche specialization shaped by environmental filtering and dispersal constraints. These findings challenge abundance-centric assumptions in microbial ecology and highlight the need to integrate low-abundance taxa into macroecological frameworks. Fully resolving their ecological functions, however, will require targeted experimental and multi-omics investigations.",10.1007/s00248-025-02595-0,Exploração Mineral Sustentável,minerais críticos; metais prioritários para a transição energética
Rock Powder Solubilization And Growth Promotion Of Passiflora Edulis Seedlings By Bradyrhizobium Viridifuturi,"The utilization of plant growth-promoting microorganisms (PGPMs) represents a promising and environmentally sustainable approach to enhance global food production. These microorganisms improve nutrient availability by solubilizing minerals such as phosphates and silicates, especially when used in combination with organic fertilizers, thereby stimulating plant development. This study aimed to evaluate the rock powder solubilization capacity of PGPMs in vitro and their agronomic efficiency when combined with organic fertilizers on the growth of Passiflora edulis seedlings. Four bacterial strains Bradyrhizobium viridifuturi, Achromobacter spanius and Bacillus cereus. were characterized based on genetic, biochemical, and physiological traits, including hydrolytic enzyme production and their ability to solubilize rock powder. Parameters influencing solubilization, such as pH and electrical conductivity, were also evaluated. Greenhouse experiments were conducted over 60 and 90 days to assess seedling growth under four substrate conditions, with and without chemical fertilization. Growth parameters, including plant height, stem diameter, leaf number, and nutrient accumulation, were measured. (A) spanius and (B) cereus, effectively solubilized silicate rock in vitro. Notably, B. viridifuturi significantly enhanced seedling growth and nutrient uptake when applied to substrates containing both organic fertilizer and rock powder. These findings underscore the potential of PGPMs particularly B. viridifuturi as sustainable bioinoculants to improve nutrient availability and optimize seedling development in agricultural systems.",10.1007/s00284-026-04848-8,"Energias Renováveis, Biomassa e Combustíveis Verdes",biomassa; biocombustíveis e combustíveis verdes
Anti-Toxocara Canis Seroreactivity Across Autoimmune Rheumatic Diseases With Exploratory Igg4 And Eosinophil-Associated Signals In Systemic Lupus Erythematosus: A Cross-Sectional Case-Control Study,"Helminth-related immune responses may intersect with autoimmune rheumatic diseases, but disease-specific patterns remain incompletely understood. This study aimed to investigate anti-Toxocara canis seroreactivity and its immunological and clinical correlates in rheumatoid arthritis, systemic lupus erythematosus, and spondyloarthritis. In this cross-sectional case-control study, 442 individuals were evaluated across disease-specific comparisons. Serology followed a sequential strategy using native T. canis excretory-secretory antigen for initial IgG screening and a recombinant chimeric antigen for confirmatory IgG, IgG1, and IgG4 assessment. Cytokines, eosinophil counts, socioeconomic variables, disease activity, and functional disability were analyzed using adjusted regression models. Total anti-T. canis IgG seroreactivity was frequent across groups. Higher adjusted point estimates were observed in rheumatoid arthritis, systemic lupus erythematosus, and spondyloarthritis. SLE was the only disease group showing a nominally significant association with IgG seroreactivity compared with its respective control group (OR 2.44, 95% CI 1.16-5.14), although no serological association remained significant after FDR correction. SLE also showed a nominal signal of lower IgG4 seroreactivity than controls in the standard adjusted model (OR 0.20, 95% CI 0.04-0.99), but this finding did not remain significant after FDR correction or in small-cell sensitivity analyses. Higher eosinophil counts were associated with lower SLEDAI scores in negative binomial models (IRR per 100 eosinophils/mm³: 0.56, 95% CI 0.36-0.86), and this association persisted after adjustment for medication use, although it should be interpreted as exploratory given the low SLEDAI distribution and limited number of active disease events. Anti-T. canis seroreactivity was frequent across autoimmune rheumatic diseases and showed disease-specific exploratory patterns. In SLE, higher total IgG seroreactivity coexisted with a cautious, hypothesis-generating IgG4 signal, while eosinophil counts showed an exploratory independent association with lower SLEDAI scores. These findings suggest that helminth-related immune signatures may vary across autoimmune disease contexts and should be interpreted as exploratory associations rather than evidence of active infection or causal immunomodulation.",10.1007/s00296-026-06249-3,Exploração Mineral Sustentável,minerais críticos; metais prioritários para a transição energética
Distribution And Range Expansion Of The Invasive Soft Coral Chromonephthea (octocorallia; Malacalcyonacea; Nephtheidae) In The Southwest Atlantic,"Abstract The introduction of nonnative octocorals (Octocorallia) is becoming increasingly more common around the world. In Brazil alone, we know of nine nonnative or cryptogenic species of octocorals representing eight different families. The nephtheid Chromonephthea braziliensis (a pseudoindigenous species) was probably first introduced in Brazil in 1994 and has since appeared in three distinct regions on the northeast and southwest coast. The aims of this study were to review and describe its current distribution, verify the taxonomic composition of populations, and identify probable vectors and pathways of introduction. In 2024, we assessed seven of fourteen known populations along the entire extent of the known species distribution. Population sizes were estimated, species interactions noted, and specimens collected. Colony morphology and color were assessed by examining sclerites, and DNA sequences were obtained for the mitochondrial mtMutS and nuclear 28S rDNA barcode markers. Genetic and morphological analyses confirmed the presence of two different species of Chromonephthea in Brazil, suggesting multiple introductions through fouling on hulls of oil and gas platforms. These species can be most easily distinguished by the color of their polyp sclerites, which are yellow in C. braziliensis and red in the other, as yet unidentified species. Both negative (contact necrosis) and positive (basibiont) species interactions were recorded.",10.1007/s00338-026-02834-x,Exploração Mineral Sustentável,reciclagem e recuperação de minerais
"Density, Diversity, And Growth-Promoting Potential Of Cowpea-Associated Bacteria Isolated From Soils With Cassava Wastewater","Abstract The objective of this study was to isolate and select bacteria from soils with previous cassava wastewater deposition, aiming to identify strains capable of promoting vegetative growth of Vigna unguiculata L. Walp. Eight soil samples were collected near cassava flour processing facilities in Vitória da Conquista – Bahia and cultured on Burks and FAM media. Fifty-five bacterial isolates were obtained and evaluated for morphological characteristics, population density, calcium phosphate solubilization, sodium chloride tolerance, and ability to promote cowpea growth. Bacterial densities ranged from 2.31 × 10¹ to 2.15 × 10⁶ cells g⁻¹ soil in Burks medium and from 2.31 × 10¹ to 1.49 × 10⁵ cells g⁻¹ soil in FAM medium. Among the 55 isolates obtained, four were able to nodulate cowpea, and 27 tolerated NaCl concentrations up to 30 g L⁻¹. High bacterial densities were observed in both media, with most isolates showing rapid growth and low to moderate phosphate solubilization. Isolates tolerant to up to 30 g L⁻¹ NaCl were detected. Strains from the genera Bacillus and Paraburkholderia both widely reported as plant growth-promoting rhizobacteria (PGPR) were identified. Some non-nodulating isolates enhanced root length and dry weight, while nodulating strains UFRB BA72C2-1, UFRB FA34C2-2, UFRB FA51B1, and UFLA 03-164 T were effective in nodulation and vegetative growth promotion.",10.1007/s00344-026-12195-y,"Energias Renováveis, Biomassa e Combustíveis Verdes",biomassa; aproveitamento energético de resíduos
Scientific Advances In The Use Of Pgpb For Sorghum Cultivation: Bibliometric Review With Narrative Synthesis,"Abstract Sorghum is a resilient crop of great agricultural importance, notable for its high efficiency in water and energy use. However, factors such as low soil nutrient availability and abiotic stresses can limit its productive potential. In this context, plant growth-promoting bacteria (PGPB) have proven to be sustainable alternatives as they can stimulate crop growth through biological nitrogen fixation (BNF) and tolerance to adverse stresses. This study aimed to conduct a bibliometric analysis with a narrative synthesis of scientific production on the use of PGPB in sorghum cultivation between 2014 and 2024. To this end, a search for scientific articles was conducted in the Scopus and Web of Science databases. The bibliographic data were refined and analyzed in the R software using the Bibliometrix package. It was possible to identify the main authors, institutions, journals, keywords, and scientific collaboration networks. An increase was observed in global scientific production, with Brazil and the United States of America standing out as leaders in publications. The research mainly addressed the effects of PGPB on sorghum growth, BNF, and mitigation of abiotic stresses, such as drought and heavy metal contamination. The use of PGPB was also related to phytoremediation, standing out as a strategy for environmental recovery and increased agricultural productivity. These results contribute to understanding trends and advances in the application of PGPB in sorghum cultivation, as well as providing subsidies for future research.",10.1007/s00344-026-12207-x,"Energias Renováveis, Biomassa e Combustíveis Verdes",biomassa; biocombustíveis e combustíveis verdes
Osmoregulatory Disruption And Metal Bioaccumulation In The Estuarine Fish Centropomus Parallelus Exposed To Settleable Atmospheric Particulate Matter,"Abstract Estuarine fishes experience marked environmental variability and rely on tightly regulated osmoregulatory mechanisms to maintain internal homeostasis. Settleable atmospheric particulate matter (SePM), a complex mixture of metals and metalloids, is an emerging stressor in aquatic systems and may interfere with regulatory processes. This study investigated the effects of SePM exposure on osmoregulatory homeostasis in the estuarine fish Centropomus parallelus . Fish were exposed for 96 h to either 0 g.L⁻¹ (control) or 1 g.L⁻¹ SePM, and key physiological endpoints associated with ion and water balance were assessed, including plasma osmolality and Na⁺, Cl⁻, and K⁺ concentrations; Na⁺/K⁺-ATPase (NKA), V-type H + -ATPase (VAT), and total ATPase activities in the gills and kidneys; and ionocyte abundance and transporter protein levels in gill ionocytes and renal tubules. Aluminum, iron, vanadium, and chromium levels were accumulated in the gills and kidneys. SePM exposure disrupted osmoregulatory homeostasis, as evidenced by reduced plasma osmolality and decreased Cl – and K + concentrations. NKA activity was upregulated in the gills, accompanied by an increase in the density of NKA-positive ionocytes. Conversely, total ATPase and VAT activities were downregulated in the kidneys, whereas the abundance of NKA, the symporter Na + ,K + ,2Cl − (NKCC), and the cystic fibrosis transmembrane conductance regulator (CFTR), a chloride (Cl⁻) channel, remained unchanged in renal tubules. These findings suggest that SePM exposure is associated with tissue-specific modulation of osmoregulatory parameters, including increased branchial Na⁺/K⁺-ATPase activity and NKA-positive ionocyte density, and reduced renal ATPase activities, accompanied by alterations in plasma osmolality and ion concentrations. The physiological disturbances associated with SePM exposure may impair organismal performance and reduce ecological fitness in estuarine fishes inhabiting metal-impacted coastal environments.",10.1007/s00360-026-01698-5,Exploração Mineral Sustentável,metais prioritários para a transição energética; extração mineral sustentável; reciclagem e recuperação de minerais
"Secondary Sexual Characteristics As Tool For Sexing Individuals Of Synalpheus Spence Bate, 1888, A Caridean Genus With Males Lacking Appendices Masculinae","Abstract Sexual dimorphism includes external morphological differences between sexes. In caridean shrimps, the established characteristics for sexing individuals are the presence or absence of an appendix masculina in males and the position of the male/female gonopores. Shrimps of the genus Synalpheus are an exception because males lack appendices masculinae on the second pleopods. Synalpheus males can be distinguished from females by the position of the gonopores, which are located on the coxae of the fifth and the third pereopod, respectively. However, in very small species such as Synalpheus , the gonopore position is difficult to observe under light stereomicroscopy and is only clearly visible with scanning electron microscopy (SEM), a lengthy, expensive process requiring specialized instrumentation. The present study describes practical tools for analyzing sexual dimorphism in Synalpheus , using S. apioceros , S. fritzmuelleri , and S. brevicarpus as models. We used a light stereomicroscope to describe all pleopods, appendices internae , and pleura; SEM for morphological description of gonopores and endopodal cincinnuli ; and characteristics of the pleopods and appendices internae . Morphological differences were found in several characters. The first pleonal pleuron of the male has a posteroventral, somewhat hook-like projection. It is rounded in females and ovigerous females. We proposed and tested morphological measures to describe the relative position of the appendix interna (AI) on the endopods in females and males. The sex indicated by the relative AI position was confirmed by SEM observation of the gonopore position, a definitive indicator of sex.",10.1007/s00435-026-00770-6,Exploração Mineral Sustentável,prospecção e caracterização mineral
Clt For Ness Of A Reaction-Diffusion Model,"Abstract We study the scaling properties of the non-equilibrium stationary states (NESS) of a reaction-diffusion model. Under a suitable smallness condition, we show that the density of particles satisfies a law of large numbers with respect to the NESS, with an explicit rate of convergence, and we also show that at mesoscopic scales the NESS is well approximated by a local equilibrium (product) measure, in the total variation distance. In addition, in dimensions $$d \le 3$$ d ≤ 3 we show a central limit theorem for the density of particles under the NESS. The corresponding Gaussian limit can be represented as an independent sum of a white noise and a massive Gaussian free field, and in particular it presents macroscopic correlations.",10.1007/s00440-024-01293-1,Eficiência Energética,redução do consumo energético em processos produtivos; tecnologias e equipamentos de alta eficiência
Functional Diversity Of Brazilian Bees: Revealing The Unique Patterns Of The Neotropics,"Bees are essential for ecosystem functioning, pollinating many wild and crop plant species. Predicting which species are most vulnerable to global changes, and how their loss may impact ecosystems and human well-being, is critical. Comprehensive information on bee response and effect traits is fundamental to these assessments. However, the Raunkiærian shortfall-insufficient trait data-remains significant for bees, particularly in the Neotropics. Moreover, it remains uncertain whether conservation strategies based on functional diversity from temperate regions can be generalized to the Neotropics. To address this gap, we compiled a comprehensive and validated dataset on Brazilian bee traits, covering 24 traits related to sociality (100% of the species with some information), nesting (88%), body size (71%), and buzzing capacity (42%) on 2,066 Brazilian bee species. The trait data here presented is a crucial resource for evaluating bee species' pollination effectiveness and susceptibility to global change. Comparative analysis with regions with ample trait data-USA, Europe, and China-revealed notable differences. Brazilian bees exhibited a higher prevalence of aboveground nesting species, especially compared to Europe. The proportion of eusocial species was also greater than in Europe and the United States, and more similar to China. Differently from other regions, Brazilian eusocial bees were significantly smaller than their non-eusocial counterparts. These cross-regional comparisons highlight the importance of geographically tailored conservation strategies and underscore the need for extensive trait data to accurately predict regional vulnerabilities and ecological impacts in a rapidly changing world.",10.1007/s00442-025-05828-8,Exploração Mineral Sustentável,reciclagem e recuperação de minerais
Prognostic Value Of Nutritional And Functional Screening Instruments For Mortality In Patients With Hematologic Malignancies,"PURPOSE: Functional and nutritional impairments adversely affect outcomes in hematologic malignancies; however, the comparative prognostic value of widely available screening instruments remains insufficiently explored. The present study aimed to examine the association between nutritional and functional screening instruments and 12-month mortality in hospitalized patients with hematologic malignancies. METHODS: In this prospective cohort of 91 patients (median age 53 years [IQR, 35-61]), nutritional screening and assessment tools (PG-SGA, GLIM criteria) and functional screening instruments (SARC-F, SARC-CalF, and Geriatric 8 [G8]) were applied within 72 h of admission. The G8 was pragmatically used as a multidimensional vulnerability screening instrument. Discriminative ability for mortality was evaluated using ROC curve analysis, and Cox regression models (unadjusted and adjusted) were used to examine associations with mortality. RESULTS: During follow-up, 29.7% of patients died. The G8 and SARC-CalF were associated with mortality in adjusted models (HR 4.83, 95% CI 1.13-20.68; HR 2.37, 95% CI 1.08-5.17, respectively). PG-SGA Global showed acceptable discriminative performance in ROC analyses (AUC 0.71) but was not associated with mortality after adjustment. GLIM criteria were not associated with mortality in adjusted models. CONCLUSION: The G8 and SARC-CalF scores have demonstrated prognostic utility as simple and low-cost screening tools associated with mortality in these patients with hematological malignancies hospitalized in a resource-limited service.",10.1007/s00520-026-10699-7,Eficiência Energética,redução do consumo energético em processos produtivos; tecnologias e equipamentos de alta eficiência
Mac Approaches To Communication Efficiency And Reliability Under Dynamic Network Traffic In Wireless Body Area Networks: A Review,"Abstract Wireless Body Area Networks (WBANs) are wireless sensor networks that monitor the physiological and contextual data of the human body. Nodes in a WBAN communicate using short-range and low-power transmissions to minimize any impact on the human body’s health and mobility. These transmissions thus become subject to failures caused by radiofrequency interference or body mobility. Additionally, WBAN applications typically have timing constraints and carry dynamic traffic, which can change depending on the physiological conditions of the human body. Several approaches for the Medium Access Control (MAC) sublayer have been proposed to improve the reliability and efficiency of the WBANs. This paper proposes and uses a systematic literature review (SLR) method to identify, classify, and statistically analyze the published works with MAC approaches for WBAN efficiency and reliability under dynamic network traffic, radiofrequency interference, and body mobility. In particular, we extend a traditional SLR method by adding a new step to select publications based on qualitative parameters. As a result, we identify the challenges and proposed solutions, highlight advantages and disadvantages, and suggest future works.",10.1007/s00607-024-01307-9,Eficiência Energética,eficiência energética industrial; tecnologias e equipamentos de alta eficiência
Increasing Climatic And Anthropogenic Pressure On The Matopiba Agricultural Frontier And Its Impacts On Water Resources: A Case Study Of The Corrente River Basin,"Abstract Climate and land-use change are growing concerns due to their impacts on hydrological processes, especially in areas of intensive agriculture, such as the western region of Bahia. This study investigates how changes in climate and land cover affect the streamflow of the Corrente River basin. The Corrente basin is located on the Matopiba agricultural frontier, a strategic area for Brazil’s grain production. The SWAT model was calibrated and validated, after which land-use change simulations were run using the projected scenario for 2038. Climate projection data were obtained from the NEX-GDDP-CMIP6 dataset, which provides downscaled global models. From this, the BCC-CSM2-MR, INM-CM4-8, GFDL-CM4, MRI-ESM2-0, and CMCC-ESM2 products were selected for the SSP5-8.5 and SSP2-4.5 climate change scenarios for the 2015–2040 period. Historical data from the climate models were compared with observed data to evaluate their performance. The models showing the highest efficiency in estimating monthly mean precipitation and maximum/minimum temperatures based on NSE, PBIAS, R², and KGE coefficients were selected. The projections from the most efficient models were then used as input for SWAT. The results indicate statistically significant variations in streamflow indicators, driven by both land use and land cover changes and climate projections. Under the SSP5-8.5 scenario (BCC-CSM2-MR), the low-flow indicator Q90 is projected to decrease by approximately 95.6%, reaching 3.72 m³/s, while total water yield may decline by up to 77.95%. Actual evapotranspiration is projected to increase by up to 15.38% under SSP2-4.5, accompanied by a 43.91% reduction in lateral subsurface flow. In contrast, land-use changes alone result in a comparatively modest 4.46% reduction in Q90. Scenarios simulated by the BCC-CSM2-MR and MRI-ESM2-0 models indicate substantial variations in the basin’s streamflow and water balance, with the SSP5-8.5 scenario projecting the most severe impacts. According to the SWAT simulations, climate change scenarios through 2040 has a more significant impact on the Corrente River basin’s water resources than do changes in land use and land cover. However, the inherent limitations of the climate models and SWAT model must be considered, as their ability to reproduce historical data proved to be limited.",10.1007/s00704-026-06226-7,Eficiência Energética,redução do consumo energético em processos produtivos; aproveitamento energético de resíduos industriais
"Computational Study Of The Co$$_2$$ Hydrogenation To Formic Acid Catalyzed By A P,P-Bidentate Copper(i) Complex","Abstract Context Carbon dioxide (CO $$_2$$ 2 ) hydrogenation is a promising route for converting CO $$_2$$ 2 into value-added products. This work presents a computational investigation of CO $$_2$$ 2 hydrogenation to formic acid catalyzed by the copper(I) complex [CuI(dtbpf)], previously reported as the P,P-bidentate 1,1’-bis(di-tert-butylphosphino)ferrocene (dtbpf)-ligated copper(I) complex. We employ electronic structure methods to characterize the catalytic cycle, highlighting the role of 1,8-diazabicyclo[5.4.0]undec-7-ene (DBU), a Lewis base, in H $$_2$$ 2 heterolysis. Computational analyses revealed the interactions that govern Cu–H bond cleavage and Cu–O bond formation during the nucleophilic attack of the copper hydride on CO $$_2$$ 2 , as well as the role of DBU in the catalyst regeneration. Good correspondence was obtained between experimental and computed turnover frequency (TOF) values. Additionally, correlations involving the P-Cu-P bite angle and other geometric parameters were used to rationalize the stability of Cu-containing reaction intermediates, thereby providing insights into the electronic and steric effects of the complexes on the overall catalytic efficiency. Methods Density functional theory (DFT) calculations at the B3LYP-D3/def2-TZVP//B3LYP-D3/def2-SVP (LanL2DZ for Cu) level were employed to examine the energy profile of the catalytic cycle. The energy span model (ESM) was used to quantify the turnover frequency (TOF) of the catalytic system. In addition, natural bond orbital (NBO), fuzzy bond order (FBO), and interaction region indicator (IRI) analyses were conducted to investigate the interactions within the complexes that govern the catalytic activity.",10.1007/s00894-026-06891-5,"Energias Renováveis, Biomassa e Combustíveis Verdes",biocombustíveis e combustíveis verdes; hidrogênio renovável
Epiphytic Bacteria From Tacinga Inamoena (k. Schum.) N.p. Taylor &amp; Stuppy Improve Plant Growth In Cucumber Seedlings,"The phyllosphere of host plants harbors microorganisms that represent a novel source of agricultural bioinputs. This unique microbiome opens a promising frontier for developing innovative agricultural alternatives. In this study, we evaluated the potential of Brevibacillus sp. UPT4 and Pantoea sp. SPM1, two epiphytic bacterial strains of Tacinga inamoena isolated from the Caatinga biome. In vitro assays exhibited plant growth-promoting traits, such as auxin production, nitrogen fixation, and tolerance to abiotic stresses. Under greenhouse conditions, cucumber plants inoculated with the strains and their consortium exhibited significant increases (p < 0.05) in shoot and root parameters, ranging from 13.58% to 194.86% when compared to the control treatment. Redundancy analysis (RDA) indicated that most of the variability observed in the biometric parameters is associated with the plant growth-promoting reported in this study. These results highlight the potential of epiphytic bacteria from semi-arid land as a promising candidate for the development of new bioinputs, offering an innovative tool for sustainable agriculture.",10.1007/s10123-026-00778-4,"Energias Renováveis, Biomassa e Combustíveis Verdes",biomassa; biocombustíveis e combustíveis verdes
Environmental Impacts Of Sugarcane Wax Biorefining Via Swenson Process: A Life Cycle Perspective With Regional Analysis Of Energy Advantages,"Abstract A significant opportunity to mitigate environmental impacts in the sugarcane ( Saccharum officinarum L.) industry lies in quasi-circular biorefinery routes, such as the Swenson Process (SP), which employs sustainable methods for raw wax extraction, where careful solvent selection and regional energy matrix choices are crucial. This study conducts a Life Cycle Assessment (LCA) of the SP, focusing on two key aspects: (1) Comparative energy advantages in Northeast Brazil versus Cuba (Global Warming Potential over a 100-year timescale - GWP-100). (2) Environmental impact assessment of heptane-based extraction versus toluene-based alternatives, selected using Hansen Solubility Parameters in Practice (HSPiP © ) software database. The LCA was conducted using openLCA © software and Ecoinvent © database, monitoring 16 input and output variables in a production flow processing 15 t/h of filter cake to produce 5.54 t/d and 4.95 t/d of raw wax using heptane and toluene, respectively. Monte Carlo simulations indicate that the total GWP-100 of the SP is (9.6 ± 2.8)×10 3 and (11.0 ± 3.4)×10 3 kg CO 2 eq/t raw wax for heptane and toluene, respectively, in Cuba, while for Brazil these values decrease to (4.9 ± 1.3)×10 3 and (6.1 ± 1.8)×10 3 kg CO 2 eq/t raw wax, respectively. The analysis also revealed that while heptane showed no significant toxicity risks, toluene exhibited measurable human non-cancer toxicity effects. The lower GWP-100 impact estimated for Brazil versus Cuba, primarily due to differences in electricity grid composition, suggests significant environmental benefits for implementing this technology in this leading sugarcane-producing country. These findings provide valuable guidance for the sustainable development of sugarcane biorefineries and contribute to understanding environmental considerations in SP.",10.1007/s10163-026-02623-2,"Energias Renováveis, Biomassa e Combustíveis Verdes",biorrefino e biorrefinarias; biocombustíveis e combustíveis verdes
Leisure-Time Physical Inactivity From Traditionalists To Generation Z: Sociodemographic And Behavioral Health Correlates In Brazilian And Spanish Adults,"Abstract Aim Evidence on generational differences in leisure-time physical activity remains limited, particularly in cross-national contexts. This study aimed to compare the prevalence of insufficient leisure-time physical activity across generational cohorts among adults in Spain and Brazil. Subject and methods A cross-sectional analysis was conducted using data from the European Health Survey in Spain and the Brazilian National Health Survey ( n = 88,774) including individuals aged ≥ 15 years. Generational cohorts were defined according to birth year. Insufficient activity was defined as engaging in &lt; 150 min per week. Multivariable logistic regression models were used to estimate adjusted associations, controlling for sociodemographic and behavioral factors. Results The prevalence of insufficient leisure-time physical activity was consistently higher in Brazil than in Spain, with the largest disparity observed among Generation X. Across cohorts, Spanish women and Brazilian men exhibited higher levels of inactivity. In Brazil, lower educational attainment and obesity were strongly associated with inactivity. In Spain, individuals reporting no alcohol consumption had higher odds of inactivity, whereas in Brazil, alcohol consumption and smoking were associated with increased odds of inactivity. Conclusion Substantial generational disparities in leisure-time physical activity exist between Brazil and Spain. These findings underscore the need for tailored, generation-specific public health strategies that address the distinct social, behavioral, and structural determinants influencing physical activity across cohorts.",10.1007/s10389-026-02822-z,Eficiência Energética,redução do consumo energético em processos produtivos
Patient-Reported Outcomes After Switching To A 2-Drug Regimen Of Fixed-Dose Combination Dolutegravir/lamivudine: 48-Week Results From The Salsa Study,"Patient-reported outcomes (PROs) facilitate communication between patients and providers, enhancing patient-centered care. We report PROs for virologically suppressed people living with HIV-1 who switched to dolutegravir/lamivudine (DTG/3TC) or continued their 3- or 4-drug current antiretroviral regimen (CAR) in the phase 3 SALSA study. Secondary endpoints included change from baseline in HIV Treatment Satisfaction Questionnaire (status version; HIVTSQs) and HIV Symptom Distress Module (HIV-SDM) at Weeks 4, 24, and 48. A post hoc analysis assessed change in HIVTSQs and HIV-SDM by age (≥ 50 and < 50 years). Higher HIVTSQs scores represent greater treatment satisfaction (range, 0-60); lower HIV-SDM scores indicate less symptom bother (range, 0-80). Participants in the DTG/3TC (n = 246) and CAR (n = 247) groups reported comparable baseline HIVTSQs total scores (mean [SD], 55.2 [6.5] and 55.8 [5.5], respectively). Beginning at Week 4, mean HIVTSQs scores in the DTG/3TC group further increased vs. CAR and were sustained through Week 48. Baseline mean (SD) HIV-SDM symptom bother scores were comparable between the DTG/3TC (9.0 [9.9]) and CAR (7.9 [9.3]) groups. Small improvements in HIV-SDM scores favoring DTG/3TC were observed at Weeks 4 and 24 and sustained through Week 48 (though not significant between groups). Participants aged ≥ 50 and < 50 years who switched to DTG/3TC reported higher satisfaction and less symptom distress vs. CAR; these results were generally comparable between age groups. Participants who switched to DTG/3TC reported rapid and sustained improvements in treatment satisfaction compared with those who continued CAR, reinforcing the benefits of DTG/3TC beyond virologic suppression (NCT04021290; registration date, 7/11/2019).",10.1007/s10461-024-04479-9,Eficiência Energética,redução do consumo energético em processos produtivos; tecnologias e equipamentos de alta eficiência
Mutational Spectrum Of Breast Cancer Susceptibility Genes Among Women Ascertained In A Cancer Risk Clinic In Northeast Brazil,"PURPOSE: There is a paucity of data on the spectrum and prevalence of pathogenic variants among women of African ancestry in the Northeast region of Brazil. METHODS: We performed BROCA panel sequencing to identify inherited loss-of-function variants in breast cancer susceptibility genes among 292 Brazilian women referred to a single institution cancer risk assessment program. RESULTS: The study included a convenient cohort of 173 women with invasive breast cancer (cases) and 119 women who were cancer-free at the time of ascertainment. The majority of the women self-reported as African-descended (67% for cases and 90.8% for unaffected volunteers). Thirty-seven pathogenic variants were found in 36 (20.8%) patients. While the spectrum of pathogenic variants was heterogeneous, the majority (70.3%) of the pathogenic variants were detected in high-risk genes BRCA1, BRCA2, PALB2, and TP53. Pathogenic variants were also found in the ATM, BARD1, BRIP1, FAM175A, FANCM, NBN, and SLX4 genes in 6.4% of the affected women. Four recurrent pathogenic variants were detected in 11 patients of African ancestry. Only one unaffected woman had a pathogenic variant in the RAD51C gene. Different risk assessment models examined performed well in predicting risk of carrying germline loss-of-function variants in BRCA1 and/or BRCA2 in breast cancer cases. CONCLUSION: The high prevalence and heterogenous spectrum of pathogenic variants identified among self-reported African descendants in Northeast Brazil is consistent with studies in other African ancestry populations with a high burden of aggressive young onset breast cancer. It underscores the need to integrate comprehensive cancer risk assessment and genomic testing in the management of newly diagnosed Black women with breast cancer across the African Diaspora, enabling improved cancer control in admixed underserved and understudied populations.",10.1007/s10549-022-06560-0,Exploração Mineral Sustentável,minerais críticos; metais prioritários para a transição energética
Biological And Chemical Products Alter Plant Growth And Control Pythium Aphanidermatum In&nbsp;Coriander,"Abstract Pythium aphanidermatum is an important pathogen in several coriander ( Coriandrum sativum )–producing regions, as it causes damping-off in seedlings and stem and root rot, often leading to plant death. Therefore, this study evaluated biological and chemical products for the control of root rot in coriander. An in vitro paired-culture assay was conducted using two Trichoderma species ( Trichoderma sp. and Trichoderma harzianum ) against P. aphanidermatum . In addition, effects of potassium phosphite, Melaleuca alternifolia extract, fosetyl-Al, Bacillus subtilis , and Lactobacillus plantarum + Saccharomyces cerevisiae were assessed at concentrations of 0, 10, 100, 500, and 1000 mg L⁻ 1 in PDA medium on mycelial growth of the oomycete. Experiments followed a completely randomized design. Subsequently, a greenhouse experiment was performed using coriander plants inoculated with P. aphanidermatum as a control and plants treated with the biological and chemical products evaluated in vitro. Selected morphophysiological variables were then analyzed. Both Trichoderma species and all tested products significantly inhibited mycelial growth of P. aphanidermatum . Among treatments, Melaleuca alternifolia extract showed the greatest efficacy, reducing disease incidence and post-emergence damping-off while enhancing gas exchange, resulting in greater plant growth and increased fresh mass accumulation in roots and shoots.",10.1007/s10658-026-03206-5,"Energias Renováveis, Biomassa e Combustíveis Verdes",biomassa; biocombustíveis e combustíveis verdes
The Legacy Of Mining Revealed By Environmental Dna: Long-Term Ecological Structuring Of Marine Benthic Communities After The Fundão Dam Collapse,"Abstract Coastal marine ecosystems are key components of biodiversity and ecosystem functioning but have been increasingly degraded by human activities. One of the most severe environmental disasters in Brazil occurred in November 2015, when the Fundão tailings dam collapsed in Mariana (Minas Gerais), releasing approximately 40 million m 3 of iron ore waste into the Rio Doce basin and adjacent coastal environments. To evaluate the long-term biological consequences of this event, we analyzed the taxonomic composition and diversity of marine communities using environmental DNA (eDNA) metabarcoding from sediment cores collected in 2018 across three coastal sectors—Front (mouth of the Doce River), North, and South. A total of 761,517 reads generated 11,061 unique amplicon sequence variants (ASVs) assigned to 148 taxa revealing significant spatial variation in taxonomic (species-level) composition and diversity indices (PERMANOVA, pseudo- F = 16.55; p = 0.047). The South region exhibited the highest species richness ( q ₀ = 103 taxa), followed by the North (97) and Front (70). Cluster and SIMPER analyses indicated two distinct biological assemblages: (1) the Front region, dominated by diatoms (Mediophyceae, Bacillariophyceae) and protists tolerant to metal enrichment, and (2) the North–South regions, characterized by higher evenness and presence of benthic invertebrates such as Holothuroidea and nematodes (Desmodorida). Species abundance distribution (SAD) models differed among areas, reflecting ecological gradients associated with the dispersal and chronic accumulation of mining residues. These results demonstrate a persistent imbalance in marine communities near the Doce River mouth, suggesting that the legacy of historical contamination and the Fundão dam failure continues to shape benthic biodiversity patterns more than three years after the disaster.",10.1007/s10661-026-15092-9,Exploração Mineral Sustentável,extração mineral sustentável; redução e aproveitamento de resíduos e rejeitos; reciclagem e recuperação de minerais
Integrated Geochemical And Pah Analysis With Benthic Foraminifera To Assess Environmental Quality In A Tropical Estuary,"This study assessed the environmental quality of the Serinhaém River estuary (Bahia, Brazil). The characterization was based on concentrations of chemical elements, total organic carbon (TOC), physicochemical parameters, and polycyclic aromatic hydrocarbons (PAHs) in surface sediments, combined with benthic foraminifera as bioindicators. Samples were collected at multiple sites during two seasonal campaigns conducted in 2013 and 2022, representing pre- and post-spill conditions. Chemical element concentrations showed no significant temporal differences but high spatial variability, with Fe, Al, and Mn predominating, indicating association with oxyhydroxides and aluminosilicates. PAHs in 2022 indicated low-to-moderate contamination, predominantly of pyrogenic origin, and did not exceed threshold effect levels (TEL and PEL). In 2013, benthic foraminiferal distribution was mainly influenced by precipitation, promoting transport toward the estuary mouth. In 2022, salinity and pH became the dominant controlling factors. Significant associations were observed between PAHs and benthic foraminiferal assemblages. Negative associations were observed between naphthalene and anthracene and the diversity and abundance of tolerant species (e.g., Ammonia beccarii and Textularia gramen), while dibenzo[a,h]anthracene showed a positive association with Ammoglobigerina globigeriniformis. Overall, the estuary remains preserved regarding elemental concentrations; however, PAHs influence benthic assemblages, highlighting foraminifera as effective indicators of environmental quality and hydrocarbon contamination.",10.1007/s10661-026-15676-5,Exploração Mineral Sustentável,prospecção e caracterização mineral
Determining Surfaces By Short Curves And Applications,"Abstract The goal of this work is to give new quantitative results about the distribution of semi-arithmetic hyperbolic surfaces in the moduli space of closed hyperbolic surfaces. We show that two coverings of genus $$g$$ <mml:math xmlns:mml=""http://www.w3.org/1998/Math/MathML""> <mml:mi>g</mml:mi> </mml:math> of a fixed arithmetic surface $$S$$ <mml:math xmlns:mml=""http://www.w3.org/1998/Math/MathML""> <mml:mi>S</mml:mi> </mml:math> are $$P(\frac{1}{g})$$ <mml:math xmlns:mml=""http://www.w3.org/1998/Math/MathML""> <mml:mrow> <mml:mi>P</mml:mi> <mml:mo>(</mml:mo> <mml:mfrac> <mml:mn>1</mml:mn> <mml:mi>g</mml:mi> </mml:mfrac> <mml:mo>)</mml:mo> </mml:mrow> </mml:math> apart from each other with respect to Teichmüller metric, where $$P$$ <mml:math xmlns:mml=""http://www.w3.org/1998/Math/MathML""> <mml:mi>P</mml:mi> </mml:math> is a polynomial depending only on $$S$$ <mml:math xmlns:mml=""http://www.w3.org/1998/Math/MathML""> <mml:mi>S</mml:mi> </mml:math> whose degree is universal. We also give a super-exponential upper bound for the number of semi-arithmetic hyperbolic surfaces with bounded genus, stretch and degree of the invariant trace field, generalizing to this class similar well-known bounds for arithmetic hyperbolic surfaces. In order to get these results we establish, for any closed hyperbolic surface $$S$$ <mml:math xmlns:mml=""http://www.w3.org/1998/Math/MathML""> <mml:mi>S</mml:mi> </mml:math> with injectivity radius at least $$s$$ <mml:math xmlns:mml=""http://www.w3.org/1998/Math/MathML""> <mml:mi>s</mml:mi> </mml:math> , a parametrization of the Teichmüller space by length functions whose values on $$S$$ <mml:math xmlns:mml=""http://www.w3.org/1998/Math/MathML""> <mml:mi>S</mml:mi> </mml:math> are bounded by a linear function (with constants depending only on $$s$$ <mml:math xmlns:mml=""http://www.w3.org/1998/Math/MathML""> <mml:mi>s</mml:mi> </mml:math> ) on the logarithm of the genus of $$S.$$ <mml:math xmlns:mml=""http://www.w3.org/1998/Math/MathML""> <mml:mrow> <mml:mi>S</mml:mi> <mml:mo>.</mml:mo> </mml:mrow> </mml:math>",10.1007/s10711-026-01094-x,Exploração Mineral Sustentável,minerais críticos; metais prioritários para a transição energética
Consistency Of Farmer-Named Sweet Potato Cultivars And Their Physicochemical And Color Differentiation Within A Production Region: A Multivariate Approach,"Abstract Sweet potato is a crop of high nutritional and functional value widely grown in tropical regions. This study aimed to characterize sweet potato farmer-named cultivars grown by local farmers in Bahia, Brazil, based on physicochemical and color traits, and to evaluate the agreement of farmer-based classifications using multivariate approaches. Twenty samples representing different cultivars, collected in the municipalities of Cruz das Almas and Maragogipe and grown under crop cycles ranging from 90 to 120 days, were evaluated for resistant starch, moisture content, total carotenoids, antioxidant activity, and color parameters (L*, a*, and b*) of peel and pulp. Data were analyzed using analysis of variance, correlation analysis, principal component analysis, and hierarchical clustering. Substantial variability was observed, with color-related traits emerging as key components associated with physicochemical differentiation. Orange-fleshed germplasm (Cenoura and Abóbora) exhibited high carotenoid content and strong positive associations with chromatic parameters, particularly b*. The purple-fleshed cultivars (Polpa Roxa) was distinguished by high antioxidant activity and a unique multivariate profile. White- and cream-fleshed cultivars showed greater heterogeneity and lower differentiation based on color attributes. Resistant starch and moisture content were not associated with color traits, indicating independence from pigmentation-related attributes. Multivariate analyses revealed consistent patterns of variation, while variation across municipality and crop cycle did not show consistent patterns across traits. Farmer-named classifications showed a high degree of agreement with multivariate grouping for strongly pigmented cultivars, but lower agreement for those with less distinct phenotypic characteristics. Overall, physicochemical and color traits effectively characterized sweet potato diversity and support their use in germplasm evaluation and selection.",10.1007/s10722-026-02847-z,"Energias Renováveis, Biomassa e Combustíveis Verdes",biomassa; biocombustíveis e combustíveis verdes
Dedekind And Wolffian Deductive Method,"Abstract Dedekind’s methodology, in his classic booklet on the foundations of arithmetic, has been the topic of some debate. While some authors make it closely analogue to Hilbert’s early axiomatics, others emphasize its idiosyncratic features, most importantly the fact that no axioms are stated and its careful deductive structure apparently rests on definitions alone. In particular, the so-called Dedekind “axioms” of arithmetic are presented by him as “characteristic conditions” in the definition of the complex concept of a simply infinite system. Making sense of Dedekind’s method may be dependent on an analysis of the classical model of deductive science, as presented by authors from the eighteenth and early nineteenth centuries. Studying the modern reconstructions of Euclidean geometry, we show that they did not presuppose deductive independence of the axioms from the definitions. Authors like Wolff elaborated a mathematics based on definitions , and the Wolffian model of deductive science shows significant coincidences with Dedekind’s method, despite the great differences in content and approach. Wolff had a conception of definitions as genetic , which bears some similarities with Kant’s idea of synthetic definitions: they are understood as positing the content of mathematical concepts and introducing thought objects ( Gedankendinge ) that are the objects of mathematics. The emphasis on the spontaneity of the understanding, which can be found in this philosophical tradition, can also be fruitfully related with Dedekind’s idea of the “free creation” of mathematical objects.",10.1007/s10838-021-09578-y,Exploração Mineral Sustentável,minerais críticos; metais prioritários para a transição energética
Osteogenic Potential Of A Novel Magnesium-Containing Calcium Silicate-Based Bioactive Glass-Ceramic Scaffold In Critical Bone Defect,"This study aimed to evaluate the osteogenic potential of a novel magnesium (Mg)-containing calcium silicate (CS)-based glass-ceramic scaffold. For this purpose, twenty-four male Wistar rats were randomly assigned to two experimental groups: Glass-ceramic scaffold developed and sintered at 900 °C/1 h (GCS9) and 1250 °C/8 h (GCS1). The scaffolds were implanted in 8 mm critical bone defects and evaluated at biological points of 15 and 45 days. Histomorphological analysis revealed that the scaffolds completely filled the bone defect, demonstrated biocompatibility, and promoted bone neoformation beyond the defect margins in direct contact with the biomaterial surface. Bone formation was observed throughout the entire defect and within the fragmented scaffolds in its central regions. Both groups exhibited mild chronic granulomatous inflammation in the interstitial tissue formed between the biomaterial fragments. Histomorphometric analysis revealed a greater bone neoformation area in the GCS1 group (44%) at 45 days, with a statistically significant difference between the biological points in this group (ANOVA p = 0.048). Therefore, this study demonstrated that Mg-containing CS-based glass-ceramic scaffolds, particularly GCS1, were notably bioactive and osteoconductive, exhibiting significant osteogenic potential for critical bone defect repair and showing promise for future clinical applications.",10.1007/s10856-026-07051-0,Exploração Mineral Sustentável,minerais críticos; metais prioritários para a transição energética
Physical Performance And Heart Rate Variability According To Different Self-Reported Physical Activity Levels In Youth With Cerebral Palsy: An Exploratory Cross-Sectional Study,"Abstract Heart rate variability (HRV) is a non-invasive indicator of autonomic nervous system function and generally improves with regular physical activity. Individuals with cerebral palsy (CP) often present impaired cardiac autonomic regulation; however, differences in HRV across physical activity levels in this population remain unclear. This study compared physical performance and HRV across different levels of physical activity in youth with CP. Eighteen participants (15 males and 3 females; 15.72 ± 0.96 years), all classified as level I according to the Gross Motor Function Classification System (GMFCS), were grouped into low, moderate, and high self-reported physical activity levels using the Physical Activity Questionnaire for Adolescents (PAQ-A). Physical performance was assessed through the shuttle run test and the muscle power sprint test, while HRV was measured at rest using heart rate monitors. Exploratory between-group differences were observed between the low- and high-self-reported physical activity groups in cardiorespiratory endurance ( p = 0.009) and sprint performance ( p = 0.045). The high PAQ-A-based self-reported physical activity group also presented a lower low-to high-frequency (LF/HF) ratio compared with the low activity group ( p = 0.049), whereas no differences were found for SDNN ( p = 0.767). Higher PAQ-A scores showed non-significant trends toward associations with lower BMI, greater shuttle run distance, and faster sprint times, while higher standard deviation of normal R-R intervals (SDNN) values tended to be associated with lower BMI. These findings should be interpreted cautiously given that none of the correlations remained statistically significant after correction for multiple comparisons, as well as the exploratory nature of the analyses and the small sample size. Overall, higher self-reported physical activity levels were associated with better physical performance and a potentially more favorable autonomic profile in youth with CP. Given the cross-sectional and preliminary nature of the study, future research using larger samples, objective activity measures, and longitudinal designs is warranted.",10.1007/s10882-026-10080-w,Eficiência Energética,redução do consumo energético em processos produtivos; tecnologias e equipamentos de alta eficiência
"Quantitative Morphology Supports The Synonymy Of Dasyprocta Ruatanica O. Thomas, 1901 Under D. Punctata J. E. Gray, 1842 (rodentia: Dasyproctidae)","Abstract The taxonomic status of Dasyprocta ruatanica Thomas, 1901, described as an endemic species from Roatán Island, Honduras, has remained controversial. Its diagnosis relied primarily on smaller body size and darker pelage compared to D. punctata Gray, 1842; traits later accepted by several authors. However, these characters are known to vary in insular mammals, where dwarfism and darker colorations are common ecological responses. Our morphometric analyses, based on multivariate approaches, demonstrate extensive overlap between D. ruatanica and D. punctata , with no statistically significant divergence in overall cranial and mandibular shape. Nonetheless, Roatán individuals show consistent reduction in size relative to both continental and other insular populations, confirming a strong pattern of island dwarfism. These results indicate that D. ruatanica does not warrant species-level recognition but rather represents a morphologically distinct insular lineage. Based on our findings, we propose treating D. ruatanica under the trinomial name of Dasyprocta punctata ruatanica . This reclassification maintains taxonomic stability while acknowledging its unique evolutionary trajectory. From a conservation perspective, the Roatán population remains highly vulnerable due to its restricted range, habitat loss, hunting, and possible introgression from introduced D. punctata . Effective management should prioritize habitat preservation, and invasive species control underscoring the need for tailored management to protect this insular lineage.",10.1007/s10914-026-09807-5,Exploração Mineral Sustentável,reciclagem e recuperação de minerais
Molecular Characterization Of Hsf Genes In Ricinus Communis L.: A Foundation For Breeding Stress-Resilient Genotypes,"Abstract Ric inus com munis L., known as castor, is an industrial crop known for its globally high demand and valuable ricinoleic acid oil. It faces challenges as it is commonly cultivated globally under harsh environmental conditions in of arid/semi-arid regions. In Brazil, it is mainly cultivated by smallholder farmers in the northeastern semi-arid region, which has a relevant socioeconomic impact. Heat shock transcription factors (HSFs) represent an important class of heat shock protein (HSP) regulators in plants adapting to abiotic stress conditions. We characterized the RcHSF gene family expression under abiotic stress conditions in different tissues and stages of germination and seedling development, as the most critical phases for crop establishment and productivity. We identified 18 RcHSF genes (3 classes, 10 subclasses) distributed across 7 chromosomes containing cis-elements responsive to abiotic stresses (ABRE, MeJARE, GARE, SARE). Abiotic stresses (mannitol, saline, heat) did not affect total germination but compromised seedling vigor. RcHSFs responded to high and low temperatures during germination and early seedling. RcHSF08 (Class-A) was highly expressed under stresses in the early seedling stage, while RcHSF10 (Class-C) was induced during early seedling stages in control and all stresses compared to dry seeds. This study highlights RcHSF genes involved in abiotic stress tolerance across different Ricinus communis tissues during germination and early seedling growth, providing a foundation for future functional characterization of HSF genes in Arabidopsis thaliana and identifying promising candidates for R. communis breeding programs.",10.1007/s11105-026-01675-w,"Energias Renováveis, Biomassa e Combustíveis Verdes",biomassa; biocombustíveis e combustíveis verdes
Expression Of An Eucalyptus Grandis Xyloglucan Endoglycosylase Gene In Nicotiana Tabacum Confers Tolerance To Abiotic Stress,"Comparative analyzes of the xylem transcriptomes from Eucalyptus grandis and E. globulus allowed us to identify a gene sequence putatively encoding an enzyme similar to xyloglucan endotransglucosylase/hydrolase (XTH). XTHs are a family of enzymes involved in plant cell wall modification, impacting cell expansion and growth. Besides cell wall structure remodeling induced by XTHs, the activity of this class of enzymes was also related to plant responses to stress conditions. In this work, we show that in Eucalyptus, EucXTH expression is induced in response to stress conditions such as those promoted by injury, salinity and cold, indicating its involvement in adaptive responses to abiotic stress. Additionally, we demonstrate that Nicotiana tabacum plants overexpressing EucXTH present changes in secondary xylem differentiation, increased mechanical strength, enhanced net phohtosynthesis associated with stomatal regulation and increased water use efficiencies. The enhanced tolerance to salt stress was evidenced by increased biomass accumulation. These findings demonstrate the potential of the EucXTH gene to improve plant tolerance to environmental challenges. We demonstrate that an Eucalyptus xyloglucan endoglycoylase geneexpression is related with secondary xylem differentiation, inducing a higher mechanical strength, and increased plant tolerance to salt stress.",10.1007/s11240-025-03143-x,"Energias Renováveis, Biomassa e Combustíveis Verdes",biomassa
Inclusion Of Cocoa Bran In The Diet Of Lambs And Its Effect On Reproductive Parameters,"The objective of the study was to evaluate the effect of the inclusion of cocoa bran in the diet of lambs and its effect on reproductive parameters. For this, 40 lambs were randomly assigned to four treatments, and including 0, 10, 20 and 30% levels of cocoa bran in the concentrate. Blood was collected to measure cholesterol and testosterone and semen for physical and morphological evaluation; testicular biometry and morphometry were also evaluated. There was significant difference (P < 0.05) in body weight and tubulosomatic index between the lambs in the control treatment and those in the 30% cocoa bran treatment. There was no difference in testicular biometry, physical and morphological parameters of fresh semen, testicular morphometry, and volumetric ratio between lambs in all the treatments (P < 0.05). In addition, there was no difference in plasma cholesterol or testosterone concentration (P > 0.05). Thus, it is possible to include up to 30% of cocoa bran in diet without affecting the reproductive parameters of lambs.",10.1007/s11250-024-04039-2,"Energias Renováveis, Biomassa e Combustíveis Verdes",biomassa
Rehydrated Ground Corn Silage As Alternative To Feedlot Lambs: Feeding Behavior And Performance,"This study aimed to investigate the effect of replacing ground corn with rehydrated ground corn silage (RGCS) in high-concentrate diets on the feeding behavior and performance of feedlot lambs. Forty, non-castrated, Santa Inês male lambs (approximately four months old with an average body weight of 21 ± 2.8 kg) were randomly assigned to a completely randomized design, with five dietary treatments, each including eight replications. The treatments consisted of replacing ground corn with RGCS at levels of 0, 250, 500, 750, and 1000 g/kg on a dry matter (DM) basis. The data collection period lasted 64 days. Replacement of ground corn with RGCS linearly decreased the intake of neutral detergent fiber (NDF) and its feeding and rumination efficiencies (P < 0.05). For each 1 g of RGCS included per kg of dietary DM, NDF intake, feeding efficiency of DM and rumination efficiency of NDF decreased by 0.093 g/day, 0.021 g/hour and 0.010 g/hour, respectively. Initial, final, total and average weight gains were not influenced by the diets (P > 0.05). Thus, it can be concluded that RGCS can replace up to 1000 g/kg of ground corn in high-concentrate diets without negatively affecting the feeding behavior or performance of feedlot lambs. This approach offers strategic flexibility in using corn grain - either in its dry form or as rehydrated and ensiled - based on production goals or market conditions in ruminant feeding systems. However, further research is needed, particularly concerning the economic aspects of its use.",10.1007/s11250-026-04942-w,"Energias Renováveis, Biomassa e Combustíveis Verdes",biomassa; biocombustíveis e combustíveis verdes
"Canine Melanomas: Mitf And P38 Expression And Its Correlation With The Presence Of Lymphocytic Infiltrate, Proliferation, And Survival","The microphthalmia-associated transcription factor (MiTF) is considered a promoter of carcinogenesis in melanocytes and regulates several cellular processes. Its suppression in cell cultures is a consequence of the action of pro-inflammatory cytokines, and in rats, its downregulation occurs via the p38 pathway. This study aimed to evaluate the expression of MiTF and p38 in canine melanomas using immunohistochemical assays and to verify the correlations between this expression and the presence of an inflammatory infiltrate, tumor size, mitotic index, and animal survival. One hundred seventeen samples of canine melanomas from the oral cavity/digits (n = 74) and skin (n = 43) were analyzed. In oral/digit melanomas, positive relationships were observed between larger tumors (p = 0.007), higher mitotic index, and the absence of MiTF expression. In cutaneous melanomas, MiTF expression was correlated with a greater number of tumors, whereas p38 expression was associated with smaller tumors, the presence of a lymphocytic infiltrate, and prolonged survival. We infer that the expression of MiTF and p38 is higher in canine skin tumors and that this expression may be related to reduced aggressiveness of these neoplasias and less tumor progression. Interestingly, the reduced MiTF expression observed in larger and more mitotically active tumors, such as oral/digit melanomas, appears to contrast with its known role in promoting carcinogenesis. However, this reduction may reflect dedifferentiation and increased aggressiveness of neoplastic melanocytes.",10.1007/s11259-026-11073-y,Exploração Mineral Sustentável,
Effect Of Self-Selected Music On Psychological State And Performance In High-Intensity Intermittent Exercise In Kickboxing,"Abstract Objectives The aim of this study was to analyze the effects of self-selected music on the rating of perceived exertion (RPE), psychological state, and physical performance during a high-intensity intermittent exercise (HIIE) test protocol. Methods This study employed a randomized, counterbalanced crossover design involving two experimental sessions conducted under different conditions: with and without music. Twelve male kickboxing athletes participated in the research. Each session involved an HIIE protocol specifically adapted to simulate kickboxing performance, comprising three 2-min rounds interspersed with 1-min passive recovery intervals (work/rest ratio of 1:1). The protocol incorporated sport-specific techniques (jab, cross, and roundhouse kick) delivered (in an all-out manner) against a heavy bag. All punches were recorded for subsequent quantitative analysis. Psychological state was assessed using the List of Illustrated-Lowered Psychological States (LILS) questionnaire, administered immediately before (pre) and after (post) the HIIE test protocol. RPE was recorded at the end of each round. The Friedman test was applied, and the effect size (r) was calculated, adopting a significance level of p ≤ 0.05 to assess statistical differences. Results No significant differences were observed in the number of strikes or in RPE between the conditions music and no music ( p &gt; 0.05). However, there were significant differences in psychological variables, with an increase in feelings of activation/energy with music ( p &lt; 0.05). Conclusions The results of this study suggest that music can be an effective strategy for increasing motivation and reducing shyness during HIIE sessions with kickboxing movements.",10.1007/s11332-026-01669-x,Eficiência Energética,redução do consumo energético em processos produtivos; tecnologias e equipamentos de alta eficiência
Association Of Leisure-Time Physical Activity Modality And Level Of Practice With The Prevalence Of Diabetes And High Blood Pressure In Brazilian Adults: A Cross-Sectional Study,"Abstract Background Physical activity is a cornerstone of chronic disease prevention, yet the associations between different leisure-time physical activity modalities and the prevalence of diabetes and high blood pressure remain underexplored, particularly in middle-income countries. Objective To evaluate the associations of various leisure-time physical activity modalities and levels of practice with the prevalence of self-reported diabetes and high blood pressure among Brazilian adults. Methods This cross-sectional study used data from the 2023 VIGITEL survey, which included adults (aged 18 years or older) residing in all Brazilian state capitals. The outcomes, diabetes and high blood pressure, were self-reported. Leisure-time physical activity was categorized into four modalities: aerobic, strength, gymnastics, and sports. Physical activity levels were classified as physically inactive (&lt; 10 min/week), the reference group for the analysis, insufficiently active (&lt; 150 min/week), active (≥ 150 and &lt; 300 min/week), or very active (≥ 300 min/week). Poisson regression models were applied to obtain the prevalence ratios (PR), adjusting for age group, sex, body mass index, and education. Results Active (PR = 0.352; 95%CI 0.164–0.756) and very active (PR = 0.217; 95%CI 0.084–0.559) sport practitioners and very active strength practitioners (PR = 0.269; 95%CI 0.185–0.391) had a lower prevalence of diabetes. Additionally, insufficiently active (PR sport = 0.242; 95%CI 0.103–0.568; PR strength = 0.485; 95%CI 0.277–0.849), active (PR sport = 0.396; 95%CI 0.246–0.636; PR strength = 0.608; 95%CI 0.388–0.955), and very active (PR sport = 0.257; 95%CI 0.134–0.491; PR strength = 0.486; 95%CI 0.391–0.604) sport or strength practices were associated with lower prevalence of high blood pressure. Conclusions Leisure-time physical activity modality is associated with a lower prevalence of diabetes and high blood pressure, particularly for strength and sports, whereas aerobic and gymnastic activities are not significantly associated.",10.1007/s11332-026-01815-5,Eficiência Energética,redução do consumo energético em processos produtivos; tecnologias e equipamentos de alta eficiência
Effect Of Sodium Bicarbonate Ingestion On Upper-Body Intermittent Dynamic Strength Endurance Of Brazilian Jiu-Jitsu Athletes,"Abstract Purpose This study aimed to investigate the effects of sodium bicarbonate (NaHCO 3 ) on upper-body intermittent strength endurance performance in male Brazilian Jiu-Jitsu (BJJ) athletes. Methods Using a double-blind, placebo-controlled crossover design, twelve BJJ athletes performed an upper-body intermittent strength endurance protocol (four sets of judogi dynamic strength endurance test, interspersed by 3-min recovery intervals) 90 min after ingesting either NaHCO 3 (0.3 g·kg −1 of body mass) or placebo (calcium carbonate). The primary outcome was the number of repetitions performed during the intermittent strength endurance protocol, whereas maximal isometric handgrip strength, heart rate (HR), and ratings of perceived exertion (RPE) were assessed as secondary outcomes. Results NaHCO 3 did not improve the number of repetitions per bout during the test or the maximal isometric handgrip strength compared to placebo ( p &gt; 0.05). The ratings of perceived exertion (RPE) and heart rate (HR) increased linearly throughout the test ( p &lt; 0.05), but there were no significant differences between the NaHCO 3 and placebo conditions ( p &gt; 0.05). Conclusion Acute ingestion of NaHCO₃ did not improve performance in short-duration upper-body intermittent tasks in BJJ athletes.",10.1007/s11332-026-01844-0,Eficiência Energética,redução do consumo energético em processos produtivos; tecnologias e equipamentos de alta eficiência
Performance Of Porous Carbons Based On Waste-Printed Paper On The Co2 Capture By Temperature Swing Adsorption,"Abstract The development of low-cost and sustainable adsorbents is crucial for reducing CO 2 emissions associated with climate change. In this context, waste-derived porous carbons have emerged as promising materials for adsorption applications. This work evaluates the CO 2 adsorption performance of porous carbons derived from printed paper waste using temperature swing adsorption (TSA). The activated carbons were produced by pretreating printed paper waste, followed by impregnation with KOH, K 2 CO 3 , or KHC 8 H 4 O 4 and chemical activation via pyrolysis at 800 °C. Adsorption tests were conducted using TSA, assessing adsorption capacity as a function of temperature. The results showed that the maximum CO 2 adsorption capacity at 30 °C for AC-KOH, AC-KCO, and AC-KHP was 7.64%, 6.28%, and 6.80%, respectively. In adsorption tests at 30 °C at 1 bar, AC-KOH (83.33% micropore volume) demonstrated the best performance with a maximum CO 2 adsorption efficiency of 7.64% (2.29 mmol g −1 ). The average fluctuation after 10 adsorption–desorption cycles was less than 1%, indicating good regeneration and stability of AC-KOH. These results suggest that printed paper is a promising precursor for producing adsorbents for CO 2 adsorption.",10.1007/s11356-026-37526-0,Mercado de Carbono,soluções tecnológicas relacionadas ao mercado de carbono; inventários e redução de emissões; monitoramento de emissões
Quantification Of Potentially Toxic Compounds In Anhydrous Cements: Optimization Of Leaching By Thermal Analysis&nbsp;For Sustainable Production Of Cements,"The co-processing of waste in clinker synthesis is a widely adopted strategy to reduce the consumption of fossil fuels and natural raw materials. However, the incineration of waste may increase the release of potentially toxic compounds (PTCs) and volatile metals, raising concerns for the environment and human health. A major limitation in assessing these risks is the lack of suitable methods to directly quantify PTCs in anhydrous cement; existing approaches are typically limited to hydrated pastes. This study proposes a novel method for quantifying PTC in anhydrous cement by combining leaching tests and thermal analysis. The methodological framework involved: (i) identifying an acid solution capable of sustaining PTC quantification by prolonging reaction kinetics, (ii) selecting the leaching stage, and (iii) defining the optimal solid-liquid contact time. Portland cement samples were characterized, and the reactivity of different solutions was assessed by isothermal calorimetry prior to leaching tests. Results indicated that maintaining a pH between 0.65 and 0.70 optimizes the leaching solution, while the nitric acid/sodium hydroxide ratio must be adjusted explicitly for each cement type. Compared with the standard TCLP method, the proposed approach enabled the detection of 11 metals (Ba, Cr, Cu, Zn, Pb, Ni, La, V, Co, Sb, Mo, and Sn), demonstrating the effectiveness of the refined methodology.",10.1007/s11356-026-37769-x,Exploração Mineral Sustentável,redução e aproveitamento de resíduos e rejeitos; reciclagem e recuperação de minerais
Effect Of Mineralization Of Erythrina Poeppigiana Particles And Accelerated Carbonation On The Properties Of Fiber Cement,"Fiber cement is widely used in the construction industry due to its satisfactory physical and mechanical properties. However, the need to enhance these characteristics has driven research focused on the development of new additives and the optimization of manufacturing processes. In this context, the present study aimed to develop and evaluate extruded fiber cement composites reinforced with Erythrina poeppigiana particles. The particles were mineralized with 9% aluminum sulfate [Al₂(SO₄)₃] and chemically characterized. The composites were produced using 66.7% Portland cement (CPV-ARI), 28.3% limestone, and 5% particles. After 72 h of curing, the specimens underwent accelerated carbonation for 24 h. Composite analyses were performed after 28 days of curing. The combination of aluminum sulfate treatment and carbonation (STMC) resulted in composites with improved performance, as evidenced by increased flexural strength (MOR), modulus of elasticity (MOE), and toughness, along with a significant reduction in porosity, water absorption, thermal conductivity, and air permeability. These results demonstrate the technical feasibility of the treated composites, indicating their potential for application in construction systems requiring high structural performance and durability.",10.1007/s11356-026-37819-4,Eficiência Energética,redução do consumo energético em processos produtivos; aproveitamento energético de resíduos industriais
Taxonomic And Phylogenetic Studies Reveal Three New Species Of The Genus Geastrum In The Corollina Section From Brazil,"Abstract This study describes three new species of Geastrum — G. iguassuense , G. nodimyceliale , and G. unisaccatum — based on morphological and molecular data from specimens previously identified as G. saccatum in the herbarium collection of the Institute of Natural Sciences – UFRGS. Morphological characterization involved macroscopic and microscopic features, including optical microscopy and scanning electron microscopy. Molecular data were obtained from the ITS and LSU regions of nuclear ribosomal DNA. Phylogenetic relationships were inferred using Bayesian and maximum likelihood inference methods. The results support the inclusion of the three proposed new species in the Corollina section of the genus Geastrum , revealing them to be well-founded and distinct evolutionary lineages. These findings highlight the underestimated diversity of Geastrum in the Neotropics and the taxonomic relevance of integrating molecular and morphological data. With the addition of the three new species, the Corollina section now comprises seventeen recognized species. Detailed descriptions, comparisons with morphologically similar species, illustrations, and an updated identification key for the Corollina section are provided.",10.1007/s11557-025-02118-8,Exploração Mineral Sustentável,prospecção e caracterização mineral
Sustainable Postharvest Approach Using Starch-Based Edible Coatings To Control Anthracnose In -Palmer  Mangoes,"Given the high consumption of mangoes in their natural state, postharvest disease management is important for protecting and ensuring a stable supply. The effect of applying lemongrass essential oil (EO) emulsion incorporated into edible cassava starch coatings on the development of anthracnose and on in vivo postharvest quality parameters in mangoes ‘Palmer’ stored at room temperature (24 °C) and refrigerated (12 °C) was evaluated in this study. The in vivo assays demonstrated that the coatings effectively preserved the fruits’ physical and chemical properties. The starch coating, supplemented with an EO emulsion (0.9%), was effective in delaying the development of anthracnose in both storage conditions, demonstrating the antifungal effect of EO. In this study, lemongrass essential oil, encapsulated in an oil-in-water (O/W) emulsion, was able to reduce the development of anthracnose in mangoes ‘Palmer’ over 21 days of cold storage (12 ± 2 °C). These findings indicate that bioactive starch-based coatings provide a sustainable and effective strategy for postharvest control of anthracnose. Combined with refrigeration, this approach contributes to delayed ripening and extended shelf life, maintaining the superior quality of ‘Palmer’ mangoes.",10.1007/s11694-026-04266-1,"Energias Renováveis, Biomassa e Combustíveis Verdes",biomassa; aproveitamento energético de resíduos
Identification And Characterization Of Putative Allosteric Sites On Superoxide Dismutases For Use As Species-Specific Drug Targets To Parasitic Trypanosomatids,"Abstract Trypanosomatids are etiological agents of diseases such as Leishmaniasis, Chagas disease, and Human African trypanosomiasis, and their treatments face challenges such as toxicity, patient compliance, drug resistance, and underfunded drug development. As a primary mechanism of parasite defense against oxidative stress, superoxide dismutase enzymes (SODs) are putative drug targets for efforts to develop drugs to fight diseases caused by trypanosomatids. However, the small volume of SODs’ active sites renders them undruggable by rule-of-5 compliant compounds. To circumvent this limitation, extensive in silico studies were performed to identify druggable putative allosteric pockets in SODs from trypanosomatids that are absent in human SODs. Crystallographic structures of SODs (human, Trypanosoma, and Leishmania) were clustered using a principal component analysis of their coordinates, as available on the Bio3D R package. Then, the highest-resolution representative of each cluster (the most dissimilar conformational state) was submitted to computational solvent mapping on the FTMove server. The consensus sites identified by this approach were analyzed on the DRUGpy plugin to identify putative druggable and borderline-druggable hotspots and compare their properties. The residues surrounding these hotspots were also investigated using the PocketMatch server, and their correlation with the active site was further evaluated through molecular dynamics. Despite their different evolutionary origins, Human MnSOD (SOD2) and trypanosomatid FeSOD have putative allosteric binding sites predicted at equivalent locations, implying that isoforms should be considered when evaluating new allosteric modulators targeting parasite SODs.",10.1007/s11696-026-05292-5,Exploração Mineral Sustentável,minerais críticos; metais prioritários para a transição energética
Comparative Analysis Of Phenolic Compounds And Antioxidant Activity In Commercial Traditional And French Oak-Aged Meads,"Abstract Mead is a fermented beverage of increasing interest due to its chemical complexity and expanding commercial production; however, information regarding the chemical characteristics of commercial oak-aged meads remains limited. In this study, the phenolic composition, antioxidant capacity, and gas chromatography–mass spectrometry (GC–MS)-detectable chemical profile of a commercial traditional smooth mead and a related product derived from the same production batch after 6 months of maturation with French oak chips. Phenolic compounds were determined by high-performance liquid chromatography with diode array detection (HPLC–DAD), and hyperoside, chlorogenic acid, caffeic acid, p-coumaric acid, and quercetin were identified among the most abundant compounds in both samples. Antioxidant capacity was assessed using the 2,2-diphenyl-1-picrylhydrazyl (DPPH) assay. No significant differences ( p &gt; 0.05) were observed between traditional and oak-aged meads regarding total phenolic content, antioxidant capacity, or individual phenolic compounds. GC–MS analysis tentatively identified 17 compounds, including aldehydes, ketones, esters, alcohols, and acids, with differences in occurrence and relative abundance between samples. The results contribute to the characterization of commercially produced traditional and oak-aged meads and provide information on their phenolic composition, antioxidant properties, and GC–MS-detectable chemical profiles under commercial production conditions.",10.1007/s11696-026-05329-9,"Energias Renováveis, Biomassa e Combustíveis Verdes",biomassa; biocombustíveis e combustíveis verdes
Neurosafe-Guided Robot-Assisted Radical Prostatectomy Versus Standard Rarp: Systematic Review And Meta-Analysis Of Comparative Studies,"Abstract Prostate cancer is the most common male malignancy, and although robotic-assisted radical prostatectomy (RARP) is widely used, urinary incontinence and erectile dysfunction remain significant issues. NeuroSAFE, an intraoperative frozen section technique aimed at optimizing nerve preservation without compromising cancer control, is increasingly used, but its overall impact on outcomes remains unclear.To systematically evaluate the effectiveness and safety of the NeuroSAFE technique during RARP, comparing functional recovery and oncologic outcomes with non-NeuroSAFE approaches.This systematic review and meta-analysis followed PRISMA 2020 guidelines and was registered in PROSPERO (CRD420251032774). A comprehensive search of Embase, MEDLINE, and ClinicalTrials.gov (March, 2026) identified studies reporting oncologic and/or functional outcomes in men undergoing RARP with NeuroSAFE. Two reviewer teams independently conducted study selection, data extraction, and risk-of-bias assessment using ROBINS-I tool. Random-effects meta-analyses estimated pooled odds ratios (ORs) with 95% confidence intervals (CIs). Heterogeneity was quantified with the I 2 statistic, and publication bias was evaluated using Egger’s test.Thirteen studies (2 randomized controlled trials and 11 observational cohorts) comprising 22,183 patients met the inclusion criteria. NeuroSAFE was associated with significantly improved postoperative erectile function (OR 2.00; 95% CI 1.46–2.74) and urinary continence recovery (OR 1.36; 95% CI 1.05–1.76). Positive surgical margins were significantly reduced in the NeuroSAFE group (OR 0.73; 95% CI 0.59–0.89). No differences in biochemical recurrence were observed (OR 0.81; 95% CI 0.43–1.56). Heterogeneity was substantial for some outcomes, and most nonrandomized studies carried a serious risk of bias, which limits causal inference.This systematic review and meta-analysis, including randomized evidence, demonstrates that NeuroSAFE is a safe and effective intraoperative strategy that is associated with improved erectile function, enhanced continence recovery, and negative surgical margins without compromising oncologic outcomes. These findings support integrating NeuroSAFE into surgical decision-making for patients undergoing RARP, particularly when nerve preservation can be achieved without compromising oncologic outcomes.In this study, we compared a surgical approach that uses real-time analysis during prostate cancer surgery with the standard technique. This method helps surgeons decide how much tissue to preserve while the operation is still ongoing. We found that this approach is safe and may improve recovery of urinary continence and sexual function, while also reducing the risk of leaving cancer behind, without compromising cancer control.",10.1007/s11701-026-03390-w,Eficiência Energética,redução do consumo energético em processos produtivos; tecnologias e equipamentos de alta eficiência
Thriving On Half: Low Nutritional Demand In Stephanopodium Engleri Involves Adjustments In Photosynthetic Apparatus Functionality,"Abstract Cultivating threatened plant species is vital for conservation, safeguarding against extinction by ensuring propagation and maintaining genetic diversity. Here, we conducted an integrative morphological, physiological, and quantitative proteomic analysis of Stephanopodium engleri plants grown under different substrates and nutritional sources. Stephanopodium engleri is a threatened tree endemic to the Iron Quadrangle, a Brazilian mining region. Different nutritional sources resulted in changes in the growth of S. engleri , with N, P, and micronutrients identified as the most limiting nutrients. The species exhibited maximum growth with half of the applied fertilization, suggesting a low nutritional requirement. The highest growth was related to adjustments in the photosynthetic apparatus and protein regulation, with no significant differences in morpho-anatomical traits. The most representative proteins displayed a diverse array of metabolic functions, particularly related to iron and zinc homeostasis, photosynthesis and energy pathways and reactive oxygen species signaling. Plants with lower carbon assimilation and growth exhibited down-regulation of these proteins. Our findings provide valuable insights into S . engleri physiology and adaptations, emphasizing the importance of minimum fertilization to produce high-quality seedlings. These results also support broader conservation efforts aimed at preventing the species from becoming extinct, including reinforcing natural populations, establishing new ones, and supporting the maintenance of germplasm banks and living collections.",10.1007/s11738-025-03844-y,Exploração Mineral Sustentável,minerais críticos; extração mineral sustentável; redução e aproveitamento de resíduos e rejeitos
"Activated Carbon Functionalization For Lipase Immobilization: Characterization, Hydrolytic Activity, And Ethyl Lactate Synthesis","This study aimed to evaluate the effect of different surface modifications of activated carbon: genipin (GAC), iminodiacetic acid associated with metal particles (MAC), and the combination of genipin with metal particles (GMAC). For the immobilization of two lipases (porcine pancreatic lipase - PPL and Candida rugosa lipase - CRL). In addition, the applicability of the resulting biocatalysts was investigated using ethyl lactate synthesis as a model esterification reaction (40 °C/4 h, with a 1:3 molar ratio of lactic acid to ethanol). All adsorbents showed immobilization yield higher than 87%, with metalized activated carbons exhibiting the highest hydrolytic activities for both immobilized enzymes (48.1 U for PPL and 51.6 U for CRL). The immobilized derivatives achieved ethyl lactate conversions above 90% for both enzymes, with PPL GMAC reaching 94.2%, comparable to the native enzyme (94.9%). Moreover, the derivatives-maintained ester conversions above 80% after five consecutive reaction cycles under organic reaction conditions (GMAC 85.8% for PPL; GMAC 88.1% for CRL), indicating that the immobilization strategy effectively reduced enzyme desorption while preserving catalytic activity. Therefore, the synthesized derivatives demonstrated potential as reusable biocatalysts for the production of industrially important ester compounds, contributing to the development of more sustainable biotechnological processes.",10.1007/s12010-026-05810-x,"Energias Renováveis, Biomassa e Combustíveis Verdes",biocombustíveis e combustíveis verdes; biorrefino e biorrefinarias
Clustering Of Rheumatoid Arthritis Patients: An Unsupervised Machine Learning Approach For Characterizing The Tnfi Response,"This study aimed to identifydistinct profiles of response to Tumor Necrosis Factor inhibitors (TNFi) in rheumatoid arthritis (RA) patients using unsupervised machine learning to integrate clinical, demographic, and genetic data. A cohort of 294 RA patients was analyzed using hierarchical clustering techniques. Data collected included body mass index (BMI), adherence to physical activity, prevalence of comorbidities, seropositivity, Health Assessment Questionnaire (HAQ) scores, and genetic polymorphisms in TNF pathway. Responders to TNFi demonstrated a more favorable clinical profile, with a lower BMI (25.6 vs. 27.0; p = 0.03), higher physical activity adherence (56.6% vs. 33.3%; p < 0.01), reduced prevalence of comorbidities (69.8% vs. 82.4%; p = 0.02), and improved functionality (HAQ: 0.8 vs. 1.7; p < 0.01) compared with non-responders. The C allele of rs767455 was significantly more frequent among responders (74.4% vs. 62.4%; p = 0.04). Clustering analysis identified three distinct subgroups: a better prognosis group characterized by a 73.5% response rate, minimal use of combination therapies, high adherence to physical activity, and male predominance; a poorer therapeutic response group with 82.9% therapeutic failure, intensive medication use, and low exercise adherence; and an intermediate group. TNFi response in RA is multifactorial. Integrating clinical, demographic, and genetic data enables the identification of distinct patient profiles, supporting the development of personalized treatment strategies and the advancement of precision medicine in RA management.",10.1007/s12026-026-09822-x,Eficiência Energética,redução do consumo energético em processos produtivos; tecnologias e equipamentos de alta eficiência
Overview And Perspectives On The Application Of Quechers For The Analysis Of Phenolic Compounds In Food Matrices,"Abstract QuEChERS (Quick, Easy, Cheap, Effective, Rugged, and Safe) has emerged as a powerful and adaptable sample preparation strategy for the determination of phenolic compounds in food matrices, extending well beyond its original application in pesticide residue analysis. This review provides a critical and systematic assessment of the application of QuEChERS for phenolic analysis in foods, encompassing fruits, vegetables, beverages, honey, and processed products. Emphasis is placed on methodological variables that directly affect extraction efficiency and analytical reliability, including sample pre-treatment, solvent selection, partitioning salts, clean-up sorbents, and chromatographic systems. Acetonitrile-based extraction combined with salting-out partitioning and dispersive solid-phase extraction remains the dominant approach; however, matrix-dependent optimization is essential to ensure adequate recovery and minimize the co-extraction of interferents. Phenolic acids and flavonoids are the most extensively studied classes, whereas other bioactive phenolics, such as anthocyanins and volatile phenolic compounds, remain insufficiently explored. Liquid chromatography, particularly when coupled with mass spectrometry, is the prevailing analytical platform due to its sensitivity and selectivity, although diode-array detection continues to represent a viable alternative for routine applications. Overall, this review underscores the robustness and versatility of QuEChERS for food phenolic analysis while highlighting the need for future advances focused on the development of greener and safer extraction solvents and sorbents, method miniaturization to reduce sample and reagent consumption, and the expansion of analytical scope toward a broader diversity of phenolic classes and food matrices.",10.1007/s12161-026-03166-w,Eficiência Energética,redução do consumo energético em processos produtivos; aproveitamento energético de resíduos industriais
Fujita-Type Results For A Coupled Parabolic System Of Hénon-Type Equations On Homogeneous Carnot Groups,"Abstract In this paper, we consider a coupled parabolic system with multiple Henón-type components $$\left( \partial _t \textbf{u} - \Delta _{\mathbb {G}} \textbf{u} \right) (x,t) = H(x,t,\textbf{u})$$ <mml:math xmlns:mml=""http://www.w3.org/1998/Math/MathML""> <mml:mrow> <mml:mfenced> <mml:msub> <mml:mi>∂</mml:mi> <mml:mi>t</mml:mi> </mml:msub> <mml:mi>u</mml:mi> <mml:mo>-</mml:mo> <mml:msub> <mml:mi>Δ</mml:mi> <mml:mi>G</mml:mi> </mml:msub> <mml:mi>u</mml:mi> </mml:mfenced> <mml:mrow> <mml:mo>(</mml:mo> <mml:mi>x</mml:mi> <mml:mo>,</mml:mo> <mml:mi>t</mml:mi> <mml:mo>)</mml:mo> </mml:mrow> <mml:mo>=</mml:mo> <mml:mi>H</mml:mi> <mml:mrow> <mml:mo>(</mml:mo> <mml:mi>x</mml:mi> <mml:mo>,</mml:mo> <mml:mi>t</mml:mi> <mml:mo>,</mml:mo> <mml:mi>u</mml:mi> <mml:mo>)</mml:mo> </mml:mrow> </mml:mrow> </mml:math> for $$ (x,t) \in \mathbb {G} \times (0,T)$$ <mml:math xmlns:mml=""http://www.w3.org/1998/Math/MathML""> <mml:mrow> <mml:mo>(</mml:mo> <mml:mi>x</mml:mi> <mml:mo>,</mml:mo> <mml:mi>t</mml:mi> <mml:mo>)</mml:mo> <mml:mo>∈</mml:mo> <mml:mi>G</mml:mi> <mml:mo>×</mml:mo> <mml:mo>(</mml:mo> <mml:mn>0</mml:mn> <mml:mo>,</mml:mo> <mml:mi>T</mml:mi> <mml:mo>)</mml:mo> </mml:mrow> </mml:math> , where $$\textbf{u}=(u_1,\cdots ,u_m) $$ <mml:math xmlns:mml=""http://www.w3.org/1998/Math/MathML""> <mml:mrow> <mml:mi>u</mml:mi> <mml:mo>=</mml:mo> <mml:mo>(</mml:mo> <mml:msub> <mml:mi>u</mml:mi> <mml:mn>1</mml:mn> </mml:msub> <mml:mo>,</mml:mo> <mml:mo>⋯</mml:mo> <mml:mo>,</mml:mo> <mml:msub> <mml:mi>u</mml:mi> <mml:mi>m</mml:mi> </mml:msub> <mml:mo>)</mml:mo> </mml:mrow> </mml:math> is the unknown, $$\mathbb {G}$$ <mml:math xmlns:mml=""http://www.w3.org/1998/Math/MathML""> <mml:mi>G</mml:mi> </mml:math> is a homogeneous Carnot group on $$\mathbb {R}^N$$ <mml:math xmlns:mml=""http://www.w3.org/1998/Math/MathML""> <mml:msup> <mml:mrow> <mml:mi>R</mml:mi> </mml:mrow> <mml:mi>N</mml:mi> </mml:msup> </mml:math> , $$\Delta _{\mathbb {G}}$$ <mml:math xmlns:mml=""http://www.w3.org/1998/Math/MathML""> <mml:msub> <mml:mi>Δ</mml:mi> <mml:mi>G</mml:mi> </mml:msub> </mml:math> is the operator whose components are given by the sub-Laplacian on $$\mathbb {G}$$ <mml:math xmlns:mml=""http://www.w3.org/1998/Math/MathML""> <mml:mi>G</mml:mi> </mml:math> , and $$\begin{aligned} H(x,t ,\textbf{u})=\left( t^{s_1} \ |x|_{\mathbb {G}}^{\gamma _1} \ u_2^{p_1}, t^{s_2} \ |x|_{\mathbb {G}}^{\gamma _2} \ u_3^{p_2}, \cdots , t^{s_{m}} \ |x|_{\mathbb {G}}^{\gamma _{m}} \ u_1^{p_{m}} \right) , \end{aligned}$$ <mml:math xmlns:mml=""http://www.w3.org/1998/Math/MathML""> <mml:mrow> <mml:mtable> <mml:mtr> <mml:mtd> <mml:mrow> <mml:mi>H</mml:mi> <mml:mrow> <mml:mo>(</mml:mo> <mml:mi>x</mml:mi> <mml:mo>,</mml:mo> <mml:mi>t</mml:mi> <mml:mo>,</mml:mo> <mml:mi>u</mml:mi> <mml:mo>)</mml:mo> </mml:mrow> <mml:mo>=</mml:mo> <mml:mfenced> <mml:msup> <mml:mi>t</mml:mi> <mml:msub> <mml:mi>s</mml:mi> <mml:mn>1</mml:mn> </mml:msub> </mml:msup> <mml:msubsup> <mml:mrow> <mml:mspace/> <mml:mo>|</mml:mo> <mml:mi>x</mml:mi> <mml:mo>|</mml:mo> </mml:mrow> <mml:mrow> <mml:mi>G</mml:mi> </mml:mrow> <mml:msub> <mml:mi>γ</mml:mi> <mml:mn>1</mml:mn> </mml:msub> </mml:msubsup> <mml:mspace/> <mml:msubsup> <mml:mi>u</mml:mi> <mml:mn>2</mml:mn> <mml:msub> <mml:mi>p</mml:mi> <mml:mn>1</mml:mn> </mml:msub> </mml:msubsup> <mml:mo>,</mml:mo> <mml:msup> <mml:mi>t</mml:mi> <mml:msub> <mml:mi>s</mml:mi> <mml:mn>2</mml:mn> </mml:msub>",10.1007/s12220-026-02475-0,Eficiência Energética,eficiência energética industrial; redução do consumo energético em processos produtivos; tecnologias e equipamentos de alta eficiência
"Ditassa Scholaris, A New Species Of Apocynaceae From Bahia (brazil), In Honour Of A Distinguished Scholar Of -Asclepiadaceae-","Summary As part of ongoing taxonomic studies on Brazilian Apocynaceae and floristic inventories in the state of Bahia, Brazil, we describe and illustrate a new species of Asclepiadoideae. Ditassa scholaris Rapini & Giul. sp. nov. is named in honour of Jorge Fontella Pereira, who dedicated most of his life to studying the “Asclepiadaceae” (now Apocynaceae, subfamily Asclepiadoideae), and described over 90 new species, made 95 new combinations and even more synonyms within the group. The new species is known only from the type specimen within the Caatinga dominion, collected in a northern fragment of the Espinhaço range with an Extent of Occurrence of no more than 10,000 km 2 . It is threatened by anthropogenic pressure and climate changes and is provisionally assessed as Vulnerable [VU B1ab(i,ii,iii) + D2]. Ditassa scholaris is vegetatively similar to Metastelma giuliettianum Fontella, mainly because of the ovate leaves and the hirsute indumentum covering branches and leaves. Its flowers resemble those of Ditassa glaziovii E.Fourn., particularly due to its double corona, with lobes fused at the base and an internally digitiform segment. However, the erect habit of D. scholaris differentiates it from these twining species. Erect growth has evolved independently in several lineages within the Metastelmatinae core group, predominantly comprising twining plants. We provide a key to distinguish D. scholaris from the other erect species of Metastelmatinae in the Caatinga dominion.",10.1007/s12225-025-10276-x,Exploração Mineral Sustentável,extração mineral sustentável; reciclagem e recuperação de minerais
"Salacia Delicatula (celastraceae: Salacioideae), A New, Pauciflorous Species Endemic To Bahia State, Brazil","Summary A new species of Salacia (Celastraceae, Salacioideae) from southwestern Bahia, Brazil, is described here. Salacia delicatula Lombardi &amp; Biral belongs to “core Salacia ” clade, characterised by rotaceous flowers with a flat disc, grouped in pauciflorous inflorescences. The new species is distinguished by its unique combination of pilose branches, pauciflorous pedunculate inflorescences and long-pedicellate flowers. It resembles S. arborea (Schrank) Peyr. and S. krigsneri Lombardi, both endemic to the Brazilian Atlantic Forest, by its few-flowered (1 – 3) inflorescences with a short peduncle (1 – 5.8 mm long), but differs from these by its indumentum, composed of scabrous, ivory trichomes on reddish twigs and the pedicel length, which is always longer than the peduncle (8 – 12.5 mm long). Salacia delicatula is endemic to the mata de cipó , a Montane Seasonal Deciduous Forest with many lianas, and is known from only two, small populations located outside protected areas. Although still poorly known in the wild, the available data indicate that S. delicatula has a restricted geographic distribution, with a small area of occupancy and extent of occurrence, few known locations, and ongoing anthropogenic pressure on its habitat; it is, therefore, here provisionally assessed as Endangered sensu IUCN.",10.1007/s12225-025-10345-1,Exploração Mineral Sustentável,prospecção e caracterização mineral
The Igcp 714 Project -3geo - Geoclimbing &amp; Geotrekking In Geoparks- - Selection Of Geodiversity Sites Equipped For Climbing For Combining Outdoor And Multimedia Activities,"Abstract The IGCP 714 project “3GEO – Geoclimbing &amp; Geotrekking in Geoparks ” is financed by the International Geoscience Programme (IGCP) and supported by the International Union of Geological Sciences (IUGS). In this paper, we report on the results of the first phase of the project focused on the criteria to be adopted to select geodiversity sites equipped for climbing or trekking. The selection of geoclimbing sites and geotrekking routes is aimed at combining multimedia tools and outdoor activities for Geosciences promotion and conservation in UNESCO Global Geoparks, aspiring geoparks or geoparks project, and also in protected areas featuring geoheritage sites. Indeed, both outdoor activities and multimedia tools favour the pursuing of many of the United Nations Sustainable Development Goals (e.g., 3, 4, 8, 11). An international consortium of geoscientists from 12 different countries selected, through the proposed procedure, 22 geoclimbing sites, and then they also detected 30 geotrekking routes mirroring Earth geodiversity. At some test sites (geoclimbing and geotrekking) multimedia tools and digital outcrop models have been developed through different methodological approaches (e.g., Structure from Motion and Multi-View Stereo photogrammetry), to open the way to the second part of the project still in progress. These sites and the relative virtual models are herein also shown. The final aim of the IGCP 714 project is indeed to create an open data repository (digital outcrop models, videos, virtual tours, photos, scientific information, and interpretations) to upload data of the selected sites to mirror Earth geodiversity for different users including tourists and school groups.",10.1007/s12371-024-00976-4,Exploração Mineral Sustentável,minerais críticos; metais prioritários para a transição energética; extração mineral sustentável
"Carbon Stock Modelling In Minas Gerais, Brazil: Effects Of Dimensionality Reduction In Machine Learning Algorithms","Abstract This study aimed to forecast soil carbon in Minas Gerais, Brazil. We are using the Random Forest Regressor machine learning technique. The study utilised 41 environmental factors. We were focused on how reducing the model’s complexity could help map soil carbon more effectively. To select the variables, we utilised Altmann’s permutation method combined with the top-k selection test. Results show that solar radiation, water deficiency, and the Palmer Drought Severity Index were the main variables. Notably, although the simplified model exhibited precision metrics, it provided greater interpretability and robustness. We also found several non-linear connections between carbon storage and variables such as solar radiation and water stress. It became evident that the climate significantly influences carbon distribution in this area. In general, these enhanced models could significantly support agricultural zoning, conservation initiatives, and soil management.",10.1007/s12518-026-00772-5,Mercado de Carbono,inventários e redução de emissões; metodologias de carbono; monitoramento de emissões
Where Are The Babies? Habitat Preference Of Post-Larval Stages Of Holothuroidea (dendrochirotida) Along The Brazilian Coast,"Abstract Understanding habitat use during early life stages is essential for the conservation and management of marine benthic invertebrates. Holothurians (sea cucumbers) undergo a critical post-larval transition from planktonic to benthic life, during which habitat selection strongly influences recruitment success, survival, and population structure. This study investigated spatial and seasonal patterns in the diversity of post-larval Holothuroidea (Dendrochirotida) and evaluated the influence of environmental variables and substrate types on species occurrence along the northeastern Brazilian coast. Monthly sampling was conducted throughout 2023 at three coastal sites (Tambaba, Formosa, and Genipabu beaches), using standardized intertidal transects encompassing macroalgal, sandy, and rocky substrates. Species were identified based on calcareous ossicles, and biodiversity patterns were assessed using Hill numbers, Chao1 richness estimates, and beta diversity partitioning. Generalized linear models were applied to test the effects of seasonality and environmental variables on diversity metrics, while substrate associations were evaluated using contingency analyses. A total of 169 post-larval individuals belonging to 11 species and three families: Cucumariidae, Phyllophoridae, and Sclerodactylidae were recorded. All specimens occurred exclusively on macroalgal substrates, confirming their role as essential nursery habitats. Tambaba exhibited the highest alpha and gamma diversity and a distinct species composition, whereas Formosa and Genipabu represented assemblages associated with strong abundance gradients relative to the richer Tambaba community. Species effective richness was positively associated with pH and negatively affected by the rainy season, indicating ontogenetic sensitivity to environmental variability. These findings highlight macroalgal beds as critical habitats for early holothurian life stages and underscore the importance of protected coastal areas for maintaining benthic biodiversity and supporting population resilience.",10.1007/s12526-026-01678-6,Exploração Mineral Sustentável,minerais críticos; metais prioritários para a transição energética
"Probiotic And Technological Potential Of Enterococcus Faecium Em03, Isolated From Brazilian Semi-Hard Cheese","Probiotics have gained increasing attention due to their potential health benefits, antimicrobial properties, and role in promoting overall well-being. In this context, the identification of novel bacterial strains with relevant functional properties and high stability under food processing conditions is essential. This study aimed to identify an isolate from Brazilian semi-hard cheese and assess the presence of virulence genes and genes involved in biogenic amine production, as well as to evaluate bacteriocin production and the in vitro probiotic potential of the strain. Additionally, the strain was microencapsulated by spray-drying to enhance its resistance under gastrointestinal and storage conditions. The isolate was identified as Enterococcus faecium EM03 through 16 S rDNA gene sequencing. In vitro safety testing showed susceptibility to most antibiotics tested, with resistance only to ciprofloxacin and gentamicin. Molecular analyses confirmed the absence of genes associated with biogenic amine synthesis and key virulence factors typically considered in Enterococcus safety assessments (ace, asa1, cylA, efaA, esp, and gelE). Conversely, genes associated with bacteriocin production (entB, entP, L50AB, IanM, and IanC) were detected, supporting the results showing inhibition of Listeria monocytogenes and E. faecalis by proteinaceous compounds. Additionally, the strain showed high resistance under simulated gastrointestinal conditions, and microencapsulation by spray-drying further enhanced its stability, allowing probiotic survival for up to 60 days and maintaining good resistance to simulated gastrointestinal conditions while keeping the microparticle properties consistent. Overall, E. feacium EM03 showed strong probiotic potential, combining safety, antimicrobial properties, and technological stability, supporting its use in the development of functional foods.",10.1007/s12602-026-11125-4,"Energias Renováveis, Biomassa e Combustíveis Verdes",biomassa
Flavonoid Rutin Reduces Intestinal Inflammation In An Experimental Model Of Parkinson s Disease,"The enteric nervous system (ENS), a complex network of neurons and glial cells, is essential for maintaining intestinal homeostasis and is implicated in neurodegenerative diseases such as Parkinson's disease (PD). The gut-brain axis, modulated by gut microbiota (GM), is influenced by dietary compounds that can alter its composition. Despite advances in the understanding of PD pathophysiology, effective treatments remain limited, underscoring the need for novel therapeutic approaches. Among plant-derived compounds, the flavonoid rutin has shown significant antioxidant, anti-inflammatory, and neuroprotective properties in vivo. This study evaluated the effects of rutin on leukocyte infiltration, intestinal morphology, and GM composition in an experimental model of PD. Adult male Wistar rats received a stereotaxic injection of 6-hydroxydopamine (6-OHDA) and were treated orally with rutin (10 mg/kg) for 14 days. Intestinal segments were analyzed histomorphometrically, and fecal samples were assessed for the abundance of Firmicutes, Bacteroidetes, Prevotellacea, Entererobactereacea, Bifidobacterium sp and Lactobacillus sp. by PCR. Rutin administration significantly reduced intraepithelial lymphocyte infiltration and goblet cell numbers in the ileum and colon and prevented hyperplasia of Paneth cells in the ileum. Importantly, GM composition remained unchanged following rutin treatment. These findings demonstrated that rutin reduces intestinal inflammation in PD models without altering gut microbiota composition, highlighting its potential as a therapeutic strategy.",10.1007/s12640-026-00789-z,Exploração Mineral Sustentável,
Whatsapp As A Support Tool For Reducing Anxiety And Improving Quality Of Life After Orthognathic Surgery,"Abstract Introduction Dentofacial deformities are associated with functional, aesthetic, and psychological impairments. Although orthognathic surgery is effective in the long term, the early postoperative period is often marked by discomfort and emotional vulnerability. WhatsApp may offer accessible postoperative support. Objective To evaluate the impact of WhatsApp-based follow-up on anxiety and quality of life after orthognathic surgery. Methods A prospective comparative study was conducted in patients undergoing orthognathic surgery, comparing standard postoperative care with additional WhatsApp support. Anxiety and quality of life were assessed using the Beck Anxiety Inventory, Oral Health Impact Profile-14, and RAND-36 at baseline and 21 days postoperatively. Paired t tests and delta (Δ) values were used to assess within-group changes. Results The WhatsApp group showed reduced anxiety (ΔBAI = − 5.3; p = 0.013), whereas no significant change was observed in the standard care group. Oral health–related quality of life worsened only in the standard care group. Most RAND-36 domains showed no significant changes. Conclusion This small exploratory study suggests that WhatsApp-based follow-up may reduce anxiety during the first 21 postoperative days after orthognathic surgery. Findings should be interpreted cautiously given the small sample size and non-randomized design.",10.1007/s12663-026-03141-2,Eficiência Energética,redução do consumo energético em processos produtivos
Psychometric Properties Of The Compassion Scale: A Scoping Review,"Abstract Objectives The Compassion Scale is among the few instruments with acceptable psychometric properties for assessing compassion for others, yet no review has mapped validation evidence across cultures. This scoping review aimed to identify, map, and systematize evidence on the psychometric properties of the CS across populations and cultures in which it has been validated. Method Following Joanna Briggs Institute methodology and PRISMA-COSMIN-ITC guidelines, seven studies were analyzed, addressing content validity, structural validity, validity based on external measures, and other psychometric properties. Risk of bias was assessed using the COSMIN checklist. Results Most studies reported adult samples; only two included adolescents. The bifactor and hierarchical four-factor models showed the best fit, though neither was consistently replicated across cultural adaptations. The general factor showed good to excellent internal consistency; subscale reliability varied from low to good. Evidence supported convergent and discriminant validity. Measurement invariance was established for gender and behavioral profiles in adolescents only, and social desirability did not fully account for CS associations in the one study that examined this property. Conclusions The CS demonstrates adequate psychometric properties as a brief compassion measure. Subscale scores from bifactor solutions should be interpreted with caution, and their clinical use is not yet supported. Validation in underrepresented populations is needed to consolidate CS properties and support its use in research and compassion-based interventions. Preregistration The review protocol was registered on OSF (Registration ID: QHWNG).",10.1007/s12671-026-02918-3,Eficiência Energética,redução do consumo energético em processos produtivos; tecnologias e equipamentos de alta eficiência
Characterization Of Individuals With Skeletal Dysplasia At A Referral Center In Brazil,"Skeletal dysplasias are rare genetic disorders affecting bone and cartilage, often causing disproportionate short stature and multisystem involvement. In Brazil, limited data challenge diagnosis and management. To describe the clinical and sociodemographic profile of individuals with suspected skeletal dysplasia, without confirmed etiological diagnosis, evaluated at a university hospital in Salvador, Bahia, Brazil, and referred for genomic sequencing through the Rare Genomes Project. Observational, cross-sectional study including 90 individuals evaluated at Hospital Professor Edgard Santos, that is part of Federal University of Bahia, between December 2020 and May 2023. All patients were evaluated by a medical geneticist, and clinical data were extracted from medical records and standardized using Human Phenotype Ontology (HPO) terms. Most participants (71%) were from countryside of Bahia, 68% were mixed-race, with balanced sex distribution. The mean age was 11.4 years. Consanguinity was reported in 28% and family recurrence in 34% of cases. Among the 15 subgroups listed, the most frequent was ""Skeletal dysplasia with decreased bone density"" (43.3%). A total of 299 distinct HPO terms reflected high phenotypic variability. This study highlights the clinical heterogeneity of skeletal dysplasia and the importance of a specialized evaluation by a clinical geneticist enabling standardized phenotyping combined with genomic tools to improve diagnosis and public health care.",10.1007/s12687-026-00920-9,Eficiência Energética,redução do consumo energético em processos produtivos
The Embodiment Challenge For Artificial Intelligence,"Abstract Recent advances in the field of artificial intelligence (AI) renewed the enthusiasm for what AIs can do. While some argue that AIs can be viable models for understanding human cognition, others go further and claim that future AIs might display cognitive capacities. However, although some current models excel at tasks such as language processing and pattern recognition, their operations fundamentally differ from human cognition. Unlike humans, who learn through embodied, intersubjective experiences tied to survival and adaptation, AIs typically cannot undergo structural changes due to their disembodied nature. To understand the significance of this difference, I turn to the radically embodied framework and raise the embodiment challenge for AI, namely: due to the lack of biological embodiment, situatedness, and autonomy, artificial systems cannot replicate the self-sustaining, survival-driven processes essential to naturally cognizing systems. I conclude that creating a genuinely cognitive artificial intelligence would require achieving artificial life first.",10.1007/s13347-026-01139-9,Eficiência Energética,tecnologias e equipamentos de alta eficiência
Relativistic Entanglement In Muon Decay,"Abstract We discuss the time evolution of quantum entanglement in the presence of non-collapsing interactions. In particular, the entanglement between the products of a muon decay in a magnetic field is revisited. It results from angular momentum conservation and leads to an anomaly in the measured muon g factor in precise agreement with that reported by the Brookhaven and Fermilab experiments, alleviating the present tension between data-driven and lattice theoretical values.",10.1007/s13538-026-02119-2,Exploração Mineral Sustentável,minerais críticos; metais prioritários para a transição energética
Different Polymorphisms Of The Renin-Angiotensin-Aldosterone System Genes Are Associated With Poorer Blood Pressure Control In Hypertensive Older Adults,"INTRODUCTION: Adequate blood pressure control (BPC) is crucial for preventing hypertension, as well as for mitigating the risks associated with inadequate control among hypertensive older adults. Identifying modifiable factors (i.e., dietary and biochemical patterns, sociodemographic characteristics, and health habits) and non-modifiable factors (i.e., genetic background) is crucial for improving control rates. AIM: This study aimed to analyze the association between Renin-Angiotensin-Aldosterone System gene polymorphisms, sociodemographic characteristics, health and lifestyle habits, and BPC in older adults. METHODS: one hundred and forty-three older adults comprised the study population, and were genotyped for angiotensinogen (AGT) [M235T], renin (REN) [G2646A] angiotensin-converting enzyme (ACE) [InDel], angiotensin II type 1 receptor (AT1R) [A1166C] aldosterone synthase (CYP11B2) [C344T] gene polymorphisms. Sociodemographic characteristics, health, and lifestyle habits were recorded using questionnaires, and blood pressure was measured using standard methods. A Poisson multivariate regression was applied. RESULTS: Our finding indicated that, together, LDL-C, the A allele of the REN gene (G2646A), and genotype II of the ACE gene (InDel) were significantly associated with inadequate BPC in the community-dwelling older adults. CONCLUSIONS: Due to its non-modifiable nature, the genetic background has the potential to identify individuals with a greater risk of illness. The knowledge of the genetic profiles prone to impaired BPC and its interaction with modifiable factors could guide more effective behaviors and/or treatments aiming to mitigate the morbidity and mortality related to poor BPC among hypertensive older adults.",10.1007/s40292-025-00725-w,Eficiência Energética,redução do consumo energético em processos produtivos; tecnologias e equipamentos de alta eficiência
Weight Stigma And Disordered Eating Behaviors During The Covid-19 Pandemic: The Mediating Role Of Weight Gain Concern And Psychological Distress,"OBJECTIVES: The purpose of this study is to investigate whether the relationship between weight stigma experiences and disordered eating behaviors during the COVID-19 pandemic is mediated by weight gain concern and psychological distress among university students with and without overweight. METHODS: A cross-sectional study was conducted with university students from five regions of Brazil who participated in the baseline assessment of the Online Cohort on Eating Behavior and Health (July/August 2020). Information on the frequency of binge eating episodes, food restriction, and purging, as well as experienced weight stigma, weight gain concern, and psychological distress, were recorded in an online questionnaire. Stratified structural equation modeling (SEM) analyses were performed to address the research questions of interest. RESULTS: Out of the total sample (n = 2511), 33.5% of participants reported experiencing weight stigma. The prevalence of binge eating episodes, food restriction, and purging was 43.7%, 24.1%, and 5.4%, respectively. These behaviors were more prevalent in individuals with overweight than in those without this condition. Furthermore, it was observed that weight gain concern and psychological distress mediated the relationship between weight stigma and disordered eating behaviors regardless of body weight status. CONCLUSIONS: Experiences of weight stigma and disordered eating behaviors were prevalent among Brazilian university students, especially among those with overweight. Weight gain concern and psychological distress appear to be important factors underlying the relationship between these constructs during the pandemic, and they can contribute to the development of targeted strategies for the prevention and management of disordered eating. LEVEL OF EVIDENCE: Level V, cross-sectional study.",10.1007/s40519-023-01608-6,Eficiência Energética,redução do consumo energético em processos produtivos
Correlation Between Nematode Resistance And Vegetative Development In Luffa Cylindrica Accessions: An Approach With Variance Components,"Abstract Luffa cylindrica (L.) Roem., or vegetable loofah, is a species of socioeconomic importance with potential for exploitation of its fruit in different segments, as well as for use as a rootstock for other cucurbits. However, owing to the variability presented by the species, it is necessary to select uniform genotypes for each type of farm. Thus, the objective of this study was to evaluate and select loofah accessions resistant to Meloidogyne incognita and M. javanica . Correlation analyses were performed between vegetative and resistance variables, and variance components were estimated. A total of 15 accessions from the Federal Rural University of the Semi-Arid Region were used. Abelmoschus esculentus cv. 'Santa Cruz 47' was the susceptibility standard and Crotalaria spectabilis the resistance standard. The experiments used a randomized block design with eight replications. Each accession was evaluated separately for M. incognita and M. javanica . Five thousand eggs and second-stage juveniles were inoculated per plant. The total number of eggs and juveniles (TNN) was estimated to calculate the reproduction factor (RF). Stem diameter, root fresh mass (FRM), shoot fresh and dry mass (DSM), number of fruits, and SPAD index were measured. Variance components were estimated via SELEGEN-REML/BLUP, and correlations were determined via Pearson’s correlation. RF ranged from 0.20 (B23) to 9.41 (B13) for M. incognita and from 0.17 (B19) to 8.33 (B24) for M. javanica . Accessions B15, B18, B19, B21, and B22 were resistant to both species. For M. incognita , heritability ranged from 1.9% to 36%, and for M. javanica from 0 to 25%. A significant correlation was identified between resistance variables (RF and TNN) and FRM and DSM. These materials, particularly the resistant accessions identified, exhibited low reproduction factors and favorable vegetative performance, highlighting their potential as rootstocks to enhance agronomic performance in nematode-infested areas.",10.1007/s40858-026-00832-6,"Energias Renováveis, Biomassa e Combustíveis Verdes",biomassa
The Impact Of Land Use And Land Cover Changes On Surface And Baseflow Dynamics In A Brazilian Savanna Basin: A Case Study Of The Corrente River Basin,"Abstract The Cerrado biome, known as the Brazilian Savanna, plays a critical role in sustaining major Brazilian aquifers and river basins; however, it has undergone substantial land use and land cover changes driven mainly by agricultural expansion, particularly in western Bahia. This study assesses the impacts of land use and land cover changes on surface and baseflow dynamics in the Corrente River Basin, an important tributary of the São Francisco River. Precipitation, streamflow (surface runoff and baseflow), and land use data from 1985 to 2023 were evaluated using open-access dataset and statistical methods. Results indicate a decreasing trend in precipitation and streamflow, although only the reduction in streamflow was statistically significant. Baseflow represented approximately 93.75% of total streamflow but exhibited a significant decline over the study period, accompanied by a reduction in surface runoff. A statistically significant change point was identified in 2007, marking an abrupt decrease in both total streamflow and baseflow. Correlation analysis revealed a strong positive relationship between baseflow and native vegetation cover (correlation coefficients of 0.885 for Forest cover, and 0.870 for Herbaceous and Shrubby Vegetation), whereas anthropogenic land uses, such as temporary crops (-0.884) and non-vegetated areas (-0.806), showed negative correlations. Between 1985 and 2023, temporary crop areas increased by 3523%, while forest formations and herbaceous vegetation declined substantially. These findings demonstrate that intensification on water demand due to agricultural, has significantly altered hydrological processes in the basin, highlighting the importance of integrated and sustainable water resource management strategies in the Brazilian Savanna.",10.1007/s40899-026-01342-8,Eficiência Energética,redução do consumo energético em processos produtivos; aproveitamento energético de resíduos industriais
"Biometric, Anatomical And Physiological Changes In Passion Fruit Plants Infected By Cowpea Aphid Borne-Mosaic Virus","Abstract Cowpea aphid borne-mosaic virus (CABMV) is the causal agent of fruit hardening, an important disease that affects the development and productivity of passion fruit. The objective of this study was to evaluate biometric, leaf anatomical and physiological changes in passion fruit plants infected by CABMV. At 47 days after inoculation, healthy and CABMV-infected plants were evaluated for height, dry mass of stem, leaf and roots, leaf anatomy, gas exchange, total chlorophyll and carotenoid content, electrolyte extravasation, total soluble sugar content, starch, proline and total nitrogen. The height, dry mass of stem, leaves and roots, transpiration and photosynthetic rate were lower and the internal CO 2 concentration was higher in plants infected by the virus. The thicknesses of palisade parenchyma, spongy parenchyma, mesophyll and leaf blade and the proportion occupied by palisade parenchyma were smaller in plants infected by CABMV. The starch content was lower and the total soluble sugar, proline and total nitrogen content were higher in plants infected by the virus. In passion fruit plants, CABMV infection causes leaf anatomical changes that corroborate its negative effect on photosynthetic rate, starch content and growth.",10.1007/s42161-026-02171-6,"Energias Renováveis, Biomassa e Combustíveis Verdes",biomassa
Lethal And Sublethal Effects Of Selected Plant Extracts And Two Commercial Botanical Insecticides On Anastrepha Obliqua (macquart) And Diachasmimorpha Longicaudata (ashmead),"Abstract Knowledge of the effect of chemical and botanical insecticides on pests and natural enemies is essential for improving integrated management programs of fruit flies. The study aimed at evaluating the toxic and sublethal effects of botanical insecticides and extracts on Anastrepha obliqua and Diachasmimorpha longicaudata . Botanical insecticides and extracts composed of the following were applied to fruit flies or parasitoids: a methanol extract of Aspidosperma spruceanum leaves (MLAS), ethanol extract of Metrodorea maracasana bark (EBMM), hexane extract of Conchocarpus mastigophorus leaves (HLCM), ethanol extract of C. mastigophorus leaves (ELCM), ethyl acetate extract of Xylopia sericea leaves (ALXS), and oil Aleurites moluccana seed (OSAM) in single concentration of 70 mg mL − 1 . I addition the insecticides Azamax ® (5 mL L − 1 ) and Natuneem ® (10 mL L − 1 ) were applied. Extract EBMM and the two insecticides were used to investigate the lethal effect on the A. obliqua and parasitoid, and extract ELCM was used only in parasitoid. The extract EBMM was also evaluated on A. obliqua at concentrations of 60, 70, 80, 90, and 100 mg mL − 1 . Sublethal effects was carried out with commercial products based on neem and water in adults A. obliqua . Azamax ® and the extracts EBMM, ELCM, and HLCM were toxic to A. obliqua . Natuneem ® and the extracts ELCM and EBMM were harmless to adults of the D. longicaudata . Azamax ® was considered slightly harmful to the parasitoid. The extract EBMM was harmless to adults D. longicaudata or larvae of C. capitata and moderately harmful in the double application (adult D. longicaudata or larvae of C. capitata ). Extract EBMM has the potential for bioprospecting, aiming at tephritid management.",10.1007/s42690-026-01791-w,"Energias Renováveis, Biomassa e Combustíveis Verdes",biocombustíveis e combustíveis verdes; aproveitamento energético de resíduos
Exogenous Melatonin Enhances Salt Tolerance In Radish By Regulating Photosynthesis And Physiological Traits,"This study aimed to analyze the attenuating effects of melatonin on the gas exchange, photosynthetic pigments, water relationships, membrane integrity, and nutritional content of radish (Raphanus sativus L.) subjected to salt stress. The plants were exposed to three levels of electrical conductivity of irrigation water (0.50, 2.75, and 5.00 dS m⁻¹) and treated with melatonin at concentrations of 0.0, 0.5, and 1.0 mM. Physiological parameters, chlorophyll contents, relative water content, membrane stability, and nutrient concentrations in leaves and roots were evaluated. Salinity significantly reduced physiological performance, with net CO₂ assimilation dropping by up to 77% under 5.00 dS m⁻¹. However, melatonin application (0.5 mM) effectively mitigated these effects. Compared to untreated stressed plants, melatonin maintained higher stomatal conductance and preserved photosynthetic pigments, while reducing Na⁺ and Cl⁻ accumulation in leaves. These results demonstrate the potential of melatonin as a biostimulant to maintain physiological functionality and nutritional balance under salt stress, making it a promising strategy for the sustainable management of radish crops in salinized environments.",10.1007/s42729-026-03150-7,"Energias Renováveis, Biomassa e Combustíveis Verdes",biocombustíveis e combustíveis verdes
"Molecular Assessment Of Chlamydia Psittaci And Circovirus In Psittacines From A Cetas In Bahia, Brazil","Mistreatment and unsanitary conditions to which trafficked animals are subjected provide an environment conducive to the proliferation and dissemination of pathogens. The Centros de Triagem de Animais Silvestres (CETAS - Wild Animal Screening Centers), which receive trafficked animals, aim to release them back into the wild, thus making the investigation of pathogens essential. The objective of this study was to conduct an epidemiological study of infections by Chlamydia psittaci and Circovirus in psittacines from wildlife trafficking housed at a CETAS in Bahia. Cloacal swab and blood samples were collected from 135 psittacines, both residents and newly arrived in quarantine, housed at the CETAS in Vitória da Conquista, Bahia. The presence of pathogens was determined by conventional PCR. The PCRs consisted of amplifying the opmA gene and ORF1 to detect C. psittaci and Circovirus, respectively. For C. psittaci, three (2.2%) animals were diagnosed as positive, then treated with antibiotics, retested, and included in the CETAS population after testing negative for the bacterium. Among the 135 psittacines evaluated, 22 (16%) showed feathering abnormalities despite testing negative for Circovirus. This research was the first epidemiological survey of Circovirus infection in psittacines in Bahia and improved the sanitary safety of wildlife release programs.",10.1007/s42770-025-01649-2,Exploração Mineral Sustentável,extração mineral sustentável; reciclagem e recuperação de minerais
"Morphological And Phylogenetic Analyses Of Gonatobotryum (dothideaceae, Dothideales), And The Description Of A New Species From A Mangrove Sediment In Brazil","Gonatobotryum is an anamorphic fungus reported mainly as a saprophyte, parasite, or endophyte. The genus has traditionally been identified based on morphological features, with its phylogenetic placement remaining uncertain due to the lack of molecular data. During the analysis of fungi obtained from mangrove sediments in Brazil, nine isolates were morphologically identified as Gonatobotryum and subsequently analysed using the internal transcribed spacer (ITS) region, including the intervening 5.8S nRNA gene and the nuclear ribosomal RNA large subunit (LSU) gene, leading to the description of a new species, Gonatobotryum mangrovei. Additionally, the type material of Gonatobotryum bahiense was re-evaluated regarding its phylogenetic placement. Here, we propose a new combination, Ophiostoma bahiense, to place this species within the genus. Our results clarify the phylogenetic position of Gonatobotryum and expand the current understanding of fungi in mangrove environments.",10.1007/s42770-026-02052-1,Exploração Mineral Sustentável,prospecção e caracterização mineral
Overview Of The Influence Of The Iron Oxide Nanoparticles On Adipose-Derived Mesenchymal Stem Cells: A Systematic Review,"Abstract Purpose of Review To provide a comprehensive overview of key findings in research involving AD-MSCs and IONPs. Recent Findings Recent studies demonstrate the use of rabbits as a source for obtaining AD-MSCs, although human and murine sources remain the most commonly used. Regarding cell viability and IONP concentration, it is observed that high levels of IONPs can negatively impact the viability of AD-MSCs. Therefore, concentrations below 50 µg/mL are recommended. As for the influence of IONPs on cell proliferation and differentiation, the results are still divergent. However, most studies do not identify statistically significant differences in these parameters compared to controls. Summary Adipose-derived mesenchymal stem cells (AD-MSCs) have changed the scientific and medical community’s perspective on adipose tissue, primarily due to their relative ease of isolation compared to cells from other sources, while maintaining similar biological characteristics. Nanoparticles (NPs) are nanometric structures with dimensions ranging up to 100 nm and, over the years, iron oxide nanoparticles (IONPs) have been extensively investigated in the biomedical field due to their unique ability to interact with and modulate cellular biological functions. Advances in biotechnology have expanded therapeutic applications of AD-MSCs, with their combination with IONPs emerging as a highly promising strategy. However, this interaction is still recent, and its precise effects on AD-MSCs remain poorly understood. Therefore, this systematic review aims to provide an overview of the current knowledge regarding the influence of IONPs on AD-MSCs. All selected studies utilized adipose tissue as the source of MSCs, predominantly of human and murine origin, and indicated that IONP concentrations equal to or below 50 µg/mL are preferable, as higher nanoparticle levels may negatively affect AD-MSC viability. In addition, the intracellular localization of IONPs has been predominantly observed within lysosomes, endosomes, the perinuclear region, and the cytoplasm. Although current findings suggest a promising interaction between IONPs and AD-MSCs, the available literature remains limited and, occasionally, presents discrepant results. This highlights the need for further investigations to better elucidate the biological effects and safety of this association, particularly concerning future in vivo applications.",10.1007/s43152-026-00067-2,Exploração Mineral Sustentável,minerais críticos; metais prioritários para a transição energética
Current Perspectives On The Use Of Stem Cells In Xenogeneic Transplantation,"Abstract Purpose of Review The primary objectives of this review were to assess the rate of immune rejection associated with previously conducted xenogeneic mesenchymal stem cell (MSC) transplantations and to identify the animal species involved in these studies. Recent Findings Gene knockout strategies represent a highly promising approach for cross-species transplantation, particularly in humans. This is crucial because the human body naturally produces various antibodies that can trigger immune rejection, affecting not only cellular and tissue grafts but also decellularized scaffolds. The articular microenvironment has emerged as an ideal target for MSC transplantation due to its unique immunoprivileged characteristics, notably a low infiltration of polymorphonuclear leukocytes. Summary Stem cells (SCs) are undifferentiated cells characterized by their self-renewal capacity and varying potentials to differentiate into distinct cell lineages. These intrinsic properties unlock a broad spectrum of therapeutic applications for SCs in both human and veterinary medicine. However, when cellular, tissue, or organ transplantation is performed in an allogeneic or xenogeneic setting, immune rejection remains a significant hurdle. This mechanism primarily involves human leukocyte antigen (HLA) molecules belonging to the major histocompatibility complex (MHC). SCs, in turn, are considered immunologically privileged due to their low baseline surface expression of MHC class II and HLA-DR molecules. Such features may provide a crucial advantage for the application of xenogeneic SCs in treating various pathologies. This study reviewed research outcomes regarding SCs and xenotransplantation by systematically searching the SciELO and PUBMED databases for articles published between 2003 and 2023, finding that in 80% of the documented cases, there were no clinical signs of rejection. Furthermore, 80% of the targeted pathologies affected the musculoskeletal system, with studies encompassing five species: human, equine, canine, murine, and bovine. The majority of the researchers (60%) performed mesenchymal stem cell (MSC) transplantation, whereas 20% utilized hematopoietic stem cells (HSCs). The infused SC dosage varied depending on the species involved. Overall, a limited number of studies bridging SCs and xenotransplantation have been conducted over the past two decades. Additional rigorous studies are suggested by the authors so that the clinical efficacy of this therapeutic approach can be conclusively proven.",10.1007/s43152-026-00068-1,Exploração Mineral Sustentável,minerais críticos; metais prioritários para a transição energética
Notes On The Bahian Penal Enigma: Subnational Variation And Low Imprisonment Rates In Brazil,"Abstract The arrival of mass incarceration in Brazil has placed the country as an important setting for investigation in comparative penology. Having reached more than seven hundred thousand prisoners in 2019, the country has consolidated itself as the largest prison population in Latin America. However, the country presents significant internal variation among the subnational states. The situation of imprisonment in Bahia, for instance, subverts the process of Brazilian prison expansion, displaying the lowest imprisonment rate among the 27 subnational states of the federation. As such, this different pattern of imprisonment offers a conundrum demanding explanation. The present argument analyzes the reasons behind the different trajectory of imprisonment in this state, addressing its political background, its adoption of prison privatization and the outlook of its penal apparatus. It attempts to explore this Bahian enigma by shedding light on some of its specific developments, but also closely examining imprisonment conditions in the southern region of the state.",10.1007/s43576-025-00180-6,Exploração Mineral Sustentável,
Recycling And Reuse Of Dimension Stone Waste: A New Brazilian Sustainable Perspective,"Abstract Brazil hosts exceptional geological diversity and ranks among the world’s leading producers and exporters of ornamental stones. Despite this competitive position, up to 83% of extracted material becomes waste during quarrying and processing, generating significant environmental liabilities and loss of economic value. Within a circular economy framework, this review evaluates the potential of ornamental stone residues as secondary raw materials. The study synthesizes recent technological advances, market trends, industrial practices, and regulatory frameworks in Brazil and globally, with emphasis on applications in construction materials, engineered stone, industrial processes, and agricultural soil remineralization. The results indicate that these residues can be effectively reintegrated into productive systems, contributing to reduced extraction of virgin resources, lower greenhouse gas emissions, and improved material efficiency. Case studies demonstrate technical feasibility across multiple sectors, while emphasizing the need for chemical characterization and environmental monitoring, particularly in agricultural applications. From a systems perspective, residue valorization supports the transition from linear to circular production models through material recirculation, industrial symbiosis, and value-added product development. However, large-scale implementation remains constrained by material variability, lack of standardization, limited technological adoption, and regulatory gaps. Addressing these challenges requires coordinated public policies, technical standards, investment in processing technologies, and strengthened collaboration among academia, industry and government. The adoption of circular strategies in the ornamental stone sector represents a strategic opportunity for Brazil to enhance sustainability, resource efficiency, and global competitiveness. Graphical Abstract",10.1007/s43615-026-00965-5,Exploração Mineral Sustentável,redução e aproveitamento de resíduos e rejeitos; reciclagem e recuperação de minerais
Bioprospection Of Photoprotective Natural Compounds From Persea Fulva: A Good Source Of Acylated Glycosylated Flavonoids For Application In New Sunscreen Formulas,"Formulations containing natural extracts have garnered attention due to the importance of these compounds in protecting against ultraviolet radiation (UV) due to their antioxidant and UV-absorbing properties, which enhance photoprotection and reduce reliance on synthetic agents. This study developed a photoprotective formulation containing a glycosylated flavonol-rich extract from Persea fulva. The crude extract was incorporated into an emulgel formulation, which demonstrated Sun Protection Factor (SPF) values of up to 48.94 at 20 mg/mL, reaching in vitro SPF values consistent with high protection according to Brazilian guidelines. This formulation remained physicochemically stable for 90 days, maintaining its pH, organoleptic and texture attributes. To identify the active compounds responsible for photoprotection, a bio-guided fractionation approach was applied to the P. fulva crude extract. Accordingly, liquid-liquid partitioning of this extract yielded several fractions, among which the ethyl acetate fraction exhibited the highest SPF (33.08 ± 0.36 at 500 µg/mL), comparable to the commercial UV filter benzophenone. Successive chromatographic fractionations of the ethyl acetate fraction, continuously monitored for SPF, total phenolic content, total flavonoid content and DPPH radical scavenging activity, led to the isolation of tiliroside as the major compound, along with six other minor glycosylated flavonols, whose aglycones were identified as quercetin and kaempferol. These compounds were identified by NMR and LC-MS/MS, respectively. Additionally, theoretical calculations of HOMO-LUMO orbitals performed through in silico studies confirmed the UV-absorbing properties of these flavonoids. These findings indicate that the flavonoids tiliroside and its derivatives found in P. fulva suggest their potential as candidates for the development of photoprotective formulations.",10.1007/s43630-026-00939-4,"Energias Renováveis, Biomassa e Combustíveis Verdes",biomassa; biocombustíveis e combustíveis verdes
"Multiparameter Hydro-Environmental Diagnosis Of Springs In A Headwater Watershed Of The Atlantic Forest, Brazil","The unavailability of water can affect thousands of people around the world. This issue has been a wake-up call for the urgent need to preserve and restore surface water systems. The of this research aim was to assess the susceptibility to degradation of the springs at Farm Reunidas Gravatá, in Teodoro Sampaio, Bahia, using hydro-environmental indicators. To this end, the interventions began in March 2021, with: a) identification of the springs; b) characterization and classification of the springs; c) determination of the Environmental Impact Index for springs and degree of preservation; d) monitoring of water availability and; e) physical–chemical and microbiological analyses of the water. Aerophotogrammetry and field mapping enabled the identification of 15 Permanent Preservation Areas of springs. Of these, only one was isolated with protective fence in accordance with environmental legislation. Perennial springs were predominant, especially Limnocrenes with water outflow emerging from a point. The Impact Index indicated two springs in Class E (very bad); seven in Class D (Bad); four in Class C (Fair); and two in Class B (Good). The rapid assessment method showed that cattle trampling and inadequate protection caused greater susceptibility to degradation of water ecosystem services. Rainfall had a strong influence on the hydrology of the springs. The study showed that the adoption of reconstructive restoration techniques generated positive changes in different water quality parameters. Geomorphological classification mitigates weaknesses in the scientific understanding of surface water and can be part of the Environmental Safety Plan for the farm and the river basin.",10.1007/s44274-026-00552-3,Eficiência Energética,redução do consumo energético em processos produtivos; aproveitamento energético de resíduos industriais
Gelatin Membrane Containing Usnic Acid-Loaded Liposome Causes In Vitro Death Of Leishmania Braziliensis,"Cutaneous leishmaniasis (CL) is a parasitic disease endemic in several countries, characterized by skin sores. Current treatments are limited by toxicity and high costs, necessitating the development of new, safer, and more effective antileishmanial compounds. Usnic acid, a secondary metabolite found in lichens, has shown promising wound healing and leishmanicidal properties. This study aimed to evaluate the in vitro efficacy of new gelatin membranes containing usnic acid-loaded liposomes (UAL) as a therapeutic agent against Leishmania braziliensis . Parasitic viability was assessed by directly counting parasites after exposure to the treatment. A significant and irreversible reduction in parasitic viability was observed in the group treated with usnic acid at a concentration of 0.8 µg/mL. UAL was not cytotoxic to macrophages and fibroblasts. Furthermore, treating human macrophages infected with L. braziliensis with UAL reduced the number of intracellular amastigotes and the viability of promastigotes. These findings suggest that UAL is a viable candidate for further investigation as a therapeutic treatment for L. braziliensis infection.",10.1007/s44337-025-00228-6,Exploração Mineral Sustentável,minerais críticos
"First Record Of Cannibalism In The Red-Finger Rubble Crab Eriphia Gonagra (fabricius, 1781) (decapoda, Eriphidae) In A Natural Environment","Cannibalism is considered a natural intraspecific interaction, being a response of organisms to available food resources, or in other cases, associated with high levels of environmental stress. The red-finger rubble crab Eriphia gonagra is a species found in coastal regions of the Americas, inhabiting meso-intertidal environments, rocky shores, and exhibiting cryptic behavior. Its feeding habits are opportunistic and diversified, associated with the availability of local resources. The aim of this study is to report the first occurrence of cannibalism in E. gonagra in the natural environment. The report occurred in Northeastern Brazil ecoregion, during a nocturnal observation at low tide in April 2023. Local anthropization, the presence of endoparasites, or a density-dependent relationship of E. gonagra in relation to resource availability may have led to this uncommon behavior for the species.",10.1007/s44338-025-00106-6,Exploração Mineral Sustentável,
Genetic Parameters For A Composite Trait Of Congenital Testicular Defects In Nellore Cattle,"Congenital defects of the male reproductive system can impair fertility and reduce the breeding potential of Bos taurus indicus cattle; however, individual defects occur at low frequencies in commercial populations. This study aimed to estimated genetic parameters for testicular defects in Nellore bulls, by grouping these abnormalities into a single, ordered categorical trait reflecting a continuum of reproductive soundness. Phenotypic records for cryptorchidism, testicular hypoplasia, monorchidism, and testicular asymmetry were obtained from the DeltaGen ® breeding program (1999–2023), comprising 50,205 phenotyped animals and 24,562 genotyped individuals. Due to the low incidence of each defect (0.38–2.80%), all abnormalities were combined into a single ordered categorical trait. Variance components were estimated using a single-step threshold animal model under a Bayesian framework implemented in GIBBSF90+. On the liability scale, the additive genetic variance (σ²ₐ) was 0.54 and the residual variance (σ²ₑ) was 1.11, yielding a heritability estimate of 0.33. When converted to the observed scale, heritability decreased to 0.07 due to unequal class frequencies. These results indicate that congenital testicular defects have a moderate genetic component but are strongly influenced by environmental and developmental factors. Although their low incidence limits immediate selection gains, consistent recording and genotyping of affected animals can enhance the precision of genetic evaluations and support long-term strategies for improving reproductive soundness in Nellore cattle.",10.1007/s44338-026-00203-0,Exploração Mineral Sustentável,minerais críticos; metais prioritários para a transição energética
Treatment Response In Chronic Urticaria: Analysis Of Clinical And Laboratory Predictors,"BACKGROUND: Chronic urticaria (CU) compromises quality of life, requiring escalated treatment with second-generation H1 antihistamines, omalizumab, and, in refractory cases, cyclosporine. Predictors of therapeutic response are not yet well established. OBJECTIVE: To evaluate clinical and laboratory factors associated with treatment response in patients with CU. METHODS: Cross-sectional study of 175 patients with CU followed at the Urticaria Reference Center (UCARE) of Complexo Hospitalar Universitário Professor Edgard Santos (HUPES/UFBA) between 2023 and 2024. Sociodemographic, clinical, and laboratory data were analyzed. Treatment response was assessed using the Urticaria Control Test (UCT), with responders being those with a score ≥12 or Angioedema Control Test (AECT) ≥10. RESULTS: Most patients were female (80.6%), with a mean age of 45.3 years. Chronic spontaneous urticaria (CSU) was predominant (86.3%). Higher body mass index (BMI), early onset, longer disease duration, and psychiatric disorders were associated with poorer response to second-generation H1 antihistamines. Responders to these drugs had shorter disease duration and a lower proportion of women compared to those requiring omalizumab. In omalizumab users, mental disorders remained associated with refractoriness. Total IgE, eosinophils, CRP, ESR, D-dimer, and anti-TPO did not correlate with therapeutic response. STUDY LIMITATIONS: Cross-sectional study and reliance on clinical records, information bias, and selection bias. CONCLUSIONS: High BMI, female gender, early symptom onset, prolonged disease duration, and mental disorders were associated with poorer response to CU treatment. The evaluated laboratory tests did not demonstrate predictive value for treatment response.",10.1016/j.abd.2025.501261,Eficiência Energética,redução do consumo energético em processos produtivos; tecnologias e equipamentos de alta eficiência
Occurrence Of Polycyclic Aromatic Compounds In Guarana (paullinia Cupana) Seeds Subjected To Different Drying Processes,"In this study, the levels of polycyclic aromatic compounds (PACs), such as polycyclic aromatic hydrocarbons (PAHs) and their oxygenated derivatives (oxy-PAHs) were investigated in guarana seeds (Paullinia cupana) subjected to different drying methodologies. An innovative extraction method combined with a miniaturized dispersive solid-phase extraction cleanup procedure was developed for the determination of PACs concentration. Thirteen-eight guarana seed samples subjected to three different drying methodologies (sun drying, greenhouse drying, and alguidar furnace drying) were collected from different rural producers in the South Region of the State of Bahia, Brazil. Principal component analysis and diagnostic ratios were used to evaluate the correlation between samples and the PACs and the main sources of contamination. According to the results, the average concentration of PACs found in sun-dried, greenhouse-dried, and alguidar-dried ranged from 1.30 µg kg−1 (coronene) to 114 µg kg−1 (fluorene), from 0.48 µg kg−1 (dibenzo[a,h]anthracene) to 128 µg kg−1 (fluorene), and from 6.0 µg kg−1 (anthracene) to 422 µg kg−1 (phenanthrene). Oxy-PAHs, such as 1,4-NQ was detected predominantly in sun-dried and greenhouse-dried samples at concentrations ranging from 30.7 µg kg−1 to 83.9 µg kg−1. Low molecular weight PAHs, such as naphthalene, acenaphthylene, and fluorene were found in most of the samples independently of drying methodology. However, high molecular weight PAHs, including the carcinogenic benzo[a]pyrene was found predominately in alguidar-dried samples in concentrations higher than 20 µg kg−1.",10.1016/j.afres.2022.100110,Exploração Mineral Sustentável,redução e aproveitamento de resíduos e rejeitos; extração mineral sustentável
Association Of Physical Activity Levels And Sedentary Behavior With Dynapenia In Older Adults: A Population-Based Study,"ABSTRACT Objective To analyze the association between physical activity (PA) levels—both independently and in combination with sedentary behavior (SB)—and dynapenia in older adults. Methods This was a cross-sectional, population-based epidemiological study involving 459 older adults residing in Alcobaça, Bahia, Brazil. PA and SB were assessed using the International Physical Activity Questionnaire (IPAQ), allowing the classification of participants into four groups: G1) sufficiently active with low SB; G2) sufficiently active with high SB; G3) insufficiently active with low SB; and G4) insufficiently active with high SB. Dynapenia was diagnosed based on handgrip strength, using cut-off points of <27 Kilogram-Force (kgf) for men and <16 Kilogram-Force (kgf) for women. Descriptive statistics (mean and standard deviation) and Poisson regression with robust variance were used to estimate prevalence ratios (PR) and 95% confidence intervals (95% CI), adopting a significance level of 5%. Results The mean age of women and men were 70.2 ± 8.2 years. The overall prevalence of dynapenia was 16%. Older adults in Group G4 showed a significantly higher probability of dynapenia (PR: 2.21; 95% CI: 1.58–3.11) compared to other groups. Conclusion PA was associated with a lower prevalence of dynapenia, whereas SB was significantly associated with an increased risk. Therefore, replacing sedentary time with moderate to vigorous intensity physical activity can contribute to better levels of muscle strength, a relevant component for performing basic and instrumental activities of daily living.",10.1016/j.aggp.2026.100328,Eficiência Energética,redução do consumo energético em processos produtivos; tecnologias e equipamentos de alta eficiência
Relationship Between Genetic Ancestry And Metabolic Syndrome In Community-Dwelling Old Adults,"Genetic ancestry may contribute to ethnic differences in the risk of metabolic disorders. Aging leads to a worse ability for homeostasis maintenance, favoring the establishment of metabolic disorders. This study aimed to evaluate the relationship between the degree of genetic ancestry (European, African, and Amerindian) with the Metabolic Syndrome (MetS) diagnosis and its diagnostic components separately, in community-dwelling old adults. One hundred and sixty-one community-dwelling old adults volunteered in this study. Sociodemographic data and health history were recorded. Venous blood samples were withdrawal for biochemical analysis and DNA extraction aiming to obtain genetic ancestry estimates (Amerindian [AME], European [EUR], and African [AFR]), which was done from 12 loci. MetS diagnosis followed the NCEP-ATPIII criteria. Additionally, the sample was stratified according to the presence or absence of each criterion used for MetS diagnosis (i.e., Type 2 diabetes mellitus (T2DM), hypertension, hypertriglyceridemia, dyslipidemia [low HDL], and central obesity (elevated waist circumference)). Comparisons of genetic ancestry estimates were performed using the Mann-Whitney test, with the significance level set at p < 0.05. The prevalence of MetS was 40.4%. The degree AME, EUR and AFR genetic ancestry was not different between volunteers with or without MetS (p > 0.05). However, AME ancestry was significantly higher among diabetic volunteers (non-diabetics: 13.7% (6.3–35.8) x Diabetics: 26.1% (10.6–48.5); p < 0.05). Community-dwelling old adults with a higher percentage of Amerindian ancestry seem to be prone to T2DM diagnosis.",10.1016/j.amolm.2023.100027,Exploração Mineral Sustentável,
Heritability And Genetic Correlation Of Body Weight And Kleiber Ratio In Limousin And Charolais Beef Cattle Breeds,"Reducing the environmental impact of livestock production is now indispensable and genetic selection can be of great support for this purpose. Measures that can identify high body growth at low maintenance costs in production animals are particularly useful since resources have been increasingly limited. Therefore, the goal of this study was to estimate genetic parameters for BW and Kleiber ratio (KR) in 210-day-old and 365-day-old Charolais and Limousin breeds. A database comprising animals born from 1999 to 2018 was used in a multitrait model applying Bayesian inference. The heritability for BW is high in Charolais (0.39 and 0.42 for BW210 and BW365, respectively) and moderate in Limousin (0.22), indicating possible genetic gains for BW in both breeds. The genetic variability of KR should also allow satisfactory genetic gains. In addition, the genetic correlation between BW and KR ranged from low to moderate. Thus, selection over KR should have no effects on BW, showing that high body growth can be obtained without changes in efficiency.",10.1016/j.animal.2022.100528,Eficiência Energética,redução do consumo energético em processos produtivos; aproveitamento energético de resíduos industriais
"P- 81 Prevalence Of Hev Infection In Hiv Carriers, Patients With Inflammatory Bowel Disease And Cirrhotic Patients","Hepatitis E is a neglected disease in Brazil. Hepatitis E virus (HEV) can cause chronic illness in immunocompromised patients. This study aimed to determine the seroprevalence and prevalence of HEV infection in different populations: HIV carriers, patients with inflammatory bowel disease (IBD) and cirrhotic patients. The study design was cross-sectional. Participants were recruited from the HIV/AIDS and hepatology outpatient clinic and from the hepatology ward of the University Complex Hospital Professor Edgar Santos (HUPES, UFBA). The proposed sample size was 150 HIV carriers, 100 IBD patients and 50 cirrhotic patients (data and samples collection are in progress). Data were collected through interviews and a review of medical records, and a blood sample was collected for the investigation of anti-HEV IgM and IgG antibodies (Wantai), measurement of serum transaminases AST and ALT (Wiener lab) and detection of HEV -RNA (RealStar® HEV RT-PCR Kit 2.0, Altona). To date, 214 volunteers have been recruited, 143 of whom have HIV, 38 have IBD and 33 have cirrhosis. Serological tests were performed on a subgroup of 156 samples, 14 of which were reactive for anti-HEV-IgG (Prev. 9.0%; 95% CI: 5.0-14.6%) and none for anti-HEV-IgM (Prev. 0%). In addition, most participants had ALT and AST liver transaminases within the reference range, 88% and 84%, respectively. The seroprevalence of anti-HEV IgG varied according to the group: 14.3% in cirrhotic patients, 8% in IBD patients and 8.5% in HIV patients. The variables with the greatest positive association (PR greater than 2.00) were: being male and eating pork. Although the data are preliminary, all groups studied were already exposed to HEV. However, no case of current infection was detected. Keywords: hepatitis E, prevalence, HIV, inflammatory bowel disease, cirrhotics. Funding Agencies: Laboratory fee from the Laboratory of Pathology and Molecular Biology (LPBM).",10.1016/j.aohep.2023.100976,Exploração Mineral Sustentável,
"The Inclusion Of Zinc Amino Acid Complex In Nile Tilapia Diets Can Reduce The Dietary Crude Protein Content: Growth Performance, Carcass Composition, Nutrient Retention, And Hematobiochemical Status","This study aimed to evaluate the effects of dietary supplementation with zinc amino acid complex (ZnAA) in reduced crude protein extruded diets for Nile tilapia juveniles. Fish (41.55 g) were fed on a regime of apparent satiety in a randomized design (seven treatments and three repetitions) in 250 L tanks for 63 days. There were two control diets (no ZnAA), which were categorized as positive control (crude protein content of 318.90 g kg −1 , estimated 264.52 g kg −1 of digestible protein) and negative control (low crude protein content of 248.32 g kg −1, estimated 200.90 g kg −1 of digestible protein). Another five experimental diets with mean reduced low crude protein content (243.08 g kg −1 , estimated 196.17 g kg −1 of digestible protein) with 20, 40, 60, 80, and 100 mg ZnAA kg −1 were also tested. Carcass composition, nutrient retention, and zootechnical, hematological, and biochemical responses were evaluated. The negative control, 40, 80, and 100 mg ZnAA kg diet −1 treatments showed similar growth performance to the positive control. Carcass lipid values and nitrogen retention were lower in the positive control. An increase in dietary ZnAA augmented phosphorus concentration and retention and Zn concentration. The Zn retention was higher in the negative control . Plasma glucose levels and plasma and liver aspartate aminotransferase activity were higher in the positive control. Plasma high-density lipoprotein cholesterol levels were lower in the negative control. Total leukocytes were increased in 80 and 100 mg ZnAA kg diet −1 treatments. In conclusion, it is recommended to reduce the crude protein content in Nile tilapia extruded diets from 295 to 264 g kg −1 , incorporating 80 mg ZnAA kg diet −1 , since it can contribute to carcass composition and hematobiochemical parameters without harming the fish growth. • Nile tilapia were fed low crude protein diets supplemented with zinc amino acid complex (ZnAA). • Positive control (high crude protein content and no ZnAA) showed lower nitrogen retention. • 80 and 100 mg ZnAA kg diet −1 showed similar growth to the fish from positive control. • Zinc influenced the phosphorus proportion in the fish carcass. • Total leukocytes were higher in the treatments 80 and 100 mg ZnAA kg diet −1 .",10.1016/j.aqrep.2025.102838,Exploração Mineral Sustentável,minerais críticos; metais prioritários para a transição energética; reciclagem e recuperação de minerais
"Evaluation Of The Use Of Whole Guava (psidium Guajava) Meal Replacing Wheat Bran For Nile Tilapia (oreochromis Niloticus) Diets: Digestibility, Growth, Hematobiochemical, And Intestinal Histology","Wheat ( Triticum aestivum ) is a product widely used in fish feed and can have a high market value, and cheaper ingredients, such as fruit residues, have been researched as alternatives. This study aimed to investigate how whole guava ( Psidium guajava ) meal (WGM) as a substitute for wheat bran (WB) could affect juvenile Nile tilapia ( Oreochromis niloticus ) digestibility, intestinal histology, and growth, hematology, and biochemical (plasma and liver) parameters. The first experiment evaluated the apparent digestibility coefficients (ADC) (crude protein, crude energy, and dry matter) of the test diet (70 % reference diet plus 30 % WGM). Fish (n = 60) were allocated to these two treatments (in triplicate). In the second experiment, fish (n = 300) were distributed in five treatments (in quadruplicate) and were fed for 45 days with graded levels of WGM replacing WB in diets: 0 (control), 50, 100, 150, and 200 g kg −1 . The ADC of WGM was 60 %. As the level of WB replacement by WGM increased, the fish reduced the weight gain, intestinal villus height, hemoglobin, and hepatic aspartate aminotransferase (AST) activity and increased the feed conversion ratio and plasma AST activity. With 200 g kg −1 of substitution of WB by WGM, simple columnar epithelium showed an intense reaction on the cell surface. In conclusion, replacing 50 g kg −1 of WB with WGM is suggested for manufacturing practical diets for Nile tilapia. • Whole guava meal (WGM) replacing wheat bran (WB) reduced nutrient digestibility in Nile tilapia. • WGM inclusion above 50 g kg −1 impaired growth performance and intestinal villus height. • Hematological and metabolic disruptions were observed with the increase of WGM inclusion. • Replacing 50 g kg −1 of wheat bran with WGM maintained growth and health.",10.1016/j.aqrep.2025.103170,"Energias Renováveis, Biomassa e Combustíveis Verdes",aproveitamento energético de resíduos
"Boosting Growth, Health, And Productivity Of Nile Tilapia By Supplementing Artemisia Annua Under Tropical Net Cage Farming Conditions","The rapid global expansion of aquaculture demands innovative strategies to enhance productivity while safeguarding fish health under intensive rearing conditions. This study investigated the effects of dietary supplementation with an alcoholic extract of Artemisia annua (ae-Aa) on growth performance, physiological stress, immune responses, oxidative status, and tissue morphology of Nile tilapia ( Oreochromis niloticus ) cultured in a high-density net-cage system. A 2 × 2 factorial was applied, including two dietary treatments (supplemented, S; non-supplemented, NS) and two feeding periods (30 and 60 days), yielding four experimental groups (S-30, NS-30, S-60, NS-60). Compared with their respective controls, ae-Aa supplementation significantly enhanced survival and growth at both time points (P < 0.05), evidenced by greater weight gain and protein efficiency ratio and a reduced feed conversion ratio. Supplemented fish also showed increased intestinal villus thickness and hepatosomatic index (P < 0.05). Plasma cortisol concentrations were significantly lower in supplemented groups at both sampling periods (P < 0.05). Moreover, ae-Aa supplementation stimulated innate immune responses, reflected by elevated lysozyme activity, plasma protein level, and leukocyte respiratory burst (P < 0.05). Oxidative stress was notably mitigated in supplemented fish (P < 0.05), with reduced lipid peroxidation, enhanced catalase, glutathione peroxidase, and glutathione S-transferase activities, and decreased DNA damage observed at 60 days. In conclusion, dietary ae-Aa supplementation improved growth performance, immune competence, antioxidant capacity, and tissue integrity while alleviating physiological stress in Nile tilapia, supporting its application as a sustainable plant-based feed additive for intensive aquaculture systems.",10.1016/j.aqrep.2026.103514,"Energias Renováveis, Biomassa e Combustíveis Verdes",biomassa
Essential Oil From Elionurus Muticus As An Anesthetic For Nile Tilapia: Evidence Of Ph-Dependent Physiological Responses,"This study evaluated the anesthetic effect of essential oil from Elionurus muticus (EOEM) in Nile tilapia ( Oreochromis niloticus ) under different water pH conditions. Two experiments were conducted. In Experiment 1, fish (25 g) were exposed to EOEM concentrations ranging from 10 to 600 μL L −1 at pHs 5.5, 7.0, and 8.5 to determine induction and recovery times. In Experiment 2, fish (70 g) were transferred from water at pH 7.0 to waters at pHs 5.5, 7.0, or 8.5, anesthetized (600 μL L −1 ) or not, and sampled after 0 and 1 h for hematological and plasma biochemical analyses. The 600 μL L −1 concentration was efficient for anesthesia, with the shortest induction and recovery times at pH 7.0. Acidic and alkaline conditions prolonged recovery. In Experiment 2, after 1 h, unanesthetized fish at pH 5.5 exhibited elevated hemoglobin levels, while anesthetized fish at pH 8.5 had a reduced hematocrit. Leukocyte and heterophil counts were highest at pH 7.0, especially in anesthetized fish. Anesthesia at pH 7.0 reduced plasma total protein and albumin levels. Hyperglycemia was observed in unanesthetized fish at pHs 5.5 and 8.5. Plasma total cholesterol, high-density lipoprotein, and low-density lipoprotein levels were higher in the interaction between anesthesia and pH 8.5. Optimal performance occurred at pH 7.0, followed by pH 5,5, while pH 8.5 increased anesthetic recovery time and hematobiochemical stress.",10.1016/j.aquaculture.2026.744017,Eficiência Energética,redução do consumo energético em processos produtivos; tecnologias e equipamentos de alta eficiência
Interaction Between Insulin Receptor And A Peptide Derived From A Trypsin Inhibitor Purified From Tamarind Seed: An In Silico Screening Of Insulin-Like Peptides,"The aim of this study was to prospect in silico peptides derived from a multifunctional protein and assess their interaction with the insulin receptor (IR). The trypsin inhibitor isolated from tamarind seeds (TTI) was obtained through trypsin-sepharose 4B-CNBr affinity chromatography and subsequently characterized. The TTI underwent in vitro hydrolysis to assess its susceptibility to enzymatic degradation and determine suitable enzymes for cleavage in silico. The theoretical model was established to assess the purified tamarind seed trypsin inhibitor (TTIp 56/287) being cleaved in silico and selected for simulation by molecular dynamics. Among the peptides generated, Peptidetripquimo59 presented the most negative docking score (-175.53) with the IR, indicating strong affinity and stability in complex formation. Significant interaction with the IR was observed for key residues, including arginine 16 (-209.07 kJ mol-1), threonine 1 (-148.54 kJ mol-1), and valine 2 (-94.53 kJ mol-1). Additionally, it was discovered that both insulin and Peptidetripquimo59 exhibit binding to the identical location on the insulin receptor (IR). The results of the semi-empirical approach revealed that Peptidetripquimo59 exhibited greater potential for interaction with the IR compared to other complexes such as the insulin-IR complex, suggesting its candidacy as a starting point for the development of therapeutic agents targeting both type 1 and type 2 Diabetes mellitus.",10.1016/j.arabjc.2024.105780,"Energias Renováveis, Biomassa e Combustíveis Verdes",biomassa
Comorbidities And Sociodemographic Factors As Determinants Of Covid-19 Outcome In Hospitalized Pregnant Women In Brazil,"Introduction SARS-CoV-2 infection during pregnancy causes maternal health complications. Objective To investigate the relationship between comorbidities and sociodemographic factors with COVID-19 outcome (death/healing) among hospitalized pregnant women in Brazil. Methodology A longitudinal study, based on secondary data from the SIVEP Gripe. All hospitalizations of adult pregnant women with COVID-19 were assessed, with a total sample of 16,202 women. The dependent variable was the evolution of COVID-19 hospitalizations (death/healing), and the independent variables were age, ethnicity, gestational trimester, immunization, and comorbidities. R software version 4.3.2 was used to analyze the data. Descriptive statistics, the χ 2 test, and Poisson regression were used. Joinpoint regression analysis was used to assess trends in lethality during the pandemic. Results The median age of the pregnant women assessed was 30 years (P25- 25; P75- 35). Lethality was 7.62% ( n = 1,236), and death was associated with the group of women who did not receive any dose of vaccine in the second trimester of pregnancy, were aged ≥35 years, and had black/brown skin color. The risk of death was higher among unvaccinated women (RR: 4.29; CI: 2.97–6.50), those aged ≥35 years (RR: 1.37; CI: 1.13–1.67), and those with obesity (RR: 2.08; CI: 1.66–2.58). In the temporal analysis , the monthly percentage change (MPC) in lethality was significant in three periods. Conclusion Black ethnicity, obesity, and lack of vaccination were the main factors that increased the risk of death from COVID-19 among pregnant women.",10.1016/j.arcmed.2025.103184,Eficiência Energética,redução do consumo energético em processos produtivos
Application Of Hierarchical Grouping And Machine Learning Models For Classification Of Genotypes Of Nicotiana Tabacum L. With Based On Morphological Characteristics,"The maintenance of the variability of plant genetic resources is important both for conservation purposes and for the expansion of the genetic bases of the species. Machine learning is an additional tool with great potential that has been used in the search for solving various agricultural challenges. In this article we study the genetic divergence between tobacco genotypes by multivariate methods and verify the efficiency of computational algorithms, aiming at the identification of promising genotypes. Through multivariate analyses, three divergent groups were formed. Both approaches had high accuracy in classification. An artificial neural network with a hidden layer containing three neurons obtained an accuracy of 0.98, while the Random Forest accuracy was 0.98 and the decision tree 0.96. These values demonstrate how powerful these tools are and reinforce their use in studies aimed at maintaining the germplasm bank and also in tobacco conservation and genetic improvement programs in the Recôncavo region of Bahia.",10.1016/j.atech.2023.100250,"Energias Renováveis, Biomassa e Combustíveis Verdes",biocombustíveis e combustíveis verdes
Exploiting The Luminous Properties Of Blue-Emitting Silicon Nanoparticles (si-Nps) Derived From Raw Diatomite In Fungal Biosystems,"This manuscript introduces a novel biosystem consisting of filamentous fungi and luminescent silicon nanoparticles (Si-NPs). The microorganisms were cultivated in a nutrient solution containing Si-NPs, acquiring a dense layer of abiotic material. The biohybrid entities were characterized using a combination of microscopy and spectroscopy techniques. Intriguingly, in addition to incorporating Si-NPs into the fungal cell wall, we observed the internalization of these nanoparticles within fungal organelles. Moreover, the apparent crystallite size of the Si-NPs within the fungal biohybrids was notably smaller than that of the synthesized Si-NPs, indicating that, under the cultivation and preparation conditions, microorganisms assimilate smaller Si-NPs more readily than larger ones. Consequently, nanoparticles smaller than 10 nm may permeate the cell wall and be concentrated in vacuoles, as observed by fluorescence microscopy.",10.1016/j.bbiosy.2026.100141,Exploração Mineral Sustentável,minerais críticos; extração mineral sustentável; reciclagem e recuperação de minerais
Opportunities And Challenges In Asian Bee Research And Conservation,"The challenges of bee research in Asia are unique and severe, reflecting different cultures, landscapes, and faunas. Strategies and frameworks developed in North America or Europe may not prove applicable. Virtually none of these species have been assessed by the IUCN and there is a paucity of public data on even the basics of bee distribution. If we do not know the species present, their distribution and threats, we cannot protect them, but our knowledge base is vanishingly small in Asia compared to the rest of the world. To better understand and meet these challenges, this perspective conveys the ideas accumulated over hundreds of years of cumulative study of Asian bees by the authors, including academic, governmental, and other researchers from 13 Asian countries and beyond. We outline the special circumstances of Asian bee research and the current state of affairs, highlight the importance of highly social species as flagships for the lesser-known solitary bees, the dire need for further research for food security, and identify target research areas in need of further study. Finally, we outline a framework via which we will catalyze future research in the region, especially via governmental and other partnerships necessary to effectively conserve species.",10.1016/j.biocon.2023.110173,Exploração Mineral Sustentável,minerais críticos
Morphometric Variation And Fluctuating Asymmetry In Populations Of Closterocerus Coffeellae (ihering) (hymenoptera: Eulophidae) In Different Management And Landscape Of Coffee Agroecosystems,"Closterocerus coffeellae (Hymenoptera: Eulophidae) is a parasitoid of the coffee leaf miner occurring in coffee farms with high selection pressure caused by pesticides and different landscape patterns on the surrounding crops. This work aims to detect morphometric variations and levels of Fluctuating Asymmetry (FA) in the wings of C. coffeellae in coffee farms with a history of insecticide use and different landscape composition in the Planalto region, Bahia, Brazil. Parasitoids originated from six coffee farms in this region. We prepared microscopy slides of the right wings of 30 C. coffeellae females from each population. We determined variations in wing size and shape by geometric morphometry analysis, adding 1 landmark and 9 semi-anatomical landmarks to the wings. The landscape metrics (3 km radius) and levels of spatial dependence for size and AF were calculated using geostatistical analysis. Higher forest cover and edge density in coffee plantations lead to an increase in the wing size of C. coffeellae and reduced wing FA levels. Diversity of the surrounding agricultural land cover in coffee farms and pesticide use reduces wing size and increases levels of FA in coffee farms. The centroid size exhibited strong and moderate aggregation levels across coffee farms. The conservation of C. coffeellae is recommended since the species can be used as a bioproduct against the coffee leaf miner, and as a biocontrol solution for coffee farms. Furthermore, adopting conservative practices of natural vegetation surrounding coffee farms is essential for the parasitoids. It must be included in the coffee leaf miner management, mainly in farms with higher agricultural cropland diversity on surrounding coffee farms and with higher pesticide use.",10.1016/j.biocontrol.2024.105570,Exploração Mineral Sustentável,extração mineral sustentável; reciclagem e recuperação de minerais
Evaluating A Novel Helical Screw Torrefaction Reactor: A Proppaga-Based Benchmarking Of Continuous Biomass Torrefaction Technologies,"The development of efficient biomass torrefaction technologies is essential to advancing the global bioeconomy. In this study, the PrOPPAGA multi-criteria decision-making method was applied to benchmark a novel continuous helical screw torrefaction reactor (NHS), developed at the Federal University of Bahia (UFBA), against five established and emerging technologies, including a conventional screw reactor (CSR) baseline. To ensure methodological transparency and robustness, the assessment relied on an expanded panel of ten specialists, whose technical judgments were validated using Kendall’s W and Tau ( τ ) non-parametric statistics. The assessment considered six key operational criteria: product homogeneity, by-product utilization, flexibility, scalability, energy source versatility, and specific energy consumption. Statistical analysis revealed a strong and highly significant consensus among the experts ( W = 0 . 593 , p < 0 . 001 ), identifying specific energy consumption as the dominant decision criterion. Results indicated that the UFBA NHS consistently ranked second overall, significantly outperforming the conventional screw baseline. The cardinalities demonstrate that the implementation of modular heating stages and a hybrid thermal system in the UFBA prototype successfully mitigates the inherent heat transfer limitations of standard auger designs. These findings provide a robust strategic diagnosis, establishing an auditable roadmap for the optimization of decentralized torrefaction systems and highlighting the proposed methodological framework as a powerful tool for mapping technological demands in the bioenergy sector.",10.1016/j.biombioe.2026.109091,"Energias Renováveis, Biomassa e Combustíveis Verdes",biomassa; biorrefino e biorrefinarias; aproveitamento energético de resíduos
Experimental Gasification Of Glycerol-Impregnated Eucalyptus Biomass For Hydrogen-Rich Syngas,"This study presents an experimental investigation of the gasification performance of eucalyptus biomass impregnated with residual glycerol for hydrogen-enriched syngas production. Eucalyptus–residual glycerol mixtures containing 0, 10, and 20 wt% glycerol were gasified in a semi-industrial-scale downdraft reactor (45 kWth) under controlled operating conditions. Physicochemical characterization revealed that glycerol incorporation significantly modified fuel properties, resulting in a substantial increase in volatile matter and heating value. The higher heating value of the mixtures increased by up to 38% compared to raw eucalyptus biomass. Gas chromatography analysis showed that glycerol addition strongly influenced syngas composition. The mixture containing 20 wt% glycerol exhibited the highest hydrogen concentration, corresponding to a 32.90% increase relative to non-impregnated biomass, with a maximum hydrogen content of 22.29% obtained at 811 °C. The results indicate that glycerol impregnation enhances hydrogen-forming reaction pathways, though it is accompanied by variations in energetic performance parameters. The findings demonstrate that residual glycerol, an abundant byproduct of the biodiesel industry, represents a viable additive for modifying biomass gasification behavior and promoting hydrogen-rich syngas production. This approach provides a promising pathway for industrial residue valorization, contributing to waste management, resource efficiency, and sustainable energy generation within the framework of circular bioeconomy strategies. • Novel engineering validation of glycerol-biomass gasification synergy • Residual glycerol impregnation significantly increased eucalyptus heating value. • Hydrogen concentration increased by 32.90% for the 20 wt% glycerol mixture. • Trade-offs between hydrogen enrichment and CGE were identified.",10.1016/j.biombioe.2026.109238,"Energias Renováveis, Biomassa e Combustíveis Verdes",biomassa; biocombustíveis e combustíveis verdes; hidrogênio renovável; aproveitamento energético de resíduos
Ex-Vivo Mucolytic And Anti-Inflammatory Activity Of Bromac In Tracheal Aspirates From Covid-19,"COVID-19 is a lethal disease caused by the pandemic SARS-CoV-2, which continues to be a public health threat. COVID-19 is principally a respiratory disease and is often associated with sputum retention and cytokine storm, for which there are limited therapeutic options. In this regard, we evaluated the use of BromAc®, a combination of Bromelain and Acetylcysteine (NAC). Both drugs present mucolytic effect and have been studied to treat COVID-19. Therefore, we sought to examine the mucolytic and anti-inflammatory effect of BromAc® in tracheal aspirate samples from critically ill COVID-19 patients requiring mechanical ventilation. METHOD: Tracheal aspirate samples from COVID-19 patients were collected following next of kin consent and mucolysis, rheometry and cytokine analysis using Luminex kit was performed. RESULTS: BromAc® displayed a robust mucolytic effect in a dose dependent manner on COVID-19 sputum ex vivo. BromAc® showed anti-inflammatory activity, reducing the action of cytokine storm, chemokines including MIP-1alpha, CXCL8, MIP-1b, MCP-1 and IP-10, and regulatory cytokines IL-5, IL-10, IL-13 IL-1Ra and total reduction for IL-9 compared to NAC alone and control. BromAc® acted on IL-6, demonstrating a reduction in G-CSF and VEGF-D at concentrations of 125 and 250 µg. CONCLUSION: These results indicate robust mucolytic and anti-inflammatory effect of BromAc® ex vivo in tracheal aspirates from critically ill COVID-19 patients, indicating its potential to be further assessed as pharmacological treatment for COVID-19.",10.1016/j.biopha.2022.112753,Eficiência Energética,redução do consumo energético em processos produtivos; tecnologias e equipamentos de alta eficiência
Evolution Of Patients With Chronic Pain Undergoing Standard Treatment: A Prospective Longitudinal Follow-Up Study,"INTRODUCTION: Chronic pain greatly affects quality of life and, consequently, impacts the psychological state, a condition that needs to be addressed. A 30% reduction in pain intensity is clinically significant. The objective of this study was to describe the clinical and psychological aspects of individuals with chronic pain undergoing standard treatment. METHODS: Descriptive longitudinal study involving individuals with chronic pain undergoing treatment at the Pain Outpatient Clinic of the Federal University of Bahia, in Salvador, Bahia, between June 2016 and December 2017. The variables studied were pain intensity, quality of life, sleep disorders, stress level, and the presence of anxiety and depression symptoms. Descriptive statistics were performed, and Student's t-test, and Fisher's Chi-Square test were used to compare the groups. RESULTS: We studied 134 individuals with a mean (standard deviation) age of 50 (10) years, 89.6% of whom were female. There was an improvement in quality of life and sleep, anxiety and depressive symptoms, and 58.2% of patients showed a 30% reduction in pain intensity. Among the factors associated with pain reduction, having a partner was a significant factor (73.7% vs. 52.1%; p = 0.030). However, symptoms of anxiety (81.6% vs. 75.0%; p = 0.436), symptoms of depression (63.2% vs. 58.3%; p = 0.718), and stress (92.1% vs. 87.5%; p = 0.846) were not associated with pain reduction. CONCLUSION: This study suggests that multidisciplinary treatment can reduce pain intensity in chronically affected patients, as most patients exhibited a clinically significant response, accompanied by global improvement.",10.1016/j.bjane.2025.844700,Eficiência Energética,redução do consumo energético em processos produtivos; tecnologias e equipamentos de alta eficiência
"Sars-Cov-2 Incidence, Signs And Symptoms And Main Risk Factors For Covid-19 Infection In Health Care Workers: A Hospital-Wide Survey In Salvador, Brazil","BACKGROUND: Brazil is the third country most affected by Coronavirus Disease 2019 (COVID-19) in the world. Health care workers (HCWs) are at higher risk of infection. Despite the increasing numbers of studies on the topic, There are gaps in the knowledge of characteristics and risk factors for infection of HCWS. This information is important to design preventive strategies and to mitigate the disease impact. The objective of this study was to estimate the incidence of severe acute respiratory syndrome coronavirus 2 (SARS-CoV-2) infection, to identify factors associated, and to describe symptoms reported by healthcare workers at a tertiary hospital in Salvador, Brazil. METHODS: All HCWs were evaluated in a cross-sectional study conducted between May and September 2020, using self-administered questionnaires, and screening all participants for SARS-COV-2 IgG and IgM antibodies by rapid tests. Reactive IgG samples were retested by ELISA and IgM-positive test had a saliva sample retest by RT-PCR. Univariate associations were estimated by a non-adjusted incidence proportion ratio. Variables associated with COVID-19 incidence at p < 0.20 were selected for inclusion in a binary logistic regression model. RESULTS: A total of 2083 HCWs were included, mean age 41±10 years, 71.8% women, and 77.8% non-white. Of these, 271 (13.0%) and 25 (1.2%) HCWs tested positive for IgG and IgM SARS-CoV-2 antibodies, respectively, and three had a positive RT-PCR. Ancillary work [Odds Ratio (OR): 4.96], elementary education (OR: 2.91), high school education (OR: 2.89), and catholic religion (OR: 2.16) were associated with an increased likelihood of a positive IgG antibodies against SARS-CoV-2. Anosmia [Incidence Proportion Ratio (IPR): 7.41] and ageusia (IPR:8.51) were the most frequent associated symptoms. CONCLUSION: HCWs with low mean family income, lower level of schooling, ancillary workor being black had a significantly higher likelihood of testing positive for SARS-CoV-2 antibodies. Social vulnerability was an important risk factor for COVID-19 infection.",10.1016/j.bjid.2022.102387,Eficiência Energética,redução do consumo energético em processos produtivos
"Mortality In Hospitalized Hiv-Infected Patients In A Referral Center In Bahia, Brazil","The number of people living with HIV / AIDS in the world has increased and, in Salvador, Brazil, the mortality rate is above the state and national rates. This study sought to describe the characteristics of HIV patients who died in a referral hospital. This is a retrospective cohort study between 2012 and 2017 conducted at the, Federal University of Bahia´s Hospital, involving patients who died during hospitalization. There were 62 deaths among the 461 hospitalized patients with a predominance of males, blacks, and residents of Salvador. Mean age was 41.4 years. Most patients had at least one associated infection and 13% had a malignant neoplasm. The main reported cause of death was septic shock / HIV-associated infections. About 6.4% had an undetectable viral load and in-hospital survival was longer in this group. The lowest in-hospital survival was seen in patients presenting with pneumonia. Although the HIV / AIDS mortality rate at this center reflects the complexity of the country's epidemiological scenario poor adherence and therapeutic failure play a key role in the risk of death.",10.1016/j.bjid.2022.102716,Eficiência Energética,redução do consumo energético em processos produtivos; tecnologias e equipamentos de alta eficiência
Weight Gain In Patients Starting Dolutegravir-Based Art According To Baseline Cd4 Count After 48 Weeks Of Follow Up,"Excessive weight gain is a current concern among People Living with HIV (PLHIV) starting ART. To evaluate the weight gain after 48-weeks of ART in naive patients, according with baseline CD4 count. PLHIV starting 3TC + TDF + DTG with at least 48-weeks of follow up in two AIDS referral centers were stratified by baseline CD4 count (lower or higher than 200 cells/mm3). Data on CD4 count, HIV viral load, weight/Body Mass Index (BMI), lipids and glucose levels were collected at baseline, 24 and 48 weeks of treatment. For analysis purpose, patients were categorized according to their BMI progression. A total of 270 patients were included in the study. Mean CD4 count were 78.3 ± 61.7 and 536.7 ± 273 cells/mm3 for low and high CD4 count groups, respectively (p < 0.001). Baseline BMI was significantly lower in low CD4 group (21.7 vs. 23.6 Kg/m2, p < 0.001). Patients in low CD4 group gained more weight than those in high CD4 group (11.2 ± 8.5 kg vs. 2.2 ± 4.2 Kg, p = 0.004). Overall weight gain was higher in women, regardless group (13.1 ± 7.9 Kg vs. 1.4 ± 3.6 Kg for women and men, respectively, p < 0.001). The proportion of overweight/obesity significantly increased in low CD4 group. Viral suppression rate was high for both groups. At week 48 the overall proportion of overweight/obesity was like that reported for the Brazilian population. Weight gain in the present study indicates a “return to health” phenomenon. Excessive weight gain was more frequent in women.",10.1016/j.bjid.2023.102807,Eficiência Energética,redução do consumo energético em processos produtivos
"Seroprevalence And Indexes Of Igg Antibodies For Sars-Cov-2 Infection Among People Living With Hiv, Tuberculosis Patients And Healthcare Workers, In Salvador, Brazil","INTRODUCTION: COVID-19 can trigger different clinical presentations in distinct population groups, some of which are considered at higher risk of SARS-CoV-2 infection. Little is known about the susceptibility of certain populations to the infection. OBJECTIVES: We aimed to determine the prevalence of COVID-19 among People Living With HIV/AIDS (PLWH) attending a tertiary public hospital in Salvador, Brazil, patients with active pulmonary tuberculosis and Hospital's Healthcare Workers (HCW), and to compare their SARS-CoV-2 antibody levels. METHODS: In this observational study we included 2294 participants from June 9, 2020 to August 10, 2021. IgG SARS-CoV-2 antibodies from all participants (275 PLWH, 42 with active tuberculosis and 1977 healthcare workers) were measured. Prevalence of COVID-19 and antibodies indexes were compared across groups. RESULTS: We detected a higher prevalence of COVID-19 in patients with active tuberculosis (42.9%) than in PLWH (22.5%) or HCW (11.7%). Previously vaccinated participants with a COVID-19 history had median higher IgG antibody indexes (8.2; IQR: 5.5‒10) than those vaccinated who did not have COVID-19 until the time of this study (4.1; IQR: 1.6‒6.2, p < 0.001). CONCLUSION: Prevalence of previous SARS-CoV-2 infection was higher among tuberculosis patients than that found in HCW and PLWH, but antibodies levels were similar across groups.",10.1016/j.bjid.2023.102811,Eficiência Energética,redução do consumo energético em processos produtivos; tecnologias e equipamentos de alta eficiência
Avaliação Da Atividade Em Biofilme De Acetilcisteína E Acetilcisteína Associada À Bromelina Em Isolados De Acinetobacter Baumannii (kpc Positivo) Nosocomial,"Bactérias da espécie Acinetobacter baumannii são patógenos oportunistas responsáveis por infecções relacionadas à assistência à saúde, principalmente em pacientes imunocomprometidos e que fazem uso de dispositivos médicos invasivos. Frequentemente associadas à formação de biofilme e devido surgimento de espécies multirresistente a antimicrobianos utilizados no tratamento de infecções, este estudo visou buscar novos agentes terapêuticos com atividade antibiofilme em A.baumannii nosocomial (KPC positiva) isolada do ambiente hospitalar previamente pelo grupo de pesquisa. A A. baumannii NCTC™13304 e A. baumannii nosocomial (KPC positiva) foram reativadas em caldo BHI e incubadas em aerobiose a 37°C por 24 horas. A identificação fenotípica e os perfis de resistência foram determinados previamente pelo sistema Vitek 2 e por testes fenotípicos manuais (Kit Carbapenemases-CECON,Brasil). As concentrações de acetilcisteína, bromelina e sua associação, foram determinadas a partir de ensaios de concentração inibitória e bactericida mínima, obtendo como concentrações bacteriostáticas, 250 μg/mL e 125 μg/mL para acetilcisteína, 250 μg/mL; 125 μg/mL e 50 μg/mL para bromelina e 250 μg/mL; 125 μg/mL e 100 μg/mL para a associação de ambos. O ensaio utilizado para a quantificação da biomassa de biofilme foi o de cristal violeta 0,1%. Em uma placa de 96 poços foi adicionada 1 × 108 UFC/mL da suspensão bacteriana, incubou-se por 48 horas a 37°C, posteriormente foram adicionados os tratamentos por 24h, seguido da lavagem, fixação, coloração e solubilização com etanol da biomassa do biofilme. A placa foi lida em um leitor de microplaca a 570 nm. Para a análise estatística foi utilizado o GraphPad Prism8.0. Os resultados apontam que em pelo menos uma concentração os fármacos diminuíram a biomassa do biofilme de A. baumannii quando comparado ao controle sem tratamento. Em A.baumannii nosocomial a concentração de 125 μg/mL das drogas associadas foi capaz de inibir 17% da biomassa e a bromelina a 250 μg/mL teve inibição de 20% em relação ao controle. Para a cepa padrão as concentrações de acetilcisteína a 250 μg/mL conseguiu inibir a biomassa em 20% e quando associado à bromelina, a concentração de 250 μg/mL inibiu 25% da biomassa do biofilme. No presente estudo, as três substâncias apresentaram efeito antibiofilme nos isolados KPC positivos. Outros estudos são necessários para avaliar seu potencial terapêutico em infecções microbianas in vivo.",10.1016/j.bjid.2023.102822,Eficiência Energética,redução do consumo energético em processos produtivos; tecnologias e equipamentos de alta eficiência
"Autochtonal Case Of Chronic, Unifocal, Pulmonary Paracoccidioidomycosis With Methotrexate Use, In Salvador - Brazil","We report an autochthonous case of mild unifocal chronic pulmonary paracoccidioidomycosis in a 48-year-old previously healthy woman with no history of possible environmental exposures in endemic rural areas, supposedly resulting from reactivation of a latent pulmonary focus secondary to the use of methotrexate for the control of Chikungunya arthropathy. Laboratory investigation ruled out other immunosuppression. Her only symptoms were a dry cough and chest pain. Diagnosis confirmed by needle lung biopsy. There were no abnormalities on physical examination nor evidence of central nervous system involvement. MRI of the total abdomen showed no involvement of other organs. Computed chest tomography showed a favorable evolution under the use of itraconazole (200 mg/day). Different tomographic presentations findings are highlighted when performed before and after treatment. CONCLUSIONS: PCM should be considered even in a woman without a history of consistent environmental exposure and in a non-endemic geographic area.",10.1016/j.bjid.2024.103768,Exploração Mineral Sustentável,
Temporomandibular Disorders In Patients With Hiv: A Cross-Sectional Study,"Untreated HIV infection leads to severe immunodeficiency and can be associated with an accelerated aging process and a higher prevalence of frailty. Systemic changes are known to cause greater oral manifestations and decreased orofacial function. However, there is no investigation on Temporomandibular Disorders (TMD) in this population. This study aims to assess the prevalence of TMD in individuals living with HIV/AIDS. This cross-sectional study included HIV patients, with undetectable plasma viral load, under follow-up in the infectious disease's outpatient clinic at the Federal University of Bahia hospital. We recorded socio-demographic data, Fried's frailty criteria, Research Diagnostic Criteria for Temporomandibular Disorder, and Beck's Depression Inventory (BDI) through the application of structured questionnaires and extra-oral examination findings. Data analysis was conducted on SPSS-v18. The sample consisted of 198 patients. The prevalence of TMD was (33.8 %), most affecting females (46.6 %). Difficulty in opening the mouth and parafunctional habits were the main symptoms of the disease, as well as functional limitations. The mean of the BDI score was higher in TMD group than in those without TMD (11.01 ± 8.61 vs. 7.60 ± 7.52 valor de p = 0.004). Logistic regression showed an association between sex (OR=2.305, 95 % CI 1.243‒4.275) and depression (OR = 1.045, 95 % CI 1.005‒1.087) and TMD in HIV patients. The present study observed the prevalence of symptoms associated with TMD as difficulty opening the mouth, muscle fatigue, and joint noises in patients with chronic HIV and associated with depression. Highlights the importance of a broader view of the health of individuals living with HIV.",10.1016/j.bjid.2024.103769,Eficiência Energética,redução do consumo energético em processos produtivos
"Neurological Manifestations Of Acute Sars-Cov-2 Infection In A Reference Hospital In Bahia, Brazil","BACKGROUND: Neurologic manifestations of Coronavirus Disease-19 (COVID-19) have been associated with patients' disease severity and outcome. This study aimed to describe the frequency and characteristics of the neurological manifestations in a group of hospitalized individuals with COVID-19 and their associations with patient outcomes. METHODS: Patients aged 18 years or older admitted to a local hospital between April and June 2020 with SARS-CoV-2 detected by RT-PCR were included in this retrospective observational study. The characteristics of participants were collected from electronic medical records using a structured questionnaire. A Poisson regression model was used to examine the influence of neurological manifestations on mortality. RESULTS: A total of 305 participants with COVID-19 were included, with 57.7 % of them presenting neurological symptoms. There were 62 (20.3 %) individuals with acute encephalopathy, with a mean age of 65.5 ± 15.9 years. In this group, higher Prevalence Ratios (PR) of comorbidities (1.6) and severe disease (3.6) were present, predisposing factors for acute encephalopathy. They were also more likely to be admitted to the intensive care unit (3.1) and to die (2.4). The median Neutrophil-Lymphocyte Ratio (NLR) was 7 (Interquartile Range [IQR: 4‒12]). Fifty-two (17 %) participants presented chemosensory dysfunction, with a mean age 53.3 ± 14 years and a lower PR of comorbidity (0.8) than those without. The severe diseases' PR was slightly higher (1.1), but the PR of ICU admission (0.7), and deaths (0.4) was lower. The LNR was 3.8 (IQR: 2.2-7.8). Poisson regression analysis revealed that severe illness (PR = 3.13), cardiopathy (PR = 1.65), acute encephalopathy (PR = 1.49), diabetes (PR = 1.46), and neutrophil-lymphocyte ratio (PR = 1.04) were associated with death. Conversely, having chemosensory disorders (PR = 0.44) and a prolonged hospital stay (PR = 0.96) were associated with survival. CONCLUSION: Patients with acute encephalopathy had more severe forms of COVID-19 and higher mortality. In contrast, chemosensory dysfunction was associated with milder disease manifestations and a better prognosis.",10.1016/j.bjid.2025.104542,Eficiência Energética,redução do consumo energético em processos produtivos; tecnologias e equipamentos de alta eficiência
Functional Performance Of Patients Submitted To Cardiac Surgery With Different Levels Of Sleep Quality: An Observational Study,"OBJECTIVE: To describe pulmonary function, muscle strength and functional performance in the different qualities of sleep and the impact of this on the number of physiotherapeutic assistances. METHODS: This is an observational study. In the pre and post operative period, sleep behavior was evaluated using the Pittsburgh questionnaire. Patients were divided into three groups: Good Sleep Quality (GSQ), Poor Sleep Quality (PSQ) and Sleep Disordered (SDB). At this time, other tests were also performed, such as: 6-Minute Walk Test (6MWT), Sit and Stand Test (SST), gait speed test and Timed Up to Go (TUG), Medical Research Council (MRC), maximal inspiratory pressure and maximal expiratory, vital capacity and peak expiratory flow. The functional performance and lung function of each group were compared. RESULTS: A total of 105 people, undergoing cardiac surgery and admitted to hospital were evaluated, 33 with GSQ, 41 with PSQ and 31 with SD. Patients who were in the SDB group had a lower functional performance than the other groups. 6MWT (meters) in the GSQ was 499 ± 87, versus 487 ± 91 in the PSQ and 430 ± 78 in the SD (p = 0.02). In the SST (seconds) it was 10.4 ± 1.1 in the GQS, 11.1 ± 2.3 in the PSQ and 15.4 ± 2.1 in the SD (p = 0.04). Lung function and muscle strength did not differ between groups. Regarding the refusal to perform physical therapy, the SD group was more incident, the main reason being drowsiness. CONCLUSION: Based on the results, we found that sleep quality interferes with functional performance and physical therapy assistance during the hospital stay in patients undergoing cardiac surgery.",10.1016/j.bjorl.2024.101497,Eficiência Energética,redução do consumo energético em processos produtivos; tecnologias e equipamentos de alta eficiência
Rhinosinusitis: Evidence And Experience - 2024,"It has been 10-years since the publication of Rhinosinusitis: evidence and experience, and since then a lot has changed in our understanding of the disease. Advances in pathophysiology, endotyping and new treatments such as biologics brought a new era in the management of our patients. This new guideline, developed jointly by ABR and ABORL-CCF, with the help of ASBAI presents an updated, evidence-based approach to the different forms of rhinosinusitis that aims to improve the diagnosis and treatment of this complex disease. The document covers a wide range of topics, including clear definitions of the different stages of acute sinusitis. It also introduces a new term called Prolonged Acute Viral Rhinosinusitis. Reviews phenotypes and endotypes of chronic rhinosinusitis, recommending methods for clinical and laboratory investigation, clinical and surgical treatment. We also discuss in detail fungal sinusitis and pediatric sinusitis. The objective of this updated Consensus is to clarify some already established and recent concepts, highlighting the importance of an accurate diagnosis to promote treatment approaches that reflect the best practices based on solid evidence. Therefore, we seek not only to improve the results of patients care, but also to guide thealth professionals through a clinical panorama that is in constant transformation.",10.1016/j.bjorl.2025.101595,Eficiência Energética,redução do consumo energético em processos produtivos; tecnologias e equipamentos de alta eficiência
Hidden Patterns In Human Balance: A Novel Nonlinear Approach To Understanding Age-Related Changes Via Head Trajectories,"Deterioration of postural control with age increases fall risk. Linear measures provide insights into balance changes, but nonlinear dynamics may better capture subtle alterations from complex control processes. This study compared novel nonlinear balance measures with established ones, analyzing young and older adults during single- and dual-task conditions. Twenty-two healthy young adults (23.4 ± 5.6 years) and 23 older adults (64.04 ± 7.18 years) were enrolled. Head motion was recorded using an optoelectronic system while participants maintained quiet standing under single-task and dual-task (verbal fluency) conditions. Nonlinear analysis based on movement element decomposition (MED) was performed on the motion tracking data. Specifically, the velocity time series of head motion was decomposed into one-dimensional sub-movements at zero crossings. Specific features of these sub-movements were then extracted. Additionally, linear and nonlinear metrics from the literature were computed. Features from movement decomposition differentiated young and older adults, as well as single- and dual-task conditions. These measures were more sensitive during dual tasks compared to standard metrics. Cognitive and aging effects were also distinguished within the MED variable set. Overall, these results highlight that movement element decomposition can yield sensitive metrics for detecting age and task-related balance effects. This approach may enhance our understanding of balance disorders and lead to novel, personalized interventions.",10.1016/j.bspc.2026.110099,Eficiência Energética,redução do consumo energético em processos produtivos; tecnologias e equipamentos de alta eficiência
"Existence, Uniqueness, And Numerical Approximation Of Solutions Of A Nonlinear Functional Integral Equation","A general nonlinear functional integral equation has been studied. The considered equation is of Fredholm type and includes some well-known integral or functional equations, as special cases. By assuming some smoothness conditions on the functions in the equation, we prove the existence and uniqueness of the solution by means of a fixed point method. Then, we apply the so-called Nyström method in order to approximate the solution, which leads to a system of nonlinear algebraic equations. In the next step, the Picard iteration method is utilized for approximating the solution of the resulting system of nonlinear algebraic equations. The convergence of the numerical scheme is proved, its computational complexity is computed and finally some illustrative examples are included to demonstrate the efficiency and applicability of the technique.",10.1016/j.cam.2023.115602,Eficiência Energética,tecnologias e equipamentos de alta eficiência; redução do consumo energético em processos produtivos
Impact Of Ionic Liquid s Cation Alkyl Chain Length And Reaction Time On Cellulose Nanocrystals Preparation,"Traditional methods to obtain nanocellulose crystals typically involve mechanical and chemical processes and develop an improved process in terms of efficiency, sustainability, and the quality of CNCs produced are interesting. In this sense, we aimed to prepare cellulose nanocrystals (CNCs) from the hydrolysis of microcrystalline cellulose using protic ionic liquids (PILs), named 3-diethylamino-propylammonium hexanoate ([DEAPA][Hex]), 3-dimethylamino- 1-propylammonium hexanoate ([DMAPA][Hex]), and propylammonium hexanoate ([PA][Hex]) at different reaction times. The PILs demonstrated efficiency in producing cellulose nanocrystals, regardless of the cation size and reaction times. However, as expected the properties of the CNCs varied depending on the studied condition. The highest yield was observed in DMAPA[Hex], with a 34% conversion. Crystalline indices decreased independent of the cation sizes and reaction times. Thermal stabilities were shifted to higher temperatures up to 92 ºC probably due to PILs cation sizes. In contrast, increasing reaction times decreased nanocrystals’ thermal stabilities up to 51ºC. So, protic ionic liquids (PILs) can be considered more environmentally friendly or sustainable solvents compared to traditional organic solvents for preparing cellulose nanocrystals. In the present work, it is reported an alternative method for obtaining CNCs and additionally provide the best preparation conditions for achieving important properties of this nanomaterial, with the potential for various applications.",10.1016/j.carpta.2023.100390,"Energias Renováveis, Biomassa e Combustíveis Verdes",biomassa; biorrefino e biorrefinarias
Tritrpticin Interaction With Chemically Modified Graphene Oxide Paste Electrode For Antimicrobial And Biocompatibility Activity Control,"An efficient strategy was developed for the preparation of chemically modified carbon paste electrodes (CPE) using graphene oxide (GO) to promote the desired interaction of the antimicrobial Peptide Tritrpticin (TRP3) with them. This interaction was chosen considering the important study on the biological antimicrobial activity and the remarkable sensory capacity of GO and TRP3. The interaction of the chemically modified electrode, graphene oxide associated with tripticin (GOTRP3), was characterized by FTIR and electrochemical techniques, including cyclic voltammetry (CV) and electrochemical impedance spectroscopy (EIS). FTIR analysis revealed changes in the GO and GOTRP3 samples and exhibited bands corresponding to functional polar groups and C-N stretching mode. The CV results confirmed that the GO samples facilitated the interaction of TRP3 with the CPE by promoting the adsorption of TRP3 at its oxidized defect sites. In the presence of potassium ferricyanide, the oxidation peak potential showed a negative shift of 20mV, indicating facilitated electron transfer between GO and TRP3. EIS measurements evidenced the interaction of TRP3 with GO and showed a lower electron transfer resistance, which was evident in the almost linear part of the Nyquist plot compared to the CPE samples. In addition, UV/VIS spectrophotometry was performed to analyze the antimicrobial activity of TRP3 and TRP3GO in vitro with the interaction of Enterococcus faecalis (ATCC 31299). The method used was agar Mueller-Hinton. The results showed that GO TRP3 inhibited the antimicrobial activity of ATCC 31299 in the center of the gentamicin probe by 16.96% more than TRP3 after 24 hours of incubation. The potential of GOTRP3 to inhibit antimicrobial activity increased to 27.4% after 48 hours. The biocompatibility and antimicrobial properties of graphene oxide and tritrpticin were studied. GO and TRP3 were found to have low toxicity. GOTRP3 showed cell viability above 80% at all concentrations, suggesting that GO acts as a controlled release system for TRP3. Statistical analysis confirmed significant differences between concentrations for cell viability, reinforcing a dose-dependent profile for TRP3 and GO separately, but not for GOTRP3. This suggests that GOTRP3 is biocompatible and has potential for biomedical applications, exhibiting enhanced antimicrobial effects while maintaining cellular safety.",10.1016/j.cartre.2026.100640,Exploração Mineral Sustentável,minerais críticos; metais prioritários para a transição energética
Warming-Induced Microplastic Accumulation And Physiological Toxicity In Fiddler Crabs,", size 53-63 μm) at three different temperatures (24, 27, and 30 °C). Physiological responses were assessed by measuring oxygen consumption and evaluating the biochemical activities of superoxide dismutase (SOD), catalase (CAT), and glutathione peroxidase (GPX) alongside lipid peroxidation (LPO) in the gills and hepatopancreas. MP bioaccumulation was quantified in the gills, digestive tract, and muscles. Our findings revealed that MP bioaccumulation was highest in the gills, followed by the digestive tract and muscles. Notably, elevated temperatures (30 °C) suppressed MP accumulation. At 30 °C, MP-exposed crabs showed increased oxygen consumption, while at 27 °C, SOD and GPx activities were elevated. In contrast, in MP-exposed crabs, catalase activity and LPO levels decreased at 30 °C. Overall, the combined effects of MP exposure and temperature-induced stress exacerbated physiological toxicity in Minuca rapax, underscoring the importance of considering multiple environmental stressors when evaluating the impacts of MP contamination.",10.1016/j.cbpc.2025.110142,Exploração Mineral Sustentável,redução e aproveitamento de resíduos e rejeitos
The Impact Of A Potassium-Enriched Salt Substitute On Blood Pressure Control In Patients With Resistant Arterial Hypertension: A Randomized Pilot Trial,"BACKGROUND: Dietary sodium reduction and potassium enrichment are recommended non-pharmacological strategies for blood pressure (BP) control; however, randomized evidence evaluating potassium-enriched salt substitutes specifically in patients with resistant arterial hypertension (RAH) remains limited. METHODS: We conducted a randomized, double-blind, controlled pilot trial including adults with RAH. Participants were assigned to receive either a potassium-enriched salt substitute (approximately 50% sodium chloride and 50% potassium chloride) or regular salt for 24 weeks. The primary outcome was the between-group difference in change in 24-h systolic BP assessed by ambulatory blood pressure monitoring (ABPM). The primary analyses used an available-case approach (completers) to prioritize analytical rigor, with intention-to-treat and sensitivity analyses assessing robustness. Between-group comparisons were utilized to control for regression to the mean and white-coat variability. RESULTS: Among 60 randomized participants, 49 completed valid baseline and follow-up ABPM assessments (23 intervention, 26 control). At 24 weeks, patients assigned to potassium-enriched salt exhibited a directionally greater reduction in 24-h systolic blood pressure compared with the control group, resulting in a between-group difference of -2.47 mmHg (95% CI -4.93 to 0.00; P = 0.05). A similar directional pattern was observed for diastolic blood pressure. Office blood pressure measurements showed greater variability and less consistent between-group differences over time. Urinary potassium excretion increased in the intervention group, whereas changes in urinary sodium excretion were modest. No cases of clinically relevant hyperkalemia or serious adverse events were observed. CONCLUSIONS: In this randomized pilot trial, the use of a potassium-enriched salt substitute was safe and associated with modest, directionally greater reductions in ambulatory BP compared with regular salt in patients with RAH. These findings support the feasibility and safety of potassium-enriched salt substitution as a pragmatic adjunctive strategy for blood pressure management in patients with resistant hypertension.",10.1016/j.cct.2026.108230,Eficiência Energética,redução do consumo energético em processos produtivos; tecnologias e equipamentos de alta eficiência
Thermodynamic Modelling Of The Partitioning Of Lysozyme In Aqueous Two-Phase Systems Composed Of Polyethylene Glycol And Salt At Different Temperatures,"Knowledge about the interactions during the protein transfer is necessary to optimize the application of aqueous two-phase systems (ATPS) in purification processes. Theoretical knowledge combined with modelling and simulation can help to select the systems with the best partition values. Therefore, this study aimed to determine new interaction parameters through the contribution groups of lysozyme, using UNIFAC (Universal Functional Activity Coefficient) modelling. First, the partition of lysozyme was carried out, and the polymer molar mass (4000 or 6000), and the effects of the type of salt (Na2SO4 or Na3C6H5O7), the overall composition of the system (3 mooring lines), and temperature T = (293.15, 298.15, 303.15 and 308.15) K were evaluated. The results showed that lysozyme had a preference for the bottom phase of the ATPS system, the increase in the overall composition led to a tendency of increasing the partition coefficient (Kp), and the systems made up of higher molar mass polymers exhibited a bottom Kp value. The results of the thermodynamic parameters showed that the transfer of lysozyme in the phases was governed by entropy contribution. New interaction parameters of the contribution groups of lysozyme in the system phases were estimated. The UNIFAC model showed low deviation values. Therefore, the present results allow estimating new partitioning data for proteins presenting the same contribution groups, which can reduce the number of experiments and optimize the partitioning process.",10.1016/j.ceja.2023.100556,"Energias Renováveis, Biomassa e Combustíveis Verdes",biocombustíveis e combustíveis verdes
Linking Geometric And Electronic Descriptors Of Aromaticity In Cyclic Hydrogen-Bonded Chains: A Synergetic Approach Using The Homia And Q2 (descriptors),"The aromatic character of H-bonded systems is explored by comparing two new descriptors: The structural harmonic oscillator model of intermolecular aromaticity (HOMIA) and the Q 2 -based descriptors derived from the electric quadrupole Q 2 tensor components obtained from the distributed multipole analysis (DMA) expansion. When applying them to cyclic (HCN) n and (HNC) n chains, these descriptors reveal a polynomial relationship between geometric and electronic anisotropy, as characterized by each type of descriptor. The Q 2 , zz descriptor yields results consistent with a pseudo-π character, suggesting a potential out-of-plane delocalization analogous to π-systems, despite the presence of only σ-type H-bonds in the investigated systems. This cooperative delocalization shows that the HOMIA and Q 2 descriptors are sensitive tools for characterizing nonconventional aromaticity character in H-bonded rings.",10.1016/j.chemphys.2026.113309,Exploração Mineral Sustentável,prospecção e caracterização mineral; extração mineral sustentável; processamento mineral
Connecting The Dots Between Asthma Control And Frailty In Older Adults With Moderate To Severe Asthma,"the Editor:Frailty is a multidimensional syndrome characterized by cumulative multisystemic functional decline.Older adults with asthma are particularly vulnerable to frailty due to epigenetic and inflammatory immunosenescence-related changes.Frailty heavily burdens patients, increasing mortality, fall risk, and hospitalizations in later life. 1 We investigated the association between frailty and asthma control in older adults with asthma. MethodsWe conducted a cross-sectional study between January 2020 and November 2021 involving ambulatory older adults with moderate to severe asthma treated at the Programa de Controle da Asma in Salvador, Brazil.Participants aged $ 60 years who were diagnosed with asthma according to the Global Initiative for Asthma 2019 criteria 2 and agreed to participate were consecutively enrolled.Defining an older person as someone aged $ 60 years of age aligns with local realities and the World Health Organization's definition of older adults.Exclusion criteria included recent asthma exacerbation within the last 4 weeks, a tobacco use history of > 10 pack-years, and the presence of other pulmonary or extrapulmonary diseases that could interfere with asthma evaluation.All patients signed informed consent, and the local institutional review board approved the study (CAAE: 3.505.830-07/29/2019).The study protocol has been previously published and can be accessed for further details. 3 Data CollectionAsthma control was evaluated using the 6-domain Asthma Control Questionnaire (ACQ-6).The primary endpoint was frailty, assessed by the Fried frailty phenotype. 4Frailty was categorized based on the domains affected: $ 3 domains defined frailty, 1 or 2 domains indicated prefrailty, and the absence of any criteria classified participants as robust.",10.1016/j.chpulm.2025.100147,Eficiência Energética,redução do consumo energético em processos produtivos; tecnologias e equipamentos de alta eficiência
Development Of Eco-Friendly Ceramic Tiles Incorporating Sugarcane Bagasse Ash,"Industrial waste has become one of the most serious problems facing society. Its improper disposal leads to environmental degradation and contamination of water sources and soil. However, this waste can also contribute to a more environmentally friendly brick industry, as the incorporation of fluxing improves the firing process and reduces the thermal conductivity of fired bricks by reducing the induced porosity. The aim of this work is to use sugarcane bagasse ash residue as an alternative low-cost additive in proportions of up to 10 % by mass together with a local raw material used in the production of ceramic tile type BIIb. The samples were analyzed individually via analytical techniques to describe their physicochemical properties and the microstructural characteristics of porosity and densification. The characterization results revealed that the clay consisted mainly of the minerals quartz (51.7 %), muscovite (13.9 %), feldspar (9.8 %), hematite (5.8 %) and calcite (2.7 %) and the clay minerals montmorillonite (4.8 %) and kaolinite (10.6 %), whereas the residue consisted entirely of quartz (72.9 %) and cristobalite (27.0 %). The incorporation of sugarcane bagasse ash residues into the clay used in the production of ceramic tiles up to 10 % by weight does not compromise the properties of the final product (type BIIa, BIIb and BIII), in addition to resulting in a more sustainable and economical process for the industry, providing excellent technical properties in terms of strength, linear shrinkage and water absorption, because this result was achieved only when fluxes in the natural clay mass used in porcelain tile were replaced. These results will help minimize the cost of the final disposal of waste from the ceramics sector, reduce the environmental impact and increase the value of ceramic tiles as sustainable byproducts.",10.1016/j.clay.2025.107919,"Energias Renováveis, Biomassa e Combustíveis Verdes",aproveitamento energético de resíduos
Hiv-1/htlv-1 Coinfection Drives Coordinated Adaptive And Innate Immune Dysregulation Associated With Increased Risk Of Disease Progression: A Pilot Exploratory Study,"Human Immunodeficiency Virus type 1 (HIV-1) and Human T-cell Lymphotropic Virus type 1 (HTLV-1) coinfection is associated with persistent immune activation and disease progression. We performed a cross-sectional immunophenotypic analysis of peripheral blood samples from HIV-1 monoinfected (n=15), HTLV-1 monoinfected (n=14), HIV-1/HTLV-1 coinfected (n=15), and healthy individuals (n=20) using multiparameter flow cytometry. HIV-infected and coinfected individuals exhibited marked CD4+ T-cell depletion, increased activation and exhaustion of CD4+ and CD8+ lymphocytes, expansion of circulating plasmablasts, and a shift toward inflammatory non-classical monocytes. HIV viral load correlated positively with T-cell exhaustion, plasmablast expansion, and inflammatory monocyte frequencies, whereas longer duration since HTLV-1 diagnosis was associated with progressive immune remodeling. Despite these alterations, HIV viral load did not differ significantly between mono-infected and coinfected individuals. These findings identify immune exhaustion and inflammatory biomarkers as potential indicators of disease progression and provide pilot evidence of coordinated adaptive and innate immune dysregulation during HIV-1/HTLV-1 coinfection.",10.1016/j.clicom.2026.100136,Eficiência Energética,redução do consumo energético em processos produtivos
"Age Trumps Metabolism: No Independent Association Between Lipids, Statins, And Prostate Enlargement In A Metabolically Controlled Cohort","OBJECTIVE: To evaluate the association between lipid profile, statin use, metabolic syndrome, and clinic. Prostate Enlargement (PE) in adult men attending a urology outpatient clinic. METHODS: A cross-sectional study was conducted among 1117 men aged 40-years or older. Prostate volume was measured by ultrasonography; a volume ≥ 40 mL was considered the threshold for enlargement. Independent variables included lipid fractions, prescription-based statin use, and components of metabolic syndrome. Multivariate logistic regression models were applied, adjusted for age, hypertension, and medication exposure. RESULTS: The median age was 63-years (IQR: 55-71), and the median prostate volume was 34.0 mL (IQR: 26.0-48.0). Statin use was identified in 36.5% of the sample, and the prevalence of PE was 38.9%. Age was the only factor independently associated with PE (OR = 1.07; 95% CI: 1.05-1.09; p < 0.001). Metabolic syndrome was associated with PE in crude analysis; however, this association lost statistical significance after adjustment for potential confounders. CONCLUSION: Age was the only independent determinant of prostate enlargement in this metabolically controlled cohort. Lipid parameters and prescription-based statin use showed no adjusted association with prostate volume; however, the lack of detailed statin exposure data warrants cautious interpretation of these findings.",10.1016/j.clinsp.2026.100939,Exploração Mineral Sustentável,
Temporal Trend Of Syphilis In Pregnancy And Congenital Syphilis By Race,"OBJECTIVE: to analyze the temporal trend in the incidence rate of syphilis during pregnancy and congenital syphilis in São Paulo between 2012 and 2021, according to race. A key focus of this analysis is to understand and highlight any racial differences in the incidence of syphilis. METHODOLOGY: This ecological study used data from the Notifiable Diseases Information System (SINAN) and the Live Births Information System (SINASC). The incidence rate was calculated by dividing the number of cases by the number of live births. The independent variables were 2012 to 2021 and race (White, Black, East Asian, Indigenous). Trends were analyzed using linear regression with the Prais-Winsten correction at the 5% significance level. RESULTS: The findings reveal an increase in syphilis incidence during pregnancy and in congenital syphilis in São Paulo, with a disproportionate impact on the Black population. Among the White pregnant population, the Annual Percentage Change (APC) was 17.84% (p < 0.005), while among the Black pregnant population, it was 16.86% (p < 0.005). For congenital syphilis, the incidence among White newborns rose with an APC of 7.6% (p < 0.005), while in the Black population it rose by 6.17% (p < 0.005). CONCLUSION: In 2021, the number of cases among the Black population was 1.9-times higher than among the White population, underscoring persistent racial disparities and reinforcing the urgent need for equity-driven policies to prevent vertical transmission and control syphilis.",10.1016/j.clinsp.2026.101024,Eficiência Energética,redução do consumo energético em processos produtivos
"Recycling Diatomaceous Earth Waste: Assessing Its Physicochemical Features, Recovery Techniques, Applications, Viability And Market Opportunities","Diatomaceous earth (DE) is widely used in industrial filtration processes, such as in beer, wine, and oil refining, producing significant amounts of diatomaceous earth waste (DEW) as a byproduct. DEW has been explored for various recycling applications, including adsorbents, filters, insecticides, and as a raw material for hydraulic and alkali-activated binders and clay-based ceramics. Despite its potential, the recycling process for DEW remains underdeveloped. This article presents a comprehensive review of the technological, economic, and environmental aspects of DEW recycling, including risk classification by regulatory agencies, alternative recovery methods, and potential pathways for recycling into various products. Given the limited data on DEW generation, an estimation of Brazil’s DEW output is also provided. The recycling potential of DEW is critically assessed through the CPQvA methodology, which follows a structured sequence of analysis: (i) classification (legislation and standards), (ii) potentiality (physical and chemical properties), (iii) quantity and viability (production and disposal concerns), and (iv) application possibilities based on existing literature. To critically analyze the potentiality of DEW, experimental results are also presented for DEW from a Brazilian brewery and compared with global samples. This includes comprehensive chemical, physical, and thermal analyses. Additionally, thermal treatments at 400 °C, 500 °C, and 1000 °C were applied to investigate the removal of volatile compounds and the restoration of its original properties. The results are in-depth discussed and compared with DEW and raw DE data from the literature. • DEW mainly contains silica with variable crystallinity. • DEW traits vary by source and beneficiation. • Recyclability depends on amorphicity and volatile content. • Thermal, chemical, and biological recovery processes can restore DEW properties.",10.1016/j.clwas.2025.100244,Exploração Mineral Sustentável,reciclagem e recuperação de minerais; redução e aproveitamento de resíduos e rejeitos
"Regeneration And Sustainable Chemistry: Current Dynamics, Interconnections, And Perspectives","This paper aims at exploring the role of Sustainable Chemistry to address regenerative practices, dynamics and systems, as the ones related to agriculture, food production and processing, including topics such as valorisation of agro-industrial waste, biorefinery, biomass, bio-based materials and related flows or processes, renewable resources and energy, considering the links to the UN SDGs.",10.1016/j.cogsc.2025.101055,"Energias Renováveis, Biomassa e Combustíveis Verdes",biorrefino e biorrefinarias; aproveitamento energético de resíduos; biomassa
Production Of Glycolipid Biosurfactants By Selected Ustilaginomycetous Yeasts: Effects Of Carbon Sources On The Structural Diversity And Surface-Active Properties Of Mannosylerythritol Lipids,"This study investigated the production of glycolipid biosurfactants by ustilaginomycetous yeasts, focusing on the influence of hydrophilic and hydrophobic carbon sources on the structural diversity and physicochemical properties of mannosylerythritol lipids (MELs). Initially, 34 yeast strains were screened for biosurfactant production by monitoring surface tension reduction in both nutrient-rich and minimal culture media. Four strains of Moesziomyces aphidis showed the highest surfactant activity and were selected for further evaluation. Among them, M. aphidis UFMG-Y3468 exhibited the best performance and was selected for detailed characterization. Different carbon sources significantly influenced both microbial growth and glycolipid biosurfactant production. Hydrophobic substrates such as oleic acid and soybean oil promoted higher biomass production and greater surface tension reduction compared to hydrophilic substrates. LC-ESI-QToF-MS/MS analysis revealed that carbon source modulated the composition of MEL isoforms. Glucose favored the production of several MEL-A homologues, while oleic acid led to the co-production of MEL-A, MEL-B, and MEL-C and the rare glycolipid mannosyl-mannitol lipid (MML). Structural elucidation of the purified compounds was confirmed by MS/MS fragmentation patterns and 1 H NMR analyses. Oleic acid enabled the recovery of higher amounts of glycolipid biosurfactants, allowing further characterization of their surfactant properties. The purified glycolipids showed low critical micelle concentration (CMC) values in the micromolar range, demonstrating high efficiency in surface tension reduction. Among the analyzed compounds, MML showed the lowest CMC and the highest hydrophilic-lipophilic balance (HLB), indicating superior surface activity. The calculated HLB values (8.66-9.62) were comparable to those of commercial nonionic surfactants and reported MEL-based products. Overall, the results demonstrate that carbon sources play a key role in modulating MEL structural diversity and production yields. The glycolipids produced by M. aphidis UFMG-Y3468 exhibit promising surfactants and emulsifying properties, highlighting their potential for applications in cosmetic, pharmaceutical, and food formulation systems. Overall, the results demonstrate that carbon source selection plays a key role in modulating MEL structural diversity, production yields, and surfactant properties. Furthermore, this study provides the first report of MML production by M. aphidis and advances current knowledge on glycolipid biosynthesis by establishing a direct link between carbon sources, glycolipid composition, and functional performance, providing new opportunities to produce tailor-made biosurfactants.",10.1016/j.colsurfa.2026.141270,"Energias Renováveis, Biomassa e Combustíveis Verdes",biomassa; biocombustíveis e combustíveis verdes
Congestion Control In Mobile Named Data Networking: A Dynamic Node Suppression Approach,"Wireless networks are subject to high levels of congestion. This problem affect most prominently ad-hoc wireless networks, given their multi-hop characteristic. Some works attempted to tackle this problem (i.e., redundant packet aggregation, in-network caching, packet flow control, medium access control), but these are inefficient on wireless shared medium. Therefore, we propose dynamic Node Suppression for Congestion Control (NSCC), a congestion control strategy for mobile named-data networks based on dynamic node suppression. By choosing forwarding nodes, NSCC can reduce redundant packet transmissions. NSCC results indicate that the solution complements the named-data packet delivery of NDN networks, being effective both in mitigating congestion and in optimizing the delivery of NDN data packets.",10.1016/j.comnet.2026.112344,Eficiência Energética,redução do consumo energético em processos produtivos; tecnologias e equipamentos de alta eficiência
Synthesis And Hydration Of Ye?elimite-Containing Cement (ycc) Produced With Spent Fluid Catalytic Cracking Catalyst,"The consumption of petroleum products from fluidized bed catalytic cracking (FCC) units has increased worldwide. One of the primary materials used in this process is the zeolitic catalyst which loses its catalytic capacity over time, generating the spent FCC catalyst – SFCC. This work evaluated the feasibility of using SFCC as raw material for ye'elimite-containing cements (YCC) production. Specifically, six types of clinkers were synthesized in the laboratory, varying the ye’elimite content, with and without SFCC. Powder and in-situ X-ray diffraction (XRD), isothermal calorimetry, and thermogravimetric analysis (TGA) were conducted in anhydrous and hydrated samples. Clinkers with SFCC stabilized more C 4 AF than those without SFCC; so there was less Fe 3+ available in these systems than in the reference systems to stable the pseudo cubic ye'emelite. As a result, the SFCC-containing cements (with more orthorhombic ye’elimite) had higher reaction rates within the first 12–20 h of hydration. In turn, the higher ye’elimite contents in the high- and medium-ye’elimite reference clinkers led to the further formation of hydrated phases at 28 days of hydration on these samples. The equivalent ye’elimite content in low-ye’elimite clinkers led to equivalent cumulative heat and phase assemblage from 48 h to 28 days. Overall, the use of SFCC allowed to incorporate of up to 20.81 wt% of the residue in raw material replacement, resulting in cements with increased early-age reactivity.",10.1016/j.conbuildmat.2022.129364,Exploração Mineral Sustentável,redução e aproveitamento de resíduos e rejeitos; reciclagem e recuperação de minerais
New Formulations And Branch-And-Cut Procedures For The Longest Induced Path Problem,"Given an undirected graph $G=(V,E)$, the longest induced path problem (LIPP) consists of obtaining a maximum cardinality subset $W\subseteq V$ such that $W$ induces a simple path in $G$. In this paper, we propose two new formulations with an exponential number of constraints for the problem, together with effective branch-and-cut procedures for its solution. While the first formulation (cec) is based on constraints that explicitly eliminate cycles, the second one (cut) ensures connectivity via cutset constraints. We compare, both theoretically and experimentally, the newly proposed approaches with a state-of-the-art formulation recently proposed in the literature. More specifically, we show that the polyhedra defined by formulation cut and that of the formulation available in the literature are the same. Besides, we show that these two formulations are stronger in theory than cec. We also propose a new branch-and-cut procedure using the new formulations. Computational experiments show that the newly proposed formulation cec, although less strong from a theoretical point of view, is the best performing approach as it can solve all but one of the 1065 benchmark instances used in the literature within the given time limit. In addition, our newly proposed approaches outperform the state-of-the-art formulation when it comes to the median times to solve the instances to optimality. Furthermore, we perform extended computational experiments considering more challenging and hard-to-solve larger instances and evaluate the impacts on the results when offering initial feasible solutions (warm starts) to the formulations.",10.1016/j.cor.2021.105627,Eficiência Energética,tecnologias e equipamentos de alta eficiência; redução do consumo energético em processos produtivos
Oil Spill Analysis And Simulations In The Foz Do Amazonas Sedimentary Basin,"One of Petrobras' main exploration fronts until 2028 is the Brazilian Equatorial Margin, where 16 wells are scheduled to be drilled. Within this area, the Foz do Amazonas Sedimentary Basin (SFZA) stands out, covering the coast of Amapá and part of Pará. In this region, Petrobras is seeking environmental licenses to drill six already acquired blocks, while several others are up for sale by the ANP (National Agency of Petroleum, Natural Gas, and Biofuels). Initially, the company conducted oil spill simulations suggesting that spilled oil would not reach the Brazilian coast due to the strong influence of the North Brazil Current (NBC), which would carry it northwest toward Central America. However, for a more in-depth analysis, we used the MEDSLIK-II model to conduct new simulations, both in Petrobras' area of interest and in other locations proposed for auction. The results obtained with MEDSLIK-II align with Petrobras' previous simulations for the summer and winter periods. However, during the boreal spring, oil reached the coasts of neighboring countries. For other blocks for sale located southeast in the SFZA, the risk of oil reaching the Brazilian coast and neighboring countries is significantly high, especially from boreal autumn to late spring. Given this new evidence, it is essential to conduct more detailed studies before authorizing any drilling in the region. It is also advisable to reassess the sale of new blocks until the risks are better understood.",10.1016/j.csr.2026.105676,Exploração Mineral Sustentável,extração mineral sustentável; redução e aproveitamento de resíduos e rejeitos
Association Of Mtor Gene Polymorphisms With Asthma And Poor Response To Treatment In A Latin American Population,"Asthma is a chronic inflammatory airway disease influenced by both genetic and environmental factors. This study investigated the association between polymorphisms in the MTOR gene and asthma in a Latin American population, comprising 1178 patients from the ProAR (Program for the Control of Asthma in Bahia) in Salvador, Brazil. Data collection included questionnaires, pulmonary function tests, allergy skin tests, genotypic analyses, and cytokine level assessments. Statistical analyses were performed using logistic regression and ANOVA, with a significance level of 5%. The results revealed significant associations between MTOR polymorphisms and asthma susceptibility. Specifically, rs1057079 (OR: 1.22; 95% CI: 1.01-1.48; p = 0.04) and rs7525957 (OR: 1.45; 95% CI: 1.05-2.01; p = 0.02) were linked to an increased risk of asthma. Regarding asthma control, the rs7525957 polymorphism was particularly relevant, as individuals with the AA genotype had twice the likelihood of experiencing uncontrolled asthma (OR: 2.05; 95% CI: 1.23-3.42; p = 0.006). Additionally, rs12122483 and rs17036350 were associated with elevated levels of eotaxin and cytokines such as IL-17 and IL-13. Reduced MTOR gene expression was observed in AA genotypes carriers for rs7525957 and rs1057079. These findings suggest that MTOR gene polymorphisms contribute to an increased risk of asthma and poor disease control, potentially through immune regulation and cytokine expression, despite standard treatment.",10.1016/j.cyto.2026.157126,Exploração Mineral Sustentável,minerais críticos; metais prioritários para a transição energética
Efficacy Of Rapid Cycle Deliberate Practice On Healthcare Professionals  Knowledge About Obstetric Emergencies: A Randomized Educational Trial,"Background Simulation-based education is widely used to develop competencies in obstetric emergencies, but evidence comparing Rapid-Cycle Deliberate Practice (RCDP) and Conventional Clinical Simulation (CCS) for knowledge outcomes remains limited. Methods This randomized educational trial included 189 healthcare professionals from two public maternity hospitals in Central-West Brazil. Participants received hybrid simulation using a standardized patient and the MamaNatalie® simulator. Knowledge was assessed using pre- and post-tests. Results Both groups improved significantly (p = 0.001). Post-test scores were higher in the RCDP group (p = 0.005), with a larger effect size (r = 0.80 vs. r=0.68). Conclusion RCDP was more effective than CCS in improving knowledge on postpartum hemorrhage management.",10.1016/j.ecns.2026.101927,Eficiência Energética,redução do consumo energético em processos produtivos; tecnologias e equipamentos de alta eficiência
Numerical Modeling Of Hydrodynamics And Water Quality In Tropical Urban Estuaries: A Review With Emphasis On Sanitation And Coastal Management,"Tropical urban estuaries are environments of high ecological, socioeconomic and sanitary relevance, acting as transition zones between continental and marine systems and concentrating multiple water uses, tourism, fisheries, urban occupation, wastewater discharges and sanitation-related pressures. Intensified coastal urbanization, hydrological variability, altered discharge regimes and inputs of organic matter, nutrients, fine sediments, suspended solids and fecal-indicator microorganisms have increased the need for tools capable of representing pollutant transport, dispersion, dilution, retention and transformation. In this context, numerical hydrodynamic and water quality modeling has become a strategic approach for understanding estuarine circulation, coastal plume dynamics, water renewal, ecological responses and the effects of pollution sources on environmental quality. This article reviews literature published between 2022 and 2026 on the application of numerical models to assess hydrodynamics, water quality and pollution in tropical urban estuaries and associated coastal environments. Scopus, ScienceDirect, SciELO and Wiley Online Library were consulted, and 40 studies were selected for the final review matrix. The revised analysis expands the discussion of widely used platforms, including Delft3D-WAQ, WASP, EFDC, TELEMAC, FVCOM, SCHISM, MOHID, CE-QUAL-ICM/CE-QUAL-W2, SLIM and MIKE-Eco Lab, and compares their strengths and limitations for estuarine applications. The review highlights that practical reliability is constrained mainly by limited field data for calibration and validation, especially for biogeochemical, microbiological and sediment-related variables. The findings show that modeling is most useful when hydrodynamics, pollutant fate, fine-sediment dynamics, ecological indicators and sanitation scenarios are integrated into monitoring and decision-support frameworks.",10.1016/j.ecohyd.2026.100793,Eficiência Energética,redução do consumo energético em processos produtivos; aproveitamento energético de resíduos industriais
Remote Sensing Applied To The Study Of Fire In Savannas: A Literature Review,"The goal of this research is to present a bibliographic review of fire studies in savannas worldwide through remote sensing. A hybrid literature review, bibliometric and systematic approach was employed. The search string “Fire in Savanna and Remote Sensing” was used. The bibliometric analysis emphasized a quantitative approach using Bibliometrix metrics in the R software. In the systematic analysis, the reading of 57 articles from the top 10 most cited authors was highlighted, considering the H-index (Accounted for 18.5% of the total articles found). The results of the bibliometric analyses yielded 309 articles from Web of Science (WoS) and 5 from Scopus (Sco), totaling 314 non-repeated articles published between 1989 and 2022. This production refers to research from 37 countries, 134 journals, 1137 cited authors from 600 institutions. The four countries with the largest number of publications were the United States of America (23.2%), Australia (15.3%), Brazil (11.8%) and South Africa (7%). It was possible to observe that until the end of the 20th century, the number of publications remained stable and low, with a maximum of 5 articles per year, surpassing 10 articles per year from 2004 onwards. The average number of citations was high from 2002 to 2007, at over 50, decreasing from 2008. Our results are valuable for the scientific community as its reveal the most commonly used remote sensing products for savanna fire studies. Additionally, it presents current perspectives with the introduction of machine learning to Moderate Resolution Imaging Spectroradiometer (MODIS, 47% of the total) data for active fire detection and mapping of burned areas. Furthermore, the use of Light Detection and Ranging (LiDAR) for analyzing spatial patterns of fire effects on the three-dimensional vegetation structure. Studies are predominantly conducted at a local and regional scale, with an emphasis on those carried out in conservation areas and indigenous lands, possibly because savannas are better preserved in these areas. Finally, we observed a colonialism of knowledge, with a focus on Northern Hemisphere countries for savanna fire studies.",10.1016/j.ecoinf.2023.102448,Eficiência Energética,redução do consumo energético em processos produtivos; tecnologias e equipamentos de alta eficiência
A Review Of Brazilian Scleractinian Corals For Paleoclimate Studies,"ABSTRACT Scleractinian corals are natural archives that provide geochemical information at high-resolution that can be used for reconstructing past climate variability at sub-seasonal to monthly timescales. These archives produce annual density banding, which enables the development of accurate age models. While widely applied in other tropical oceans, coral-based paleoclimate studies in the Western Tropical South Atlantic (WTSA) are scarcer, constrained by the limited availability of species, high levels of endemicity, and limited size of the corals. Recent studies have made significant advances in the field of coral paleoclimate research in the tropical South Atlantic by recovering a greater number of coral cores, both endemic and cosmopolitan species. These records have allowed researchers to reconstruct sea-surface temperature, salinity, and regional climate events using stable isotope and trace element proxies. However, to date, the scientific literature lacks a comprehensive synthesis of the coral skeletal record of the most prominent modern and fossil coral species in Brazilian reef systems, which can serve as natural archives. In this study, we present an overview of coral species occurring in the WTSA that have the potential to provide environmental information from the evaluation of their skeletons, thereby advancing future research through a critical evaluation of methodological developments in sampling, imaging, and geochemical analyses. Addressing these gaps will substantially strengthen the contribution of WTSA coral records to tropical climate reconstructions and advance our understanding of regional climate variability.",10.1016/j.ecss.2026.109741,Exploração Mineral Sustentável,prospecção e caracterização mineral; extração mineral sustentável
Ecological Succession And Environmental Drivers In Algal Communities On A Tropical Reef In The Southwestern Atlantic,"The tropical reefs of the southwestern Atlantic are characterized by high algal biomass, the origin of which—either natural or environmental pressures—remains uncertain. Understanding the process of ecological succession in these environments is crucial and has gained renewed attention due to anthropogenic activity. Therefore, we investigated the spatiotemporal variation in environmental drivers of algal communities in the Marine Municipal Natural Park Recife de Fora (Bahia, Brazil), a marine protected area in the southwestern Atlantic. The benthic cover was previously sampled via transects with photoquadrats, which revealed differences in composition via PERMANOVA. Benthic Settlement Substrates (BSS) were then installed at three sites and monitored monthly for one year. Taxa present on BSS were identified, and their dry biomass was quantified. A species accumulation curve indicated rapid accumulation in the first half of the succession, followed by slight stabilization until the end of the monitoring period. The colonization patterns were represented mainly by brown macroalgae and cyanobacteria. PERMANOVA with pairwise tests revealed significant differences in composition among sites, and nonmetric multidimensional scaling combined with envfit analyses indicated the environmental drivers structuring the community. Linear mixed models revealed significant relationships for “time”, “turbidity” and “sea surface temperature”, with “biomass”, and α-diversity “ 0 D” and “ 1 D”. This study highlights the importance of determining the successional patterns of algal communities for understanding the dynamics of tropical reefs. Especially in scenarios of global change, as algae respond rapidly to environmental drivers, they can be used as an applicable tool for monitoring these marine environments.",10.1016/j.ecss.2026.109856,"Energias Renováveis, Biomassa e Combustíveis Verdes",biomassa
Integration Of Eor/ior And Environmental Technologies In Brics And Nonbrics: A Patent-Based Critical Review,"To support a responsible energy transition toward a low-carbon energy matrix and renewable sources, as outlined in Sustainable Development Goal 7 (SDG 7) of Agenda 2030, the continued production of fossil fuels remains essential for the coming decades, while ensuring social well-being and financing clean energy development. Enhanced and Improved Oil Recovery (EOR/IOR) methods improve recovery rates with low capital and operational expenditure (CAPEX and OPEX). However, environmental preservation must be prioritized. This study offers a comparative analysis of the integration of EOR/IOR and environmental technologies between BRICS and nonBRICS countries, focusing on intermediate Technology Readiness Levels (TRL 4–5), thereby emphasizing potential future applications. Patents from 2002 to 2021 were obtained from the worldwide Espacenet database for 18 EOR/IOR methods, linked to environmental domains through International Patent Classifications. Composite indicators were employed for static and temporal evaluations. Key trends, export activities, technological specialization, revealed advantages and distances, and emerging technologies were analyzed. Technologies addressing both EOR/IOR and environmental concerns represent only 5 % of all EOR/IOR methods, with major contributions from the USA, China, and Russia. USA dominates in export patents, holding 85 %, while BRICS have recently surpassed nonBRICS in patent filings. The technological gap between BRICS and nonBRICS has widened in recent years, with BRICS showing greater specialization. BRICS countries hold technological advantages in methods such as surfactants, polymers, and heat and steam methods, whereas nonBRICS lead in fracture reinforcement, crevice or fracture formation, and WAG. Emerging methods include low salinity water, WAG, microbial enhanced oil recovery (MEOR), macromolecular compounds, and polymers associated with surfactants. No technological monopolies that could hinder progress toward SDG 7 were identified, although partnerships for specific methods are recommended. The study focuses on TRL 4–5 patents and excludes technologies already in use or protected as trade secrets. COVID-19 pandemic data may also present anomalies. • Methods associating EOR/IOR with environmental protection represent only 5 % of the total; • BRICS countries prioritize EOR/IOR & Environment technologies, whereas nonBRICS countries focus on general EOR/IOR methods; • BRICS countries demonstrate an increasing technological advantage over nonBRICS countries, with a widening technological gap; • Emerging methods include low salinity water and combined technologies such as WAG for carbon capture and storage (CCS).",10.1016/j.egyr.2024.11.081,"Energias Renováveis, Biomassa e Combustíveis Verdes",biocombustíveis e combustíveis verdes; hidrogênio renovável; aproveitamento energético de resíduos
Vulnerability Of Atlantic Equatorial Margin And Caribbean Sea To Oil Exploration In Northern Brazil,"This work is a first, exploratory, risk assessment study for the hydrocarbon exploration in Northern Brazil. Lagrangian particles were simulated using the model OpenDrift, being released in the oil blocks (in the stages of production, exploratory and for sale) of the five basins of the region (Foz do Amazonas, Pará-Maranhão, Barreirinhas, Ceará and Potiguar). The surface dispersion of the particles was realistically simulated during 30 days. Simulation ran once per month for five years. The results show that the time it takes for the particles to cross the Exclusive Economic Zone (EEZ) marine boundary of the first neighbouring country (French Guiana) varies from a few hours or days for the releases at the Foz do Amazonas Basin, one week for Pará-Maranhão (except during austral summer due to strong coastal stranding near the Amazon River mouth) and two weeks to one month for the other basins (during autumn and winter). Only the particles from production blocks of the Potiguar and Ceará basins are unable to reach French Guiana. The Caribbean Sea can be reached by particles from Foz do Amazonas during summer and autumn in two weeks and from Pará-Maranhão in one month during autumn. While presenting inter-annual variability, the area affected by the trajectories is dependent on the release location, the elapsed time since the release and the release season. The dispersion along-coast and the ability to significantly impact the EEZ of neighbouring countries may be diminished by three reasons: i) the North Brazil Current retroflection; ii) high coastal stranding inside the Brazilian EEZ and; iii) release occurs too far from French Guiana. The results of this study contribute to the understanding of the dispersion patterns in the Atlantic Equatorial Margin and the Caribbean Sea. This is paramount for the decision making process, especially considering new oil development regions and the possibility of an oil spill to affect other countries.",10.1016/j.egyr.2026.109358,Exploração Mineral Sustentável,extração mineral sustentável; redução e aproveitamento de resíduos e rejeitos
Nested Logic-Based Benders Decomposition For An Integrated Home Healthcare Problem,"In this study, we apply nested logic-based Benders decomposition to solve an integrated home healthcare staffing, assignment, routing, and scheduling problem with application in Norway. The proposed method operates at two decomposition levels. Consequently, the entire problem is decomposed into three hierarchical sub-problems: the staffing problem, the assignment problem, and the routing and scheduling problem. These sub-problems are interrelated through two levels of logic-based Benders cuts. Computational experiments on 40 test instances demonstrate the superior performance of nested logic-based Benders decomposition compared to directly solving a mixed-integer linear programming model available in the literature. Specifically, the proposed solution method achieved proven optimality in 28 instances and provided feasible solutions for the remaining 12 instances. In contrast, directly solving the mixed-integer linear programming model yielded proven optimality in 16 instances, provided feasible solutions for 20 instances, and failed to find feasible solutions for 4 instances within the same computational time limit.",10.1016/j.ejor.2025.06.006,Eficiência Energética,eficiência energética industrial; redução do consumo energético em processos produtivos; tecnologias e equipamentos de alta eficiência
The Pickup And Delivery Problem With Time Windows And Scheduling On The Edges,"We introduce the Pickup and Delivery Problem with Time Windows and Scheduling on the Edges (PDPTW-SE), a generalization of the PDPTW that integrates vehicle routing and machine scheduling. The problem involves defining routes for transportation requests with specific pickup and delivery locations using a heterogeneous vehicle fleet, while machines must be scheduled to traverse certain edges. The objective is to minimize the total completion time subject to capacity, time window, and precedence constraints. We propose a mixed-integer linear programming (MIP) formulation, including preprocessing and valid inequalities, and a multi-start heuristic with a linear programming (LP) improvement procedure. A benchmark set with two instance families is also introduced: (i) coordination of pickups and deliveries across islands requiring cargo ships, and (ii) transport across multiple floors, as in hospitals, requiring elevator scheduling. Computational experiments show that the solver on the MIP formulation solves instances with up to 12 requests and finds feasible solutions for 95.0% of the 320 instances with up to 12 requests. For these, the heuristic consistently provides feasible solutions with low deviations, often matching or outperforming the MIP results. For the remaining 160 instances with 40 and 60 requests, only the heuristic finds feasible solutions. We thus recommend the MIP for short-horizon instances (up to 12 requests) and the heuristic for larger or long-horizon instances. Results also highlight the LP improvement procedure’s relevance, reducing solution values by at least 5% on average in general. For larger, tightly constrained instances, an additional machine helps with feasibility and solution quality.",10.1016/j.ejor.2026.01.036,Energias Renováveis nos Transportes,mobilidade sustentável; veículos elétricos e de baixa emissão; infraestrutura de abastecimento e recarga
Innovative Peptide Formulations For Cardiovascular Diseases Using Supercritical Co2: A Comprehensive Review And Potential Applications,"Cardiovascular diseases (CVDs) remain the leading cause of morbidity and mortality worldwide, creating an urgent need for novel therapeutic strategies and advanced manufacturing processes that are scalable and cost-effective. Peptide-based drugs offer high specificity, potency, and favorable safety, yet their translation is limited by poor stability, enzymatic degradation, and low bioavailability. Supercritical carbon dioxide (scCO₂) has emerged as a promising technology to address these challenges through versatile formulation options, including polymeric and lipid nanoparticles and liposomes. This review discusses promising cardiovascular peptide therapeutics, summarizes key formulation strategies, the limitations of current manufacturing techniques and the main characteristics of various scCO₂-based processes for peptide formulation development. The advantages of scCO₂ over conventional methods, including enhanced product quality, the ability to process thermosensitive compounds at low temperatures, and minimal/no use of organic solvents, are discussed alongside current challenges, scale-up considerations, and knowledge gaps. Finally, future directions and translational opportunities are considered, emphasizing the potential of scCO₂ as an enabling platform for next-generation peptide therapeutics in cardiovascular health.",10.1016/j.ejps.2026.107598,Eficiência Energética,redução do consumo energético em processos produtivos; tecnologias e equipamentos de alta eficiência
Effect Of Physical Exercise On The Quality Of Life Of Women Surviving Breast Cancer: Systematic Review With Meta-Analysis Of Randomized Clinical Trials,"INTRODUCTION: Women surviving breast cancer (WSBC) may experience reduced quality of life (QoL) due to disease-associated manifestations and undergone treatment. Engagement in physical exercise (PE), and subsequent effects on physical capacity and social and emotional wellbeing, are known to enhance QoL. METHOD: this systematic review meta-analysed the impact of PE, compared to respective control groups, on QoL in WSBC. Randomized clinical trials published up to December 2023, updated in February 2025, were searched in PubMed Medline, PsycInfo, EMBASE, Web of Science, LILACS, Cochrane Central, Scopus, and Google Scholar. Selected papers were catalogued in Endnote® and remaining documents exported to Rayyan®. Data analyses utilized the RoB 2 tool, Revman®, and GRADE for classification of certainty of evidence. Values of change in measurements between baseline and post-intervention were meta-analysed, with standardized mean differences calculated as effect size. RESULTS: 3313 documents were identified, with 36 meeting our eligibility criteria, and 35 quantitatively analysed. The meta-analysis revealed that PE, irrespective of modality, significantly improved QoL, as assessed by the Short Form Health Survey 36 (SF-36) global health perception scale (SMD = 0.43; CI95 %: 0.12 to 0.73; p = 0.006), FACT-G (SMD = 0.56; CI95 %: 0.13 to 0.99; p ≤ 0.01), FACT-B (SMD = 0.73; CI95 %: 0.38 to 1.08; p = 0.0003), and EORTC QLQ-C30 (Global health, SMD = 0.98; 95 % CI: 0.49-1.47; p < 0.00001). Subgroup analyses showed that combination of aerobic and resistance exercises yielded the most significant increase in QoL. SF-36 subdomains showed moderate to high certainty of evidence. CONCLUSION: PE is effective in improving QoL in WSBC, particularly when combining aerobic and strength exercises. Robust public policies must encourage PE not only to reduce cancer risk but also to promote QoL improvement in WSBC.",10.1016/j.ejso.2025.110287,Eficiência Energética,redução do consumo energético em processos produtivos; tecnologias e equipamentos de alta eficiência
A Transformer-Based Deep Neural Network With Wavelet Transform For Forecasting Wind Speed And Wind Energy,"This work presents a novel transformer-based deep neural network architecture integrated with wavelet transform for forecasting wind speed and wind energy (power) generation for the next 6 h ahead, using multiple meteorological variables as input for multivariate time series forecasting. To evaluate the performance of the proposed model, different case studies were investigated, using data collected from anemometers installed in three different regions in Bahia, Brazil. The performance of the proposed transformer-based model with wavelet transform was compared with an LSTM (Long Short Term Memory) model as a baseline, since it has been successfully used for time series processing in deep learning, as well as with previous state-of-the-art (SOTA) similar works. Results of the forecasting performance were evaluated using statistical metrics, along with the time for training and performing inferences, both using quantitative and qualitative analysis. They showed that the proposed method is effective for forecasting wind speed and power generation, with superior performance than the baseline model and comparable performance to previous similar SOTA works, presenting potential suitability for being extended for the general purpose of multivariate time series forecasting. Furthermore, results demonstrated that the integration of the transformer model with wavelet decomposition improved the forecast accuracy.",10.1016/j.energy.2023.127678,"Energias Renováveis, Biomassa e Combustíveis Verdes",energia eólica
A Groove-Position Dependent Probabilistic Model For Collapse Resistance Of Worn Casing Tubulars: Applications To Well Reuse,"This paper presents a comprehensive probabilistic analysis of the collapse resistance of worn casing tubulars for reuse applications, such as Carbon Capture, Utilization, and Storage (CCUS) projects. The study focuses on failure due to collapse, a critical loading condition, particularly in depressurization scenarios. A collapse prediction model, based on data obtained from Finite Element Analysis (FEA) and considering a single wear groove, is developed and applied to probabilistic analyses. The casing tubulars are installed in highly complex environments and often exposed to multiple loading and wear conditions. Evaluating the collapse strength of tubulars subject to mechanical wear requires consideration of key model variables, e.g., wear depth, wall thickness, outer and tool joint diameters, and yield stress. The position of the wear groove also has a significant influence on the residual strength of tubulars, as it may occur at any position of the cross-section, but is not usually considered in prediction models. The proposed model also accounts for manufacturing imperfections, such as cross-section ovality and eccentricity. The methodology was divided into three main stages: a deterministic analysis introducing a new collapse pressure prediction model; a parametric probabilistic analysis of casing tubulars; and a case study of a well in the Campos Basin, eastern Brazil, hypothetically assessed for reuse in CCUS. In this context, the first stage proposes a new prediction model that considers the main variables affecting collapse failure, including the position of the wear groove. This model is validated against an experimental dataset and compared to: (i) other models from the literature; and (ii) nonlinear plane strain analysis using the finite element method. The proposed equation showed low model uncertainty and standard deviation, with values of 1.005 and 0.060, respectively. The improvement of the proposed model is also shown in tests against a FEA dataset created with different wear groove positions and compared with other models. It is observed that the proposed formulation achieves high accuracy and low dispersion (2.93%), whereas models from the literature may yield collapse pressures up to 21.17% lower than those from the FEA. In the second stage, the probabilistic analysis focuses on a parametric study of unworn and worn tubulars, evaluating the failure probabilities for different slenderness and wear to thickness ratios. Since the tool joint’s passage position is uncontrolled relative to the ovality axis, wear can occur at any position on the tube’s internal wall. As a result, the wear groove position is treated as a random variable ( X ) with a uniformly distributed probability, which is one of the main advantages of the proposed model. The probabilistic analysis indicated that wear groove position has a significant impact on failure probabilities, as reflected in the importance factors ( IF ) of the X considered. Finally, in the third stage, the proposed model was applied to a real-world well, assumed to be converted for reuse in a CCUS injection scenario. The failure probability was determined along the depth for an intermediate casing string for several prediction models. For the critical depth, the proposed model yielded the lowest failure probability among them, with a value around 1.36%. It is important to highlight that, at the critical position, the deterministic analysis yielded a safety factor of 0.965, indicating the unsuitability of the casing tubular for the collapse scenario evaluated.",10.1016/j.engfailanal.2026.111194,Mercado de Carbono,soluções tecnológicas relacionadas ao mercado de carbono; monitoramento de emissões; certificação
Geoconservation Strategies Framework In Brazil: Current Status From The Analysis Of Representative Case Studies,"Achieving an effective management of geodiversity and geoheritage demands integrative, multidisciplinary approaches in different spheres. This mission is enlarged if taking into account the role of these elements in the maintenance of ecosystems and associated goods and services, and the huge responsibility of geoscientists on the dissemination of trustful information that can help people to deal with current socio-environmental issues. The status of geoconservation initiatives in a given territory depend on several aspects. It can be a challenge in developing countries where nature conservation and sustainable use of natural resources may be taken as less relevant in face of major, more urgent topics. We present a three-module geoconservation framework aiming to contemplate essential steps for geoconservation strategies named: 1. diagnosis, 2. conservation and 3. promotion. On its basis we analysed six Brazilian case studies to identify strengths and weaknesses and to evaluate the role of these methods in the whole geoconservation chain. Our data indicate that the items related to the diagnosis and promotion are the most prevalent, but conservation represents the main weakness, particularly legal protection, geosite conservation and monitoring. This results from the fact that most of the people involved in diagnosis and promotion are geoscientists with multidisciplinary skills and expertise, whilst conservation involves the participation of national or local government administrators and the existence of adequate legislation. This brings light to the need of an integrated approach including cooperation between academia, public administrations and society in the proposition of fair environmental practices in the conservation of geoheritage.",10.1016/j.envsci.2021.11.006,Exploração Mineral Sustentável,extração mineral sustentável; reciclagem e recuperação de minerais
Risk Factor Of Severe Diarrhea And Enterocolitis Induced By Capox: A Retrospective Multicenter Study,"Background We have previously suggested that concurrent use of capecitabine plus oxaliplatin (CAPOX) and angiotensin receptor blockers (ARBs) significantly increased the risk of severe diarrhea and/or enterocolitis. We conducted a multicenter larger study to validate this finding, adjusting for other risk factors. Patients and methods This was a retrospective multicenter study of patients with colorectal cancer treated with at least one cycle of CAPOX. The primary endpoint was grade (G) ≥3 diarrhea and/or enterocolitis induced by CAPOX. Unadjusted and adjusted logistic regression models were used to evaluate risk factors for G ≥3 diarrhea and/or enterocolitis. P < 0.05 was deemed significant. Results From April 2010 to December 2023, 362 patients were included. In univariate analyses, age ≥65 years, right-sided tumors, use of ARBs or angiotensin-converting enzyme inhibitors (ACEi), age-adjusted Charlson Comorbidity Index, and estimated glomerular filtration rate (eGFR) <60 ml/min were associated with G ≥3 diarrhea and/or enterocolitis. In the multivariable analysis, age ≥65 years [odds ratio (OR) 2.71, 95% confidence interval (CI) 1.38-5.33, P = 0.004] and eGFR <60 ml/min (OR 5.4, 95% CI 2.25-13.8, P < 0.001), but not use of ARBs or ACEi, were significant. Conclusions Age ≥65 years and eGFR <60 ml/min were independent risk factors for G ≥3 diarrhea/enterocolitis in patients treated with CAPOX. Concurrent use of ARBs or ACEi was not associated with G ≥3 diarrhea/enterocolitis.",10.1016/j.esmogo.2024.100110,Eficiência Energética,redução do consumo energético em processos produtivos; tecnologias e equipamentos de alta eficiência
Histopathological And Molecular Effects On The Gills And Kidneys Of Oligosarcus Argenteus Chronically Exposed To Metal-Contaminated Tailings From The Fundão Dam Collapse,"The Fundão dam failure (2015) was the largest mining-related environmental disaster worldwide; however, the long-term effects of continuous exposure to metals on fish remain poorly understood. Thus, this study conducted a morphological, physiological and molecular evaluation of the gills and kidney of Oligosarcus argenteus exposed to metals from the Fundão dam collapse. Four quarterly samplings were performed at three sites: S1 (Piranga River, reference), S2 (Doce River, directly impacted), and S3 (Doce River, 75 km downstream of S2). The gills and kidney were sampled for morphological, morphometric, immunohistochemical, TUNEL assay, and Western blotting analyses. Metal measurements showed higher levels of Al, Fe, and Mn in the water and As, Fe, and Mn in the sediment at the impacted sites. Structural alterations in the gills and kidney were more pronounced at S2. Several cellular and tissue alterations were detected, and the degree of tissue change (DTC index) was higher at S2 and S3 for both organs. The biomarker proteins metallothionein 1 (MT1), HSP70, catalase (CAT), caspase-3 (CASP3), and HMGB1 were immunolocalized primarily in epithelial, pillar, and ionocyte cells in the gills and renal tubular epithelium in the kidney. Expression of MT1, CAT, and CASP3 was higher in S2 for the gills and kidney, except for MT1 for the latter. Proportion of TUNEL-positive cells was higher in S2 for both organs. We conclude that the physiological effects of contamination from the Fundão dam collapse persist in the long term, including signs of oxidative stress, apoptosis, and necrosis, as well as structural and histopathological changes in fish gills and kidney.",10.1016/j.etap.2026.105073,Exploração Mineral Sustentável,redução e aproveitamento de resíduos e rejeitos; extração mineral sustentável; processamento mineral
Strategy For The Cultivation Of Chlorella Vulgaris With High Biomass Production And Biofuel Potential In Wastewater From The Oil Industry,"This work aimed to provide a biochemical characterisation of Chlorella vulgaris biomass cultivated with daily supplementation of produced water. The simultaneous phytoremediation and production of biomolecules and bioproducts of commercial interest were analysed and discussed. Cultures were grown in laboratory scale photobioreactors for 26 days in 1.5 L of BG11 medium, with daily supplementation of 50 mL of non-autoclaved produced water (TPW) or distilled water (TDW). Biomass production differed among the control (3.86 g L−1), TPW (1.69 g L−1), and TDW (1.82 g L−1). The TPW-treated culture showed a high concentration of carbohydrates (40.19 %) with a bioethanol production of 18.22 mL 100 g−1 of biomass. The content of carotenoids (2.4μg mL −1), protein (22.83 %), and lipids (21.53 %) were also determined. The lipid composition consisted mostly of palmitoleic (5.42 mg g−1), γ-linolenic (3.02 mg g−1), and linolelaidic (1.94 mg g−1) acids, which gave the oil the ideal properties for quality biodiesel. In addition, the high phytoremediation efficiency of heavy metals such as copper (70.00 %), manganese (76.89 %), and molybdenum (97.82 %), as well as total petroleum hydrocarbons (48.59 %), were also detected. Therefore, TPW can be a promising alternative for phytoremediation of chemical compounds, while utilising effluent from the oil industry to produce a high content of valuable biomass, biomolecules, and biofuels.",10.1016/j.eti.2021.102204,"Energias Renováveis, Biomassa e Combustíveis Verdes",biomassa; biocombustíveis e combustíveis verdes; aproveitamento energético de resíduos
Assessing Regenerated Diatomaceous Earth Waste As A Supplementary Cementitious Material,"The brewing industry generates significant quantities of diatomaceous earth waste (DEW), a silica-rich byproduct discarded after filtration processes. This study evaluates the feasibility of recycling DEW in cement matrices as a sustainable alternative. To remove organic contaminants, DEW was thermally treated at 400 ºC, 500 ºC, and 1000 ºC. The characterization of untreated and calcined DEW included chemical (XRF), mineralogical (XRD), and physical (BET, particle size distribution) analyses. The results revealed that calcination at 500 ºC eliminated ∼93 % of organic matter, while higher temperatures led to negligible additional benefits. The mechanical performance of cement pastes incorporating 5–20 wt% regenerated DEW was assessed through compressive strength tests, revealing that 5 % replacement improved strength by 4–8 % at 28 days, compared to the reference. Higher contents led to a drop in the mechanical performance. Hydration kinetics analyzed via isothermal calorimetry for samples with 5 % DEW replacement revealed little changes in the hydration evolution of cement pastes. The low chemical reactivity was confirmed by thermogravimetric analysis and R 3 test. The improvement in the mechanical performance at low contents can be associated with physical interactions due to its substantial high specific surface area (filler effect). The flow table tests demonstrated a ∼61 % reduction in flowability at 5 % substitution, emphasizing the necessity of superplasticizers for workability. Overall, regenerated DEW presents a viable supplementary cementitious material up to 5 % replacement, balancing environmental benefits with improved mechanical performance. • Calcining at 400 °C removes organics efficiently with minimal loss in strength. • DE and DEW act mainly via physical effects due to high specific surface area. • 5 % DE or DEW improves compressive strength through filler-induced densification. • Low pozzolanic activity confirmed by calorimetry, R³ test, and portlandite analysis. • DE and DEW reduce flowability; admixtures are required to ensure workability.",10.1016/j.eti.2025.104484,Exploração Mineral Sustentável,redução e aproveitamento de resíduos e rejeitos; reciclagem e recuperação de minerais
Mc1r Gene Polymorphisms And Plumage Color In Greater Rheas: Preliminary Results,"Greater rheas are wild ratite birds native to South America that are also raised in commercial farms. Rhea feathers are marketable products, with the white ones having a higher market value since they are easier to dye. Grey feathers are the most common phenotype, also occurring all-white birds. The present mechanism and gene action behind the white plumage phenotype expression are not known. The aim of this study was to verify whether the MC1R gene affects plumage color in rheas. Ten greater rheas (7 white and 3 grey) were studied for the partial region of the MC1R gene by PCR-sequencing. Two synonymous SNPs linked and associated with color were found, with white plumage being dominant. Marker-assisted selection or even phenotypic selection can be easily applied in farms and zoos, as white animals have a higher market value and/or are more attractive for display. The results herein presented are already applicable.",10.1016/j.eups.2025.100008,Exploração Mineral Sustentável,reciclagem e recuperação de minerais
Therapeutic Or Lifelong Training Effects On Pancreatic Morphological And Functional Parameters In An Animal Model Of Aging And Obesity,"AIMS: Obesity, aging, and physical training are factors influencing pancreatic functional and morphological parameters. Aiming to clarify the impact of the interaction of these factors, we analyzed the effect of therapeutic or lifelong physical training on body adiposity and pancreatic functional and morphological parameters of aged and obese rats. METHODS: 24 male Wistar rats were (initial age = 4 months and final age = 14 months) randomly divided into three aged and obese experimental groups (n = 8/group): untrained, therapeutic trained, and lifelong trained. Body adiposity, plasmatic concentration and pancreatic immunostaining of insulin, markers of tissue inflammation, lipid peroxidation, activity and immunostaining of antioxidant enzymes, and parameters of pancreatic morphology were evaluated. RESULTS: Lifelong physical training improved the body adiposity, plasmatic insulin concentration, and macrophage immunostaining in the pancreas. The animals submitted to therapeutic and lifelong training showed an increase in the density of the pancreatic islets; lower insulin, Nuclear Factor Kappa B (NF-κB), and Transforming Growth Factor beta (TGF-β) immunostaining in the pancreatic parenchyma, as well as lower pancreatic tissue lipid peroxidation, lower fibrosis area, increased catalase and glutathione peroxidase (GPx) activity and increased heme oxygenase-1 (HO-1) immunostaining, with the greatest effect in the lifelong training group. CONCLUSION: Lifelong training promoted greater beneficial effects on the pancreatic functional and morphological parameters of aged and obese animals compared to therapeutic exercise.",10.1016/j.exger.2023.112144,Eficiência Energética,redução do consumo energético em processos produtivos; tecnologias e equipamentos de alta eficiência
Environmental Drivers Of Juvenile Pink Shrimp Abundance And Habitat Use In A Protected Estuarine-Lagoon Complex,"Estuaries and coastal lagoons serve as critical nursery habitats for economically important shrimp species. This study investigates the spatial and temporal dynamics of juvenile pink shrimp ( Farfantepenaeus brasiliensis and F. paulensis ) in the Cananéia-Iguape Estuarine-Lagoon Complex (CIELC), a UNESCO Biosphere Reserve in southeastern Brazil. Between July 2012 and June 2014, we evaluated the impact of environmental variables on shrimp abundance across estuarine and marine zones. Generalized Additive Models indicated that juveniles of both species exhibited an increase in abundance at temperatures above 25°C and at lower salinity levels. Temporally, they were more abundant in spring and summer, seasons in which we registered the highest values of temperature and rainfall. The increase in rainfall leads to a decrease in salinity, which favors the development of early juvenile stages. Both species were more abundant in the estuarine zone than in the marine zone. Within the estuarine zone, the estuary mouth (S5) presented higher juvenile abundance for both species; therefore, it is an important nursery for pink shrimp in the CIELC and could potentially be designated as an exclusion zone for fishing in management strategies. • Farfantepenaeus sp. juveniles are captured as bycatch of the seabob-shrimp. • Pink shrimps’ juveniles are used as live bait in professional and amateur fisheries. • The CIELC is included in the UNESCO Biosphere Reserve. • Spring and summer registered higher juvenile abundance. • The estuary mouth, as an important nursery area, could be an exclusion fishing zone.",10.1016/j.fishres.2026.107706,Exploração Mineral Sustentável,extração mineral sustentável
Production And Application Of Inulinase By New Isolates Of Aspergillus Welwitschiae From Fermented Peach-Palm Waste For The Production Of Fructooligosaccharides,"Microbial inulinase enzymes have a number of applications in biotechnology. In this study, new strains of Aspergillus welwitschiae were investigated as producers of inulinases and their endo- and exo-inulases were characterized in silico and their protein modeling was performed. The inulinase production by A. welwitschiae employing the Dohelert method to assess the interaction between temperature and cultivation humidity, resulted in a fourfold increase in activity. The optimal temperature and humidity were 25-27 °C and 75-82 %, respectively. The enzyme exhibited optimal activity at a pH of 3.5 and at 60 °C. The hydrolysis of the sisal root yielded 272 mg/g of reducing sugars and oligosaccharides. Our in silico experiments predicted 10 well-validated structures of endo- (5) and exo-inulinases (5) from A. welwitschiae. The notable activity of these inulinases on inulin highlights their potential for the treatment of agro-industrial residues with the objective of producing high-value added products.",10.1016/j.foodchem.2024.141978,"Energias Renováveis, Biomassa e Combustíveis Verdes",biomassa; biorrefino e biorrefinarias; aproveitamento energético de resíduos
Encapsulation Of C-Phycocyanin In Chitosan Microparticles Improves Thermal And Storage Stability For Use As A Natural Food Colorant,"C-Phycocyanin (C-PC), a blue phycobiliprotein from microalgae, is a natural antioxidant and promising food colorant, but its use is limited by poor stability to heat, light, and pH. This study reports the encapsulation of C-PC in spray-dried chitosan (CHT) microparticles to improve its resilience. The microparticles displayed an average diameter of ~3.8 μm, positive ζ-potential (> + 24 mV), and encapsulation efficiency above 36 %. Spectroscopic and thermal analyses indicated the formation of a CHT–C-PC polyelectrolyte hydrogel network, while SAXS/USAXS revealed a heterogeneous porous architecture favoring C-PC retention. Encapsulation significantly enhanced C-PC stability under acidic (pH 2), alkaline (pH 10), and thermal stress, as well as during extended light/dark storage, reducing degradation markers such as color loss, turbidity, and spectral shifts. Stability was also preserved in gelatin matrices, where free C-PC rapidly degraded. Overall, chitosan microencapsulation effectively maintains C-PC integrity, enabling its application as a natural colorant in thermally processed and storage-demanding foods. • Novel chitosan-C-phycocyanin microparticles (~3.8 μm). • First SAXS/USAXS study of chitosan microparticle hierarchical structures. • Porous architecture enables efficient C-phycocyanin storage. • Enhanced C-PC stability and enabled use in heat-processed food.",10.1016/j.foodchem.2025.147358,"Energias Renováveis, Biomassa e Combustíveis Verdes",biomassa; biocombustíveis e combustíveis verdes
Silica Decorated With Palladium Nanoparticles Applied In A Miniaturized Method To Separation And Quantification Of Sulfur-Containing Compounds In Fuel Samples,"This paper presents the synthesis of novel silica decorated with palladium nanoparticles (PdNP) and its application as a stationary phase in a miniaturized fractionation procedure to quantify polycyclic aromatic sulfur heterocycles (PASHs) in fuel samples. The PdNP phase was characterized by morphological and textural analyses and a high surface area (450 m 2 g −1 ) and very small palladium nanoparticles (4.1 nm of diameter) were obtained. The influence of experimental variables such as solvent used in the elution and the amount of stationary phase and sample has been considered in the optimization process to obtain a miniaturized fractionation. The PASHs were analyzed by gas chromatography coupled to a triple quadruple mass spectrometer (GC–MS/MS). Under optimum conditions, the procedure was validated in terms of linearity, accuracy and precision. The limit of detection ranged from 0.012 mg L −1 (benzothiophene) to 0.058 mg L −1 (benzonaphthothiophene). Correlation coefficients (R 2 ) ≥ 0.99 were obtained for all compounds. The mean recovery for most of PASHs ranged from 66.2 ± 5 % to 119 ± 3 %, with interday and intraday precision <20 %. The proposed procedure was applied to determine PASHs in four fuel samples from different origins and total sulfur. The concentrations ranged from 0.406 ug g −1 to 4362 µg g −1 . PASH compounds were mainly DBT and BNT classes. The obtained results open the possibility of further applications of the PdNP phase in environmentally friendly procedures for the perspectives of fuels and biofuels with increasingly lower concentrations of PASH.",10.1016/j.fuel.2025.135842,"Energias Renováveis, Biomassa e Combustíveis Verdes",biocombustíveis e combustíveis verdes
Production And Characterization Of Kombucha-Like Beverage By Cocoa (theobroma Cacao) By-Product As Raw Material,"• CBS was used to develop a kombucha-like fermented beverage. • High-throughput sequencing identified key microbial species in the beverage. • Formulations showed varied total phenolic content during storage stability. • Sensory acceptance of formulations averaged 68.6 % across tested samples. Cocoa is one of the most consumed products globally. However, only approximately 20 % of cocoa is utilized, leading to a search for alternatives and ways to utilize the by-products, which represent approximately 80 % of the fruit and have nutritional potential. Therefore, this work aimed to produce and characterize a beverage similar to kombucha using cocoa bean shell (CBS) at different concentrations (0.7 %, 1.5 %, and 2.3 %). The fermented beverage was analyzed for alcohol content, antioxidant activity, structure of symbiotic cultures of bacteria and yeast using scanning electron microscopy (SEM), as well as pH, soluble solids, titratable acidity, color parameters, and total phenolic compounds (TPCs) after 0, 3, 6, 9, and 12 d of storage at 2.7 ± 0.06 °C. The results showed the absence of alcohol content, antioxidant activity in all the analyzed formulations, and dense, interconnected structures in the SEM analysis of symbiotic cultures developed during fermentation. Variations were identified in the analyzed parameters, namely pH (from 3.58 ± 0.01 to 3.61 ± 0.02), soluble solids (ºBrix) (from 7.03 ± 0.06 to 7.13 ± 0.06), and titratable acidity (g of acetic acid/100 ml) (from 0.29 ± 0.00 to 0.31 ± 0.01). Interestingly, concerning color parameter, a significant influence of CBS content on luminosity parameter was evidenced (ranging from 90.25 ± 0.01 to 92.45 ± 0.06) and on reddish hue (with variation from 2.01 ± 0.01 to 1.53 ± 0.07), in addition to variation in TPC content (ranging from 2.33 ± 0.00 to 1.73 ± 0.00). For the sensory profile, the average acceptance rate of the three formulations was 68.6 %, and the average purchase intention ranged 2.98–3.20. High-throughput sequencing revealed that the primary bacterial genera were Komagataeibacter, Acetobacter , and Gluconacetobacter , and the predominant genera of yeasts were Brettanomyces and Pichia . In conclusion, CBS has significant potential for the development of innovative food products.",10.1016/j.fufo.2024.100528,"Energias Renováveis, Biomassa e Combustíveis Verdes",biomassa; aproveitamento energético de resíduos
Replacing Conventional Substrate With Linseed Cake Improves The Omega-3 Profile Of Zophobas Atratus Fabricius (coleoptera: Tenebrionidae) Larvae,"Edible insects emerge as sustainable sources of protein, lipids, and minerals for human consumption, with the potential for transformation and bioaccumulation of nutritional compounds from alternative feeds. This study examined the nutritional enrichment of Zophobas atratus larvae using linseed cake, an agro-industrial by-product, as a feed substitute. Larvae were fed diets containing varying proportions of linseed cake (0%, 25%, 50%, 75%, and 100%), and their nutritional profile and feed efficiency were evaluated. Feed conversion efficiency remained comparable to the control group with up to 75% linseed cake incorporation. Larvae fed 100% linseed cake showed higher protein content (46.68% vs. 41.38% in control) and significantly improved fatty acid profiles, with alpha-linolenic acid increasing from 1.03% to 28.66%. This resulted in a favorable shift in the omega-6/omega-3 ratio from 23.61 to 0.58. Mineral analysis revealed high levels of phosphorus, manganese, zinc, and magnesium for larvae fed 100% linseed cake. The results demonstrate that Zophobas atratus larvae can be nutritionally enhanced through linseed cake feeding, offering improved protein content and beneficial fatty acid profiles for sustainable food systems.",10.1016/j.fufo.2025.100743,"Energias Renováveis, Biomassa e Combustíveis Verdes",biomassa; aproveitamento energético de resíduos
Detection Of South American Porcupines (rodentia: Erethizontidae) By Thermal Drones: A New Opportunity For Surveying And Monitoring Of Elusive Species,"Studying elusive, nocturnal and arboreal mammals such as the Neotropical porcupines (Erethizontidae) is logistically challenging, as traditional visual censuses often require many hours to detect an individual. Such logistical constraints have resulted in a knowledge gap about this group, highlighting the need for new survey approaches such as drones. We evaluated the feasibility and detection performance of thermal drones for arboreal porcupines and contextualized their performance relative to ground-based visual searches in different fragments of Atlantic Forest in four Brazilian states. Eighteen individuals of three species ( Coendou baturitensis, C. spinosus, and Chaetomys subspinosus ) were recorded: nine during 4,414 minutes of ground searches and nine during 198 minutes of drone flights. Drone-assisted surveys showed shorter median time to first detection (8.0 min) compared to diurnal ground surveys (132.5 min), substantially reducing search time per detection. These findings extend the known western distribution of C. subspinosus, and demonstrate that thermal drones are a non-invasive and time-efficient complementary tool for surveying arboreal mammals in structurally complex forests.",10.1016/j.gecco.2026.e04183,Eficiência Energética,redução do consumo energético em processos produtivos; tecnologias e equipamentos de alta eficiência
A Call For Urban Greening: High Forest Thresholds For The Endangered Northern Maned Sloth In Urbanized Landscapes,"Habitat loss is a major driver of species decline, often producing non-linear responses with critical thresholds. We used drone-based thermal surveys and occupancy models to evaluate the effects of forest and urban cover on the endangered northern maned sloth ( Bradypus torquatus ) in peri-urban landscapes of the Atlantic Forest, Bahia, Brazil. Results revealed a positive, non-linear relationship between forest cover and occupancy, with a critical decline around 50%, and occupancy approaching zero below 31% forest cover. These values are higher than thresholds previously reported in agricultural areas. Urban cover had a negative non-linear effect on occupancy at intermediate forest levels (∼40%), indicating that urbanization amplifies the negative effects of habitat loss in such conditions. Our findings demonstrate that the deforestation levels currently permitted within peri-urban and urban zones by Brazilian environmental law are insufficient to ensure sloth persistence. Given accelerating real estate speculation, urban expansion, and the limited extent of protected areas within the species’ range, a paradigm shift in urban and peri-urban planning is urgently needed. Integrating biodiversity conservation into city planning and active management of urban risks is essential to ensure the conservation of this threatened mammal in such areas and its coexistence with humans.",10.1016/j.gecco.2026.e04206,"Energias Renováveis, Biomassa e Combustíveis Verdes",biomassa; biocombustíveis e combustíveis verdes
Loss Of Life Estimation And Risk Level Classification Due To A Dam Break,"This report estimated the loss of life and the variation of risk level to people and properties from the city of São José do Jacuípe, at Bahia State, in Brazil, through a simulation of the dam break near the city. The simulations employ the HEC-RAS program with the HEC-GeoRAS plugin, both made available by the U.S. Army Corps of Engineers. The program is a hydrological model for the hydric flow propagation arising from the complete resolution of the Saint-Venant equation, while the plugin was used for vector editing by creating a geomorphological model from the river basin. The results from the research demonstrated that the city is exposed to a risk that is time dependent. In addition, the lack of a warning system about a possible break could cause the death of almost all residents. Otherwise, with a warning system operating, the estimation of destruction would be dramatically reduced.",10.1016/j.heliyon.2022.e09257,Eficiência Energética,redução do consumo energético em processos produtivos; aproveitamento energético de resíduos industriais
Genetic Polymorphism (rs6587666) In Flg Protects From Eczema In Admixed Brazilian Children Population With High African Ancestry,"Genetic variants in filaggrin ( FLG ) are key in eczema and are less common in Africans than in Europeans and Asians. Here we examined the association between FLG Single Nucleotide Polymorphisms (SNPs) and eczema in a population of admixed Brazilian children and whether African ancestry modifies this association. We included 1010 controls and 137 cases and ran logistic regressions between SNPs in FLG and eczema in the studied population and also stratified the analyses according to the degree of African ancestry. In addition, we tested the replication of the findings on an independent set of individuals, as well as, we verified the impact on FLG expression according to each SNP genotype. The T allele of SNP rs6587666 was negatively associated with eczema in additive model ( OR : 0.66, 95% CI: 0.47–0.93, P : 0.017). Moreover, African ancestry modifies the association between rs6587666 and eczema. The effect of the T allele was higher among individuals with higher African ancestry and the association with eczema was lost in individuals with lower African ancestry. In our analyses the expression of FLG in skin was slightly downregulated by the presence of the T allele of rs6587666. In our population, the T allele of rs6587666 in FLG was associated with protection to eczema and the degree of African ancestry was able to modify the observed association.",10.1016/j.heliyon.2023.e13659,Exploração Mineral Sustentável,minerais críticos
Protease Inhibitors From Theobroma Cacao Impair Sars-Cov-2 Replication In Vitro,"SARS-CoV-2 is a newly emerging virus from the Coronaviridae family that has already infected over 700 million people worldwide and killed over 6 million. This virus uses protease molecules to replicate and infect the host, which makes these molecules targets for therapeutic substances to eliminate the virus and treat infected people. Through the protein-protein molecular docking approach, we detected two cystatins from Theobroma cacao, TcCYS3 and TcCYS4, described as papain-like protease inhibitors. These inhibitors decreased SARS-CoV-2 genomic copies without toxicity to Vero cells. There is a need to perform comprehensive studies in relevant animal models and to investigate the action mechanisms of protease inhibitors from Theobroma cacao that control the replication of SARS-CoV-2 in human cells.",10.1016/j.heliyon.2023.e15860,"Energias Renováveis, Biomassa e Combustíveis Verdes",biomassa; biocombustíveis e combustíveis verdes
Artificial Neural Network Approach For Predicting The Sesame (sesamum Indicum L.) Leaf Area: A Non-Destructive And Accurate Method,"The estimative of the leaf area using a nondestructive method is paramount for successive evaluations in the same plant with precision and speed, not requiring high-cost equipment. Thus, the objective of this work was to construct models to estimate leaf area using artificial neural network models (ANN) and regression and to compare which model is the most effective model for predicting leaf area in sesame culture. A total of 11,000 leaves of four sesame cultivars were collected. Then, the length (L) and leaf width (W), and the actual leaf area (LA) were quantified. For the ANN model, the parameters of the length and width of the leaf were used as input variables of the network, with hidden layers and leaf area as the desired output parameter. For the linear regression models, leaf dimensions were considered independent variables, and the actual leaf area was the dependent variable. The criteria for choosing the best models were: the lowest root of the mean squared error (RMSE), mean absolute error (MAE), and absolute mean percentage error (MAPE), and higher coefficients of determination (R 2 ). Among the linear regression models, the equation y ˆ = 0.515 + 0.584 * L W was considered the most indicated to estimate the leaf area of the sesame. In modeling with ANNs, the best results were found for model 2-3-1, with two input variables (L and W), three hidden variables, and an output variable (LA). The ANN model was more accurate than the regression models, recording the lowest errors and higher R 2 in the training phase (RMSE: 0.0040; MAE: 0.0027; MAPE: 0.0587; and R 2 : 0.9834) and in the test phase (RMSE: 0.0106; MAE: 0.0029; MAPE: 0.0611; and R 2 : 0.9828). Thus, the ANN method is the most indicated and accurate for predicting the leaf area of the sesame.",10.1016/j.heliyon.2023.e17834,"Energias Renováveis, Biomassa e Combustíveis Verdes",biomassa
Genetic Variants Associated With Sars-Cov-2 Infection Also Affect Lung Function And Asthma Severity,"Background Host genetic factors may be associated with COVID-19 unfavourable outcomes. The first genome-wide association study (GWAS) conducted in individuals with respiratory failure due to COVID-19 revealed susceptibility loci close to six genes ( SLC6A20 , LZTFL1 , CCR9 , FYCO1 , CXCR6 and XCR1 ) and the ABO blood-group gene. We aimed to investigate how polymorphisms in those genes could relate to lung function and severe asthma in a Brazilian population. Methods DNA samples of 784 individuals following the ProAR ( Programa para Controle da Asma e Rinite Alérgica da Bahia ) were genotyped by the Multi-Ethnic Global Array panel with ∼2 million polymorphisms (Illumina). Polymorphisms in SLC6A20 , LZTFL1 , CCR9 , FYCO1 , CXCR6 , XCR1 and the ABO blood-group gene were evaluated. Logistic regression for severe asthma, airway obstruction and lack of FEV 1 reversibility was performed using PLINK software 1.9, in the additive model and was adjusted for sex, age and PCA-1. Pairwise Linkage disequilibrium analyses were performed using Haploview 4.2. The haplotypes and gene score analyses were performed in the SNPstat tool. In silico functions of polymorphisms were analysed using rSNPbase and RegulomeDB plataforms. Results We identified the rs8176733 (G allele) and rs8176725 (A allele) in the ABO blood-group gene as risk factors for severe asthma, lower pulmonary obstruction and lack of FEV1 reversibility. Polymorphisms in CCR9 are risk factors for both severe asthma (A allele of rs34338823) and airway obstruction (A allele of rs6806802). The markers rs13079478 (A allele) and rs75817942 (A allele) in FYCO1 are related to more severe asthma and a lack of FEV1 reversibility, respectively. We identified the A allele of both rs35731912 and rs34338823 in LZTFL1 as risk factors for severe asthma. The marker rs6806802 (C allele) was associated with airway obstruction and rs7614952 (A allele), rs7625839 (G allele) and rs112509260 (A allele) are related to a lack of FEV1 reversibility. The A allele of rs2531747 in the SLC6A20 gene is also associated with severe asthma. Conversely, polymorphisms in XCR1 play a protective role in relation to severe asthma (A allele of rs2036295) and airway obstruction (A allele of rs2036295). Additionally, we found that individuals with a higher number of risk alleles have a greater risk of severe asthma, airway obstruction and FEV 1 reversibility. Conclusion Our study suggests that polymorphisms in genes associated with respiratory failure in SARS-CoV-2-infected individuals are associated with greater susceptibility to severe asthma and reduced lung function in subjects with asthma.",10.1016/j.heliyon.2023.e19235,Exploração Mineral Sustentável,minerais críticos; metais prioritários para a transição energética
Cellulose Processing Using Ionic Liquids: An Analysis Of Patents And Technological Trends,"The production of cellulose derivatives using ionic liquid (IL) as solvents and catalysts has become prominent over the last few years, since the process eliminates the use of toxic substances. This study aimed to map and understand the trends in cellulose processing using ILs by a patent analytic approach and technology life cycle modeling. The documents were searched on the Espacenet® and Orbit® platforms.The majority of innovations have come from companies based in developed countries. The data fitted to the sigmoid BiDoseResp model and the life cycle S-curve showed a market in an early stage of maturity. This mapping brings information that subsidizes decision-making regarding investments, research, and innovations aimed at IL-mediated cellulose treatment. Potential markets mostly use ILs of the imidazolium family in polymer chemistry, machinery, and biotechnology technologies. However, medical and pharmaceutical technologies and microstructure and nanostructure applications are still emerging, fostering perspectives for innovation.",10.1016/j.heliyon.2024.e39590,"Energias Renováveis, Biomassa e Combustíveis Verdes",biomassa; biorrefino e biorrefinarias; biocombustíveis e combustíveis verdes
Hyperuricemia And Impaired Metabolic Profile In Community-Dwelling Older Adults: A Bayesian Approach,"Serum uric acid (UA) levels have stood out as a candidate for biomarker of several pathological processes, especially from cardiometabolic diseases. This study aimed to compare biomarkers of cardiometabolic dysfunction in community-dwelling older adults with normal and high levels of UA. Cross-sectional study including 228 community-dwelling older adults, clinically stratified as with or without hyperuricemia, according the cutoff point of serum uric acid ≥6 mg/dL for women and ≥7 mg/dL for men. Venous blood withdrawal was conducted and used to obtain UA, triglycerides, and glucose levels. Anthropometric measurements were conducted to record height, body mass, and waist circumference. From serum and anthropometric parameters, triglyceride/glucose index (TyG), lipid accumulation product (LAP), and visceral adiposity index (VAI) were calculated. Linear mixed model analysis was used to determine between-group differences in cardiometabolic parameters (VAI, LAP, and TyG), taking groups as fixed factor and sex, use of hypoglycemiant and hypolipemiant medications as random factors. The Bayesian analysis was conducted to check the magnitude of the evidence. The community-dwelling older adults with high serum UA exhibited statistically higher values (p < 0.05) of TyG (mean difference = 0.24 [95% CI = 0.39 to 0.90]), VAI (mean difference = 0.75 [95% CI = 0.25 to 1.25]) and LAP (mean difference = 15.56 [95% CI = 3.98 to 27.15]). The Bayesian analysis indicated moderate to strong posterior probabilities favoring the alternative hypothesis. Our results shed light on the relationship between hyperuricemic state in community-dwelling older adults and adipocyte dysfunction, ectopic lipid deposition, and insulin resistance. • Serum uric acid levels have stood out as a candidate biomarker of cardiometabolic dysfunction. • The aging process is associated with a body adiposity increase. • Visceral Adiposity Index and Lipid accumulation product are indicators of adipose tissue dysfunction. • TyG index has been reported as a surrogate marker of insulin resistance. • Visceral Adiposity Index, Lipid accumulation product, and TyG were higher in hyperuricemic older aldults",10.1016/j.hnm.2023.200191,Eficiência Energética,redução do consumo energético em processos produtivos; tecnologias e equipamentos de alta eficiência
"Relationship Among Dietary Intake Of Vitamin D, Magnesium, And Calcium, 25-Hydroxyvitamin D Levels, And Glycemic Control Markers In Individuals With Type 2 Diabetes","To verify the associations of 25-hydroxyvitamin D (25(OH)D) concentrations, vitamin D intake, magnesium, and calcium with glycemic control in individuals with type 2 diabetes mellitus (T2DM). A total of 107 adult with T2DM, residing in the state of Sergipe/Brazil (latitude: 10°), were evaluated for concentrations of 25(OH)D, parathyroid hormone, fasting glucose, %HbA1c, insulin, C-peptide, total cholesterol and fractions, homeostasis of beta-cell function (HOMA-B), insulin sensitivity (HOMA-S) and resistance (HOMA-IR), anthropometry, body composition, and usual food intake. The results were analyzed according to 25(OH)D status (insufficient/deficient <30 ng/mL; adequate ≥30 ng/mL). Mann–Whitney, chi-square, and binary logistic regression tests were performed. P-value<0.05 was considered significant. The median age and time to T2DM diagnosis were 49 and 5 years, respectively. High inadequacy was observed in the dietary intake of vitamin D, magnesium, and calcium. Higher HOMA-B values were observed in the vitamin D adequate group (p = 0.032) and higher fasting serum glucose concentrations (p = 0.012) and %body fat (p = 0.048) in the insufficient/deficient group, which had a higher chance of elevated serum glucose (odds ratio [OR]:2.937; p = 0.020) and HOMA-IR (OR:2.496; p = 0.045). Vitamin D deficiency is associated with poor glycemic control and insulin resistance, and these aspects are unrelated to inadequate dietary intake of vitamin D, magnesium, and calcium.",10.1016/j.hnm.2023.200218,Eficiência Energética,redução do consumo energético em processos produtivos; tecnologias e equipamentos de alta eficiência
Standard Mpc And Inputs-Target Mpc Implementation Comparison In Esp Systems,"Electric submersible pump (ESP) systems are essential in the oil industry. These systems allow operation with high flow rates and efficiency, even in mature and deep wells. This paper compares the practical implementation of Model Predictive Controllers (MPC) in an ESP system in the Artificial Lift Laboratory at UFBA. The first controller is the traditional MPC, and the second is a target MPC with targets at the input. The zone controller is a more advantageous option for the scenarios tested since tuning is more straightforward, has an easy operating point for the operator to understand, and operates naturally in the maximum production region.",10.1016/j.ifacol.2025.07.127,Eficiência Energética,eficiência energética industrial; redução do consumo energético em processos produtivos; tecnologias e equipamentos de alta eficiência
Maintenance Of Postharvest Quality Of `palmer? Mango Coated With Biodegradable Coatings Based On Cassava Starch And Emulsion Of Lemongrass Essential Oil,"This study aimed to evaluate the effect of applying oxidized cassava starch-based edible coatings with addition of lemongrass essential oil emulsion on 'Palmer' mangoes stored under refrigeration. A completely randomized design was used, arranged in a 5 × 3 factorial scheme, with five types of coatings and three evaluation times. The evaluated postharvest quality parameters consisted of weight loss, pulp and peel firmness, biochemical transformations related to pigments, and pulp and peel coloration of mango. The application of edible coatings with a 0.9 % EO concentration resulted in delayed fruit ripening, evidenced mainly by a 7.25 % reduction in weight loss, a 29.23 % increase in soluble solids content, and a 24.15 % decrease in total chlorophyll, when compared to uncoated fruits, which showed 19.8 %, 48.66 %, and 82.00 %, respectively, over the storage period. This effect was also evident in the angle Hue (°h) measurement, with uncoated fruits showing a decrease of 32.2 %. The antimicrobial effect and absence of anthracnose symptoms were observed in the fruits in which the coating with 0.9 % EO was applied. Therefore, biodegradable coating with the addition of 0.9 % emulsion EO, can be used as postharvest treatments for maintenance quality of 'Palmer' mangoes during refrigerated storage.",10.1016/j.ijbiomac.2024.134323,"Energias Renováveis, Biomassa e Combustíveis Verdes",biomassa; aproveitamento energético de resíduos
Detection And Sequencing Of Zika Virus In Normocephalic Newborns With Congenital Zika Infection,"Fourteen asymptomatic normocephalic newborns with confirmed congenital Zika infection were investigated. All newborns presented Zika virus (ZIKV) positivity on reverse transcriptase polymerase chain reaction. Following ZIKV-specific NS5 gene fragment sequencing in one child, phylogenetic analysis revealed that this isolate belonged to the Asian genotype, and clustered closely with other sequences previously isolated in north-east and northern regions of Brazil.",10.1016/j.ijid.2021.10.051,Exploração Mineral Sustentável,
Dolutegravir Improves Physical Health-Related Quality Of Life In Adults With Htlv-1 Infection: A Randomized Controlled Trial,"OBJECTIVES: Human T-lymphotropic virus type 1 (HTLV-1) infection is associated with progressive neurological impairment and reduced health-related quality of life (HRQoL). We evaluated longitudinal changes in HRQoL over 96 weeks in adults with HTLV-1 receiving dolutegravir compared with vitamin C. METHODS: This open-label, randomized controlled trial conducted in Brazil assigned participants to dolutegravir (50 mg/day) or vitamin C (500 mg/day). HRQoL was assessed using the RAND-36 questionnaire at baseline and week 96. Within-group changes were estimated using Cohen's d. Between-group comparisons for the Physical and Mental Component Summary scores (PCS and MCS) were performed using analysis of covariance adjusted for baseline values. RESULTS: Sixty-one participants completed follow-up (dolutegravir n=34; vitamin C n=27). The dolutegravir group showed improvements in physical functioning and pain domains. After adjustment, PCS scores at week 96 were significantly higher in the dolutegravir group compared with vitamin C (adjusted mean difference 3.92; 95% CI 0.30-7.53; p=0.034). No significant between-group difference was observed for MCS. CONCLUSIONS: Dolutegravir was associated with improved physical HRQoL over 96 weeks in individuals with HTLV-1, while no benefit was observed in mental health domains. These findings support further investigation of integrase inhibitors in HTLV-1-associated disease. CLINICAL TRIAL REGISTRATION: ReBEC RBR-5 × 7ccxp.",10.1016/j.ijid.2026.108933,Eficiência Energética,redução do consumo energético em processos produtivos; tecnologias e equipamentos de alta eficiência
Renal Vein Thrombosis In The Course Of Non-Operative Treatment Of Kidney Trauma: A Rare Case Report,"INTRODUCTION: Venous thromboembolism is widely recognized as a life-threatening complication in trauma, yet renal vein thrombosis (RVT) following trauma is particularly rare. PRESENTATION OF CASE: We report a case of a 67-year-old man who was brought to the emergency department after falling down a 14-step staircase at home which presented right kidney trauma (parenchyma laceration with a perirenal hematoma) on computed tomography, and hematuria. Considering the patient's hemodynamic stability, a non-operative treatment was initiated, and the patient was referred to the intensive care unit for close observation. On post-trauma day 3, a repeated CT revealed right renal vein thrombosis. After evaluation, it was decided to maintain prophylactic anticoagulation doses of enoxaparin (40 mg/day) due to the elevated risk of bleeding in high-grade renal trauma and planned an inferior vena cava (IVC) filter placement. In the following days, the hematuria resolved spontaneously and an IVC filter was placed. The patient progressed with no complaints, spontaneous diuresis, improvement in laboratory parameters, and cardiovascular stability, which led to his discharge on day 12 with rivaroxaban 10 mg/day. The patient was successfully treated with a non-operative approach, and the RVT disappeared after 35 days. DISCUSSION: Post-traumatic renal vein thrombosis is a rare occurrence, and due to the infrequent nature of these events, specific management guidelines are not fully established, particularly when thrombosis is confirmed in an acutely injured patient. CONCLUSION: Conservative therapy seems to play a meaningful role in trauma-related renal vein thrombosis treatment.",10.1016/j.ijscr.2024.109433,Eficiência Energética,redução do consumo energético em processos produtivos
A New Experimental Model To Study Shrimp Allergy,"Shrimp is among the most sensitizing food allergens and has been associated with many anaphylaxis reactions. However, there is still a shortage of studies that enable a systematic understanding of this disease and the investigation of new therapeutic approaches. This study aimed to develop a new experimental model of shrimp allergy that could enable the evaluation of new prophylactic treatments. BALB/c mice were subcutaneously sensitized with 100 μg of shrimp proteins of Litopenaeus vannamei adsorbed in 1 mg of aluminum hydroxide on day 0, and a booster (100 µg of shrimp proteins only) on day 14. The oral challenge protocol was based on the addition of 5 mg/ml of shrimp proteins to water from day 21 to day 35. Analysis of shrimp extract content detected at least 4 of the major allergens reported to L. vannamei. In response to the sensitization, allergic mice showed significantly enhanced IL-4 and IL-10 production in restimulated cervical draining lymph node cells. High detection of serum anti-shrimp IgE and IgG1 suggested the development of allergies to shrimp while Passive Cutaneous Anaphylaxis assay revealed an IgE-mediated response. Immunoblotting analysis revealed that Allergic mice developed antibodies to multiple antigens present in the shrimp extract. These observations were supported by the detection of anti-shrimp IgA production in intestinal lavage samples and morphometric intestinal mucosal changes. Therefore, this experimental protocol can be a tool to evaluate prophylactic and therapeutic approaches.",10.1016/j.imlet.2023.06.007,Exploração Mineral Sustentável,
The Malignancy Within: What Cancer Teaches Us About Human Bonds,"Cancer is a disease of the self. Unlike infectious threats that come from outside, malignancies arise from within, when ordinary cells abandon their cooperative roles and pursue unchecked proliferation. This betrayal of biological solidarity offers profound metaphors for understanding interpersonal and social dysfunction. Drawing on the ""hallmarks of cancer,"" the concept of the tumor microenvironment, and advances in immunotherapy, this essay argues that cancer mirrors many relational pathologies: the violation of boundaries, exploitation of shared resources, the masking of harm, and the spread of dysfunction across contexts. Just as tumors evade immune surveillance and exploit systemic vulnerabilities, individuals and groups in social systems manipulate tolerance and exploit complicity. Yet cancer biology also offers lessons in resilience. Therapies reveal the importance of precise, context-sensitive intervention; the biology of remission emphasizes the possibility of repair without erasure. By reflecting on malignancy as metaphor, we see that the health of human relationships requires balance between growth and restraint, vigilance and tolerance, repair and prevention. Cancer thus becomes a biomedical frontier and an ethical and social teacher, offering insights into how individuals and communities can recognize, contain, and heal the malignant dynamics that arise from within.",10.1016/j.imlet.2026.107205,Eficiência Energética,redução do consumo energético em processos produtivos; tecnologias e equipamentos de alta eficiência
Food And Nutrition Surveillance: Exploring Facilitators And Barriers To Electronic Registration In Brazil,"Malnutrition is a leading global health challenge, worsened by dietary shifts toward the consumption of ultra-processed food. In Brazil, food and nutrition surveillance is integrated into the Primary Health Care (PHC) services of the Unified Health System (SUS) via the Food and Nutrition Surveillance System (Sisvan). Despite its potential for assessing population dietary trends and supporting public health policies, population coverage and use by health professionals and managers remain limited. This study aimed to identify facilitators and barriers to the use of Sisvan food intake markers in PHC, especially regarding data handling in collection, registration and analysis. A cross-sectional study was conducted in 2021, involving PHC managers and health professionals from all five Brazilian macro-regions. A questionnaire with closed- and open-ended questions was distributed electronically to assess the use of food intake markers, data entry routines, and practices for data analysis. Sociodemographic characteristics of participants were described. Thematic analysis was used to open-ended responses to identify barriers and facilitators. Among 301 participants, 78.1 % worked in municipalities that collected food intake markers, primarily using Sisvan forms (88.9 %). However, only 42.1 % reported routine data analysis at both individual and collective levels. The brevity and simplicity of the Sisvan forms and their integration with electronic systems were among the facilitators. Barriers were related to work overload, insufficient infrastructure, system slowness, and lack of professional training. Recommendations included enhancing system usability, expanding professional qualification programs, and fostering interprofessional collaboration. The findings highlight the underutilization of data on food intake markers for planning and decision making in PHC in Brazil, despite a significant proportion of participants acknowledging data collection. Addressing identified barriers could enhance Sisvan's potential to monitor dietary trends and guide public health interventions. This study underscores the need for targeted strategies, such as continuing education, better integration with electronic health records, and infrastructure improvements, to strengthen food and nutrition surveillance in Brazil. • Monitoring of dietary trends is feasible, but lacks routine data analysis in PHC. • Barriers include workload, system instability, and infrastructure gaps. • Professional training and electronic integration are key to improving the system.",10.1016/j.infoh.2025.04.001,Eficiência Energética,redução do consumo energético em processos produtivos; tecnologias e equipamentos de alta eficiência
Mtor Gene Variants Are Associated With Severe Covid-19 Outcomes: A Multicenter Study,"BACKGROUND: The worst outcomes linked to severe acute respiratory syndrome coronavirus 2 (SARS-CoV-2) infection have been attributed to the cytokine storm, which contributes significantly to the immunopathogenesis of the disease. The mammalian target of rapamycin (mTOR) pathway is essential for orchestrating innate immune cell defense including cytokine production and is dysregulated in severe Coronavirus Disease 2019 (COVID-19) individuals. The individual genetic background might play a role in the exacerbated immune response. OBJECTIVE: In this study, we aimed to investigate the association between MTOR genetic variants and COVID-19 outcomes. METHODS: This study enrolled groups of individuals with severe (n = 285) and mild (n = 207) COVID-19 from Brazilian states. The MTOR variants, rs1057079 and rs2536, were genotyped. A logistic regression analysis and Kaplan-Meier survival curves were performed. We applied a genotyping risk score to estimate the cumulative contribution of the risk alleles. Tumor necrosis factor (TNF) and interleukin-6 (IL-6) plasma levels were also measured. RESULTS: The T allele of the MTOR rs1057079 variant was associated with a higher likelihood of developing the most severe form of COVID-19. In addition, higher levels of IL-6 and COVID-19 death was linked to the T allele of the rs2536 variant. These variants exhibited a cumulative risk when inherited collectively. CONCLUSIONS: These results show a potential pathogenetic role of MTOR gene variants and may be useful for predicting severe outcomes following COVID-19 infection, resulting in a more effective allocation of health resources.",10.1016/j.intimp.2023.111155,Exploração Mineral Sustentável,minerais críticos
Bridging Ai And Edge Computing: A Comprehensive Benchmark Of Yolo Models In The Internet Of Intelligent Things,"The scalable deployment of Edge AI within the Internet of Intelligent Things (IoIT) is currently limited by a disconnect between theoretical model performance and physical hardware realities. As a result, many real-world systems fail to account for practical constraints that can impair performance, robustness, and long-term operation of embedded AI implementations. To bridge this gap, this article proposes an assessment framework designed to quantify the operational viability of the Bare Edge (CPU-only Single-Board Computers) through four well-defined stages, aimed at the assessment of three competing constraints: Energy ( C 1 ), Cost ( C 2 ), and Performance ( C 3 ). We validate this methodology through an exhaustive characterisation of 400 unique hardware-software configurations across the Raspberry Pi ecosystem, using state-of-the-art YOLO11 object detection as the target workload. The application of this framework uncovers a counter-intuitive Efficiency Inversion, where high-performance architectures consume less energy per inference task than their predecessors, and rigorously quantifies a “Python Tax” that dictates thermal stability in passive environments. Synthesising these empirical findings, we formulate the Efficiency-Viability Matrix, a strategic decision-making tool that model three operational archetypes: The Sentinel for autonomy, The Live Tracker for speed, and The Analyst for precision. This study provides system architects with a scalable roadmap for exploiting the Bare Edge, demonstrating that widespread visual intelligence is viable without the reliance on dedicated hardware accelerators. Ultimately, this research provides the scientific and academic community with a reproducible baseline that bridges the critical gap between theoretical AI algorithms and their physical viability, fostering sustainable democratisation of intelligent systems.",10.1016/j.iot.2026.101926,Eficiência Energética,eficiência energética industrial; redução do consumo energético em processos produtivos; tecnologias e equipamentos de alta eficiência
Exploring Geographic Differences In Ige Response Through Network And Manifold Analyses,"BACKGROUND: Component-resolved diagnostics allow detailed assessment of IgE sensitization to multiple allergenic molecules (component-specific IgEs, or c-sIgEs) and may be useful for asthma diagnosis. However, to effectively use component-resolved diagnostics across diverse settings, it is crucial to account for geographic differences. OBJECTIVE: We investigated spatial determinants of c-sIgE networks to facilitate development of diagnostic algorithms applicable globally. METHODS: We used multiplex component-resolved diagnostics array to measure c-sIgE to 112 proteins in an international collaboration of several studies: WASP (World Asthma Phenotypes; United Kingdom, New Zealand, Brazil, Ecuador, and Uganda), U-BIOPRED (Unbiased Biomarkers for the Prediction of Respiratory Disease Outcomes; 7 European countries), and MAAS (Manchester Asthma and Allergy Study, a UK population-based birth cohort). Hierarchical clustering on low-dimensional representation of co-occurrence networks ascertained sensitization and c-sigE clusters across populations. Cross-country comparisons focused on a common subset of 18 c-sIgEs. We investigated sensitization networks across regions in relation to asthma severity. RESULTS: Sensitization profiles shared similarities across regions. For 18 c-sIgEs shared across study populations, the response structure enabled differentiation between different geographic areas and study designs, revealing 3 clusters: (1) Uganda, Ecuador, and Brazil, (2) U-BIOPRED children and adults, and (3) New Zealand, United Kingdom, and MAAS. Spectral clustering identified differences between clusters. We observed constant, almost parallel shifts between severe and nonsevere asthma in each country. CONCLUSIONS: Patterns of c-sIgE response reflect geographic location and study design. However, despite geographic differences in c-sIgE networks, there is a remarkably consistent shift between networks of subjects with nonsevere and severe asthma.",10.1016/j.jaci.2025.05.032,Exploração Mineral Sustentável,minerais críticos; metais prioritários para a transição energética
Gut Microbiome Signature And Nasal Lavage Inflammatory Markers In Young Asthmatics,"Background Asthma is a complex disease and a severe global public health problem resulting from interactions between genetic background and environmental exposures. It has been suggested that gut microbiota may be related to asthma development; however, such relationships needs further investigation. Objective This study aimed to characterize the gut microbiota as well as the nasal lavage cytokine profile of asthmatic and nonasthmatic individuals. Methods Stool and nasal lavage samples were collected from 29 children and adolescents with type 2 asthma and 28 children without asthma in Brazil. Amplicon sequencing of the stool bacterial V4 region of the 16S rRNA gene was performed using Illumina MiSeq. Microbiota analysis was performed by QIIME 2 and PICRUSt2. Type 2 asthma phenotype was characterized by high sputum eosinophil counts and positive skin prick tests for house dust mite, cockroach, and/or cat or dog dander. The nasal immune marker profile was assessed using a customized multiplex panel. Results Stool microbiota differed significantly between asthmatic and nonasthmatic participants ( P = .001). Bacteroides was more abundant in participants with asthma ( P < .05), while Prevotella was more abundant in nonasthmatic individuals ( P < .05). In people with asthma, the relative abundance of Bacteroides correlated with IL-4 concentration in nasal lavage samples. Inference of microbiota functional capacity identified differential fatty acid biosynthesis in asthmatic compared to nonasthmatic subjects. Conclusion The stool microbiota differed between asthmatic and nonasthmatic young people in Brazil. Asthma was associated with higher Bacteroides levels, which correlated with nasal IL-4 concentration.",10.1016/j.jacig.2024.100242,Eficiência Energética,redução do consumo energético em processos produtivos
Predictive Genetic Panel For Adult Asthma Using Machine Learning Methods,"Background: Asthma is a chronic inflammatory disease of the airways that is heterogeneous and multifactorial, making its accurate characterization a complex process. Therefore, identifying the genetic variations associated with asthma and discovering the molecular interactions between the omics that confer risk of developing this disease will help us to unravel the biological pathways involved in its pathogenesis. Objective: We sought to develop a predictive genetic panel for asthma using machine learning methods. Methods: values, and an elastic net regression. Ten different algorithms were chosen for the classification tests. A predictive panel was built on the basis of joint scores between the classification algorithms. Results: Two variable selection methods, Boruta and genome-wide association studies, were statistically similar in terms of the average accuracies generated, whereas elastic net had the worst overall performance. The predictive genetic panel was completed with 155 single-nucleotide variants, with 91.18% accuracy, 92.75% sensitivity, and 89.55% specificity using the support vector machine algorithm. The markers used range from known single-nucleotide variants to those not previously described in the literature. Our study shows potential in creating genetic prediction panels with tailored penalties per marker, aiding in the identification of optimal machine learning methods for intricate results. Conclusions: This method is able to classify asthma and nonasthma effectively, proving its potential utility in clinical prediction and diagnosis.",10.1016/j.jacig.2024.100282,Eficiência Energética,redução do consumo energético em processos produtivos; tecnologias e equipamentos de alta eficiência
Chromosome 21 Variants Tied To Severe Asthma Exacerbations: A Genome-Wide Association Study In A Brazilian Population,"Background: Asthma exacerbations are episodes of symptom worsening requiring increased therapy, which affect patients across all asthma severities. Potential genetic associations with asthma exacerbations in an understudied population were investigated. Objective: We sought to perform a genome-wide association study on severe asthma exacerbations in an admixed adult population with varying asthma severities and to explore potential epigenetic roles. Methods: via PhenoScanner v2. Results: ). Conclusions: The CXADR is highlighted as a potential novel susceptibility locus for asthma exacerbations, possibly tied to viral respiratory infections. Further replication and validation are needed.",10.1016/j.jacig.2025.100507,Exploração Mineral Sustentável,minerais críticos
Sol-Gel-Derived Yvo-: Eu With Eco-Friendly Chelating Agent: Study Of The Emission Under Near-Uv And X-Ray Excitation,"The optical properties of Eu-doped YVO₄ particles synthesized by the modified sol–gel method using an ecological chelating agent were investigated under both UV and X-ray excitation. Phase composition, morphology, and luminescent behavior were characterized using X-ray diffraction (XRD), transmission electron microscopy (TEM), X-ray fluorescence (XRF), X-ray absorption near-edge structure (XANES), photoluminescence spectra (PL), and X-ray-excited optical luminescence (XEOL). XRD analysis confirmed a single-phase tetragonal zircon structure formation. From Rietveld refinement calculations, a subtle difference in lattice parameters with slight flattening of the unit cell and an increase in its volume was observed with increasing europium concentration and an average nanometric crystallite size was estimated for all samples. TEM images revealed particles with different shapes, with average sizes a little larger than the nanometric limit (100 nm). XRF and XANES analyses confirmed homogeneous doping and a stable unique 3+ valence state for europium. PL and XEOL spectra showed characteristic Eu³⁺ f–f transitions, with the 5 D₀→ 7 F₂ transition as the dominant emission. XEOL spectra exhibited enhanced 5 D₁→ 7 F J transitions related to higher excitation energy. Chromaticity diagrams indicated red emission under UV excitation and a reddish orange emission under X-ray excitation, supporting the potential use of this material in LEDs and other luminescent devices with the possibility of identifying the excitation energy range. A crystal field analysis was carried out through the simple overlap model and the method of equivalent nearest neighbor.",10.1016/j.jallcom.2026.186313,Exploração Mineral Sustentável,terras raras; minerais críticos
Influence Of Synthesis Methods On The Structural And Luminescent Properties Of Ca2sio4:Eu Phosphors,"Eu-doped Ca 2 SiO 4 phosphors have attracted considerable attention due to their potential applications in solid-state lighting, particularly in white light-emitting diodes (W-LED). In this work, Eu-doped Ca 2 SiO 4 phosphors were synthesized via conventional sol–gel and modified sol–gel combustion routes to investigate how different synthesis conditions influence the structural, morphological, compositional, textural, and optical properties of the material. Structural characterization by X-ray diffraction (XRD) revealed that the sol–gel-derived sample crystallizes predominantly in the β -Ca 2 SiO 4 phase, whereas the combustion-derived sample exhibits reduced crystallinity and features indicative of structural disorder. Electron microscopy analyses, including high-resolution transmission electron microscopy (HRTEM) and selected area electron diffraction (SAED), confirmed the predominance of the β phase while revealing reduced long-range order and nanocrystalline domains in the combustion-derived sample. Scanning electron microscopy (SEM) and N 2 adsorption–desorption measurements showed that the combustion-derived material presents a more coalesced and compact microstructure, forming dense nanocrystalline aggregates with a lower specific surface area compared to the sol–gel sample. Optical properties were investigated by UV–Vis diffuse reflectance spectroscopy, photoluminescence (PL), and X-ray excited optical luminescence (XEOL), revealing differences in band gap energies associated with variations in structural and electronic disorder induced by the synthesis routes. Urbach energy analysis indicated a significantly higher degree of band-tail disorder in the combustion-derived sample. X-ray absorption near-edge structure (XANES) spectroscopy confirmed the coexistence of Eu 2 + and Eu 3 + oxidation states in the sol–gel sample, while only Eu 3 + was detected in the modified combustion-derived material. Furthermore, XEOL mapping revealed radiative recombination associated with F-centers in the sol–gel sample, with specific regions exhibiting a higher concentration of F-centers relative to Eu-related luminescent centers. Overall, the results demonstrate that the synthesis route plays a key role in controlling the structural, morphological, and optical properties of Eu-doped Ca 2 SiO 4 phosphors.",10.1016/j.jallcom.2026.188906,Exploração Mineral Sustentável,minerais críticos; metais prioritários para a transição energética; extração mineral sustentável
A Thermosensitive Pcna Allele Underlies An Ataxia-Telangiectasia-Like Disorder,"Proliferating cell nuclear antigen (PCNA) is a sliding clamp protein that coordinates DNA replication with various DNA maintenance events that are critical for human health. Recently, a hypomorphic homozygous serine to isoleucine (S228I) substitution in PCNA was described to underlie a rare DNA repair disorder known as PCNA-associated DNA repair disorder (PARD). PARD symptoms range from UV sensitivity, neurodegeneration, telangiectasia, and premature aging. We, and others, previously showed that the S228I variant changes the protein-binding pocket of PCNA to a conformation that impairs interactions with specific partners. Here, we report a second PCNA substitution (C148S) that also causes PARD. Unlike PCNA-S228I, PCNA-C148S has WT-like structure and affinity toward partners. In contrast, both disease-associated variants possess a thermostability defect. Furthermore, patient-derived cells homozygous for the C148S allele exhibit low levels of chromatin-bound PCNA and display temperature-dependent phenotypes. The stability defect of both PARD variants indicates that PCNA levels are likely an important driver of PARD disease. These results significantly advance our understanding of PARD and will likely stimulate additional work focused on clinical, diagnostic, and therapeutic aspects of this severe disease.",10.1016/j.jbc.2023.104656,Exploração Mineral Sustentável,minerais críticos; metais prioritários para a transição energética
Effects Of Twelve Weeks Of Dance Exergames On The Quality-Of-Life Variables Of Elderly Brazilian Women Enrolled In A Community Program,"BACKGROUND AND PURPOSE: Exercise-based interventions can be a safe alternative to improve and maintain physical and mental health during the aging process. The aim of the present study was to evaluate the effects of a 12-week training program with Dance Exergames on the mood and functional fitness profile of elderly women. METHODS: The sample (n = 22) was divided into Exergames (EG, n = 9, 70.6 ± 1.6 years) and Control Groups (CG, n = 13, 73.6 ± 2.2 years). Evaluations were carried out before and after the interventions. Each participant played, in pairs, the electronic game Dance Central 3, with the XBOX 360 Kinect console (Slim, Microsoft, USA). The EG trained for 12 weeks (24 sessions), with two weekly sessions of 50 min and the CG performed manual activities workshops. RESULTS: In functional fitness, both exercise training with exergame (EG) and the intervention model for the CG did not produce significant effects regarding interaction (group*time). Mood state presented significant effect of time intervention regarding tension (p = <0.001), depression (p = 0.001), anger (p = 0.030), fatigue (p = 0.001), and mental confusion (p = 0.004). CONCLUSION: Twelve weeks of training with a dance exergame (for, EG) and manual activities (for, CG) is enough to promote improvements in the mood state of healthy elderly women. This is an interesting result, as it shows that social interaction is as important a component as improving functional capacity.",10.1016/j.jbmt.2023.04.056,Eficiência Energética,redução do consumo energético em processos produtivos
"Effects Of Multicomponent Exercise On Immunity, Antibodies, And Physical Activity In Older Adults After Covid-19 Vaccination: An Rct-Feasibility Study","Background Immunosenescence contributes to reduced vaccine responsiveness and chronic low-grade inflammation in older adults. Although regular physical exercise has been associated with improved immune function, evidence regarding the feasibility and immunological effects of multicomponent exercise training (MET) following COVID-19 vaccination remains limited. This pilot randomized feasibility trial aimed to assess the feasibility of implementing a 10-week MET program and to explore its effects on functional fitness, physical activity, anthropometric measures, lipid profile, and immuno-inflammatory markers in community-dwelling older adults after COVID-19 vaccination. Methods Twenty-three community-dwelling older adults (≥60 years) completed this randomized pilot feasibility trial and were allocated to either a MET group (n = 10) or a Behavior Change Program (BCP) group (n = 13). Both interventions lasted 10 weeks. Pre- and post-intervention assessments included functional fitness (Short Physical Performance Battery), physical activity levels, anthropometric measures, lipid and protein profiles, immunoglobulins (IgA, IgM, IgG), and cytokines (IL-2, IL-6, IL-10, TNF-α, and IFN-γ). Results The intervention proved feasible, with satisfactory adherence among participants completing the program and no exercise-related adverse events. The MET group demonstrated significant improvements in functional fitness (p = 0.002; d=1.90). Although physical activity levels showed a positive trend, changes did not reach statistical significance. Significant reductions in IL-2, IL-6, and TNF-α were observed following MET (all p ≤ 0.05), whereas the BCP group exhibited increased IL-6 concentrations together with higher IL-2/IL-10 and IL-6/IL-10 ratios, suggesting a shift toward a more pro-inflammatory profile. Moderate-to-large effect sizes were also observed for improvements in selected lipid parameters, although most biochemical changes were not statistically significant. Conclusions This pilot feasibility trial demonstrated that a 10-week multicomponent exercise program can be safely implemented in community-dwelling older adults following COVID-19 vaccination and provides preliminary evidence of beneficial effects on functional fitness and selected immuno-inflammatory markers. Given the small sample size, these findings should be interpreted cautiously and confirmed in adequately powered randomized controlled trials.",10.1016/j.jbmt.2026.07.035,Eficiência Energética,redução do consumo energético em processos produtivos; tecnologias e equipamentos de alta eficiência
A Systematic Review Of Approaches Developed And Used For The Environmental Assessment Of Biorefineries,"Biorefineries are industrial units that integrate biochemical, physical-chemical, or thermochemical processes to convert biomass into commodities and high-value products for the chemical, pharmaceutical, food, or cosmetics industries . In this context, this research aims to develop a systematic review of the environmental assessment of biorefineries to support the identification of new research frontiers on the topic. Scientific Mapping was used with tools from the Bibliometrix package in the R® software. The data was collected on the Web of Science database and analyzed using the Biblioshiny function. The search period covers 2008–2021, in which 608 scientific publications were selected for analysis. The results indicate that the evolution of scientific knowledge on environmental assessment of biorefineries is associated with mathematical models for measuring environmental impact categories, mainly greenhouse gas (GHG) emissions with global warming potential (GWP). There is a recognized need to enhance these models, particularly in establishing a standardized procedure for assessing the environmental impact of biorefineries, especially with regard to the use of native vegetation resources. The findings of this study suggest that utilizing the partitioning allocation procedure is advantageous for distributing environmental burdens across various products. This approach facilitates the assessment of impact categories for a multi-product biorefinery. The research also found that the literature analyzed did not address the preservation of forest resources . This suggests the need to promote research that supports the valuation and economic use of forest resources, as well as the preservation of native forests. It also highlights the importance of strengthening the transition to a sustainable economy.",10.1016/j.jclepro.2024.143679,"Energias Renováveis, Biomassa e Combustíveis Verdes",biorrefino e biorrefinarias; biocombustíveis e combustíveis verdes; aproveitamento energético de resíduos
Surfactant Life Cycle Assessment: The Environmental Performance Of Surfactin Produced By Bacillus Subtilis,"Surfactants are used in a variety of industries due to their surface tension reduction properties. This study aims to evaluate the environmental performance of surfactin, from raw material extraction to the factory gate at an industrial scale, using Life Cycle Assessment (LCA) according to ISO 14040/44 standards. The OpenLCA 2.0.0 software and Ecoinvent 3.8 database were used for this analysis. The production of 1 kg of 89% w/w purified surfactin was assessed across seven scenarios, varying the fermentation medium and surfactin concentration, considering six environmental categories. Contribution analyses highlighted that utility consumption (electricity, air pumping, and steam), the carbon source used as a substrate, and surfactin yield, which ranged from 5 to 26% w/w, were the most significant variables for the assessed categories. Alternative scenarios were proposed, including the use of residual carbon sources, 16% w/w substrate-to-surfactin optimal conversion rate, and electricity supplier substitution from grid to photovoltaic power plants. These combined proposals demonstrated favorable results for the majority of the assessed categories, reducing fossil energy consumption (72%), global warming (72%), ozone depletion (51%), water consumption (40%), and ecotoxicity (3%) compared to the most favorable of the seven base scenarios. Expanding the system boundary to compare multiproduct scenarios for the production of Linear Alkylbenzene Sulfonate (LAS) surfactant and waste disposal versus surfactin production from residual carbon sources revealed that the carbon footprint of surfactin can be lower than that of the multiproduct LAS scenario. Thus, the findings highlight viable pathways for mitigating the environmental impacts associated with the life cycle of surfactin production.",10.1016/j.jclepro.2026.148034,"Energias Renováveis, Biomassa e Combustíveis Verdes",biomassa; aproveitamento energético de resíduos; biorrefino e biorrefinarias
Intense Scuba Diving Does Not Alter Activity Patterns Of Predatory Reef Fish: Evidence From A Protected Tourism Hotspot,"The rise of nature-based tourism has provided a new avenue for disturbing animal behaviour, especially in protected areas. One of the most important tourism sectors in aquatic environments is scuba diving, an activity considered sustainable given its non-extractive nature and capability of bringing relevant socio-economic benefits to local communities. However, knowledge about its impact on the activity patterns of aquatic animals is still scarce. Here, we used biotelemetry techniques to assess the importance of scuba diving in modulating the activity patterns of the dusky grouper (Epinephelus marginatus, Lowe, 1834), a marine predatory fish of high interest for fishing and tourism. We implemented Hidden Markov Models (HMMs) on high-resolution acceleration data using a temporal and spatial control while controlling for a set of environmental variables (i.e. photoperiod, time-of-day, moon phase, temperature, wave height, and intensity and direction of marine currents) within a multiple-use marine protected area, and diving tourism hot-spot, of the western Mediterranean Sea. Our results underlined the more decisive influence of environmental-related stressors on the activity patterns of the dusky grouper compared to the impact of scuba diving. A high heterogeneity existed in the response against most of the stressors, including the presence of scuba divers. Overall, the activity of dusky grouper was higher at night than at day, showing a positive relationship with wave height, water temperature, and current intensity and a negative one with the moon phase. Remarkably, our findings, based on novel biotelemetry tools, differed substantially from the common wisdom accepted for this species. In conclusion, there is no clear evidence of scuba divers influence on the general activity patterns of the dusky grouper. Beyond their relevance from an ecological perspective, these results provide useful insights for the sustainable management of coastal resources, suggesting that scuba diving, when properly carried out, can represent an important sector to foster for the blue growth of coastal communities.",10.1016/j.jenvman.2023.118491,Eficiência Energética,redução do consumo energético em processos produtivos
Passiflora Cincinnata Mast.: A Comprehensive Review Of Fruit Aspects Relevant To The Food Industry,"Passiflora cincinnata Mast., a species native to the Brazilian Cerrado and Caatinga biomes, remains underexplored industrially, and existing information on its fruits is fragmented in the literature. This review provides a critical synthesis of available studies, covering physicochemical, proximate, and phytochemical characteristics, as well as bioactivities and potential food applications. The studies were selected through analysis of titles, keywords, and abstracts in the Scopus and Google Scholar databases, without time restrictions. The pulp is the most investigated part, slightly sweet (∼11 °Brix), acidic (pH < 3.0), rich in citric (6.85 g/100 g) and ascorbic acids (13 – 23 mg/100 g), flavonoids, and phenolic acids with antioxidant potential. These characteristics justify their use in juices, desserts, and fermented beverages. The peel exhibits high levels of pectin (∼7 %), vitamin C (28.07 mg/100 g), and phenolic compounds (19.94 mg GAE/100 g), while the seeds are notable for their lipid content, dominated by linoleic acid (∼75 %), and antioxidant activity (77.5 % DPPH inhibition). However, important research gaps remain, mainly regarding the limited chemical characterization of the peel and seeds and their restricted investigation to flour and oil production, poor geographic representativeness of samples and the lack of studies on processing effects and compound bioavailability.",10.1016/j.jfca.2025.108772,"Energias Renováveis, Biomassa e Combustíveis Verdes",biomassa; biocombustíveis e combustíveis verdes
Suboptimal Bioinformatic Predictions Of Antimicrobial Resistance From Whole-Genome Sequences In Multidrug-Resistant Corynebacterium Isolates,"Herein, we combined different bioinformatics tools and databases (BV-BRC, ResFinder, RAST, and KmerResistance) to perform a prediction of antimicrobial resistance (AMR) in the genomic sequences of 107 Corynebacterium striatum isolates for which trustable antimicrobial susceptibility (AST) phenotypes could be retrieved. Then, the reliabilities of the AMR predictions were evaluated by different metrics: area under the ROC curve (AUC); Major Error Rates (MERs) and Very Major Error Rates (VMERs); Matthews Correlation Coefficient (MCC); F1-Score; and Accuracy. Out of 15 genes that were reliably detected in the C. striatum isolates, only tetW yielded predictive values for tetracycline resistance that were acceptable considering Food and Drug Administration (FDA)'s criteria for quality (MER < 3.0% and VMER with a 95% C.I. ≤1.5-≤7.5); this was accompanied by a MCC score higher than 0.9 for this gene. Noteworthy, our results indicate that other commonly used metrics (AUC, F1-score, and Accuracy) may render overoptimistic evaluations of AMR-prediction reliabilities on imbalanced datasets. Accordingly, out of 10 genes tested by PCR on additional multidrug-resistant Corynebacterium spp. isolates (n = 18), the tetW gene rendered the best agreement values with AST profiles (94.11%). Overall, our results indicate that genome-based AMR prediction can still be challenging for MDR clinical isolates of emerging Corynebacterium spp.",10.1016/j.jgar.2024.06.006,Exploração Mineral Sustentável,minerais críticos; metais prioritários para a transição energética
Anemia And Anti-Tuberculosis Treatment Outcome In Persons With Pulmonary Tuberculosis: A Multi-Center Prospective Cohort Study,"BACKGROUND: Tuberculosis (TB) remains a major plague of humanity. People with TB (PWTB) are commonly anemic. Here, we assessed whether the severity of anemia in PWTB prior to anti-TB treatment (ATT) was a risk factor for an unfavorable outcome. METHODS: Patients ≥ 18 years old with culture-confirmed drug-susceptible pulmonary TB enrolled between 2015 and 2019 in a multi-center Brazilian cohort were followed for up to 24 months and classified according to anemia severity (mild, moderate, and severe), based on hemoglobin levels. A multinomial logistic regression model was employed to assess whether anemia was associated with unfavorable outcome (death, failure, loss to follow-up, regimen modification or relapse), compared to treatment success (cure or treatment completion). RESULTS: Among 786 participants who met inclusion criteria, 441 (56 %) were anemic at baseline. Patients with moderate/severe anemia were more HIV-seropositive, as well as more symptomatic and had higher frequencies of unfavorable outcomes compared to the other groups. Moderate/severe anemia (adjusted OR [aOR]: 7.80, 95 %CI:1.34-45.4, p = 0.022) was associated with death independent of sex, age, BMI, HIV and glycemic status. CONCLUSION: Moderate/severe anemia prior to ATT was a significant risk factor for death. Such patients should be closely monitored given the high risk of unfavorable ATT outcomes.",10.1016/j.jiph.2023.04.009,Exploração Mineral Sustentável,
